year,month,time,index,error,SElo,SEup,metric,timeseries,lat,lon,depth,order
1980,1,1980-01,0.2009747329026735,nan,nan,nan,Habitat Area (fraction below monthly threshold),Monthly Habitat Compression Index over 43.5-48N,nan,nan,0.0,1.0
1980,2,1980-02,0.3816406592222702,nan,nan,nan,Habitat Area (fraction below monthly threshold),Monthly Habitat Compression Index over 43.5-48N,nan,nan,0.0,1.0
1980,3,1980-03,0.0990245341000681,nan,nan,nan,Habitat Area (fraction below monthly threshold),Monthly Habitat Compression Index over 43.5-48N,nan,nan,0.0,1.0
1980,4,1980-04,0.1430535900344061,nan,nan,nan,Habitat Area (fraction below monthly threshold),Monthly Habitat Compression Index over 43.5-48N,nan,nan,0.0,1.0
1980,5,1980-05,0.1351141700022289,nan,nan,nan,Habitat Area (fraction below monthly threshold),Monthly Habitat Compression Index over 43.5-48N,nan,nan,0.0,1.0
1980,6,1980-06,0.3263108140136332,nan,nan,nan,Habitat Area (fraction below monthly threshold),Monthly Habitat Compression Index over 43.5-48N,nan,nan,0.0,1.0
1980,7,1980-07,0.2130345844688945,nan,nan,nan,Habitat Area (fraction below monthly threshold),Monthly Habitat Compression Index over 43.5-48N,nan,nan,0.0,1.0
1980,8,1980-08,0.4861140416854019,nan,nan,nan,Habitat Area (fraction below monthly threshold),Monthly Habitat Compression Index over 43.5-48N,nan,nan,0.0,1.0
1980,9,1980-09,0.3971069604599926,nan,nan,nan,Habitat Area (fraction below monthly threshold),Monthly Habitat Compression Index over 43.5-48N,nan,nan,0.0,1.0
1980,10,1980-10,0.0809926371677711,nan,nan,nan,Habitat Area (fraction below monthly threshold),Monthly Habitat Compression Index over 43.5-48N,nan,nan,0.0,1.0
1980,11,1980-11,0.0042759945119297,nan,nan,nan,Habitat Area (fraction below monthly threshold),Monthly Habitat Compression Index over 43.5-48N,nan,nan,0.0,1.0
1980,12,1980-12,0.0021379972559648,nan,nan,nan,Habitat Area (fraction below monthly threshold),Monthly Habitat Compression Index over 43.5-48N,nan,nan,0.0,1.0
1981,1,1981-01,0.0032069958839473,nan,nan,nan,Habitat Area (fraction below monthly threshold),Monthly Habitat Compression Index over 43.5-48N,nan,nan,0.0,1.0
1981,2,1981-02,0.0042759945119297,nan,nan,nan,Habitat Area (fraction below monthly threshold),Monthly Habitat Compression Index over 43.5-48N,nan,nan,0.0,1.0
1981,3,1981-03,0.0053449931399122,nan,nan,nan,Habitat Area (fraction below monthly threshold),Monthly Habitat Compression Index over 43.5-48N,nan,nan,0.0,1.0
1981,4,1981-04,0.0332938494853932,nan,nan,nan,Habitat Area (fraction below monthly threshold),Monthly Habitat Compression Index over 43.5-48N,nan,nan,0.0,1.0
1981,5,1981-05,0.0708301624844432,nan,nan,nan,Habitat Area (fraction below monthly threshold),Monthly Habitat Compression Index over 43.5-48N,nan,nan,0.0,1.0
1981,6,1981-06,0.1361382938115181,nan,nan,nan,Habitat Area (fraction below monthly threshold),Monthly Habitat Compression Index over 43.5-48N,nan,nan,0.0,1.0
1981,7,1981-07,0.3312038054959927,nan,nan,nan,Habitat Area (fraction below monthly threshold),Monthly Habitat Compression Index over 43.5-48N,nan,nan,0.0,1.0
1981,8,1981-08,0.2700968285024821,nan,nan,nan,Habitat Area (fraction below monthly threshold),Monthly Habitat Compression Index over 43.5-48N,nan,nan,0.0,1.0
1981,9,1981-09,0.1392994010281202,nan,nan,nan,Habitat Area (fraction below monthly threshold),Monthly Habitat Compression Index over 43.5-48N,nan,nan,0.0,1.0
1981,10,1981-10,0.034014448472306,nan,nan,nan,Habitat Area (fraction below monthly threshold),Monthly Habitat Compression Index over 43.5-48N,nan,nan,0.0,1.0
1981,11,1981-11,0.1056642730915311,nan,nan,nan,Habitat Area (fraction below monthly threshold),Monthly Habitat Compression Index over 43.5-48N,nan,nan,0.0,1.0
1981,12,1981-12,0.0496887597821195,nan,nan,nan,Habitat Area (fraction below monthly threshold),Monthly Habitat Compression Index over 43.5-48N,nan,nan,0.0,1.0
1982,1,1982-01,0.5837296380987284,nan,nan,nan,Habitat Area (fraction below monthly threshold),Monthly Habitat Compression Index over 43.5-48N,nan,nan,0.0,1.0
1982,2,1982-02,0.6433088316630304,nan,nan,nan,Habitat Area (fraction below monthly threshold),Monthly Habitat Compression Index over 43.5-48N,nan,nan,0.0,1.0
1982,3,1982-03,0.537060619640897,nan,nan,nan,Habitat Area (fraction below monthly threshold),Monthly Habitat Compression Index over 43.5-48N,nan,nan,0.0,1.0
1982,4,1982-04,0.5911756145309198,nan,nan,nan,Habitat Area (fraction below monthly threshold),Monthly Habitat Compression Index over 43.5-48N,nan,nan,0.0,1.0
1982,5,1982-05,0.7253565268620369,nan,nan,nan,Habitat Area (fraction below monthly threshold),Monthly Habitat Compression Index over 43.5-48N,nan,nan,0.0,1.0
1982,6,1982-06,1.0,nan,nan,nan,Habitat Area (fraction below monthly threshold),Monthly Habitat Compression Index over 43.5-48N,nan,nan,0.0,1.0
1982,7,1982-07,0.1794755439036099,nan,nan,nan,Habitat Area (fraction below monthly threshold),Monthly Habitat Compression Index over 43.5-48N,nan,nan,0.0,1.0
1982,8,1982-08,0.1409967686533804,nan,nan,nan,Habitat Area (fraction below monthly threshold),Monthly Habitat Compression Index over 43.5-48N,nan,nan,0.0,1.0
1982,9,1982-09,0.1200735784394972,nan,nan,nan,Habitat Area (fraction below monthly threshold),Monthly Habitat Compression Index over 43.5-48N,nan,nan,0.0,1.0
1982,10,1982-10,0.241817951129331,nan,nan,nan,Habitat Area (fraction below monthly threshold),Monthly Habitat Compression Index over 43.5-48N,nan,nan,0.0,1.0
1982,11,1982-11,0.3010257952991514,nan,nan,nan,Habitat Area (fraction below monthly threshold),Monthly Habitat Compression Index over 43.5-48N,nan,nan,0.0,1.0
1982,12,1982-12,0.0348536121872025,nan,nan,nan,Habitat Area (fraction below monthly threshold),Monthly Habitat Compression Index over 43.5-48N,nan,nan,0.0,1.0
1983,1,1983-01,0.1255155427414277,nan,nan,nan,Habitat Area (fraction below monthly threshold),Monthly Habitat Compression Index over 43.5-48N,nan,nan,0.0,1.0
1983,2,1983-02,0.0929789337120754,nan,nan,nan,Habitat Area (fraction below monthly threshold),Monthly Habitat Compression Index over 43.5-48N,nan,nan,0.0,1.0
1983,3,1983-03,0.0118415761271343,nan,nan,nan,Habitat Area (fraction below monthly threshold),Monthly Habitat Compression Index over 43.5-48N,nan,nan,0.0,1.0
1983,4,1983-04,0.0,nan,nan,nan,Habitat Area (fraction below monthly threshold),Monthly Habitat Compression Index over 43.5-48N,nan,nan,0.0,1.0
1983,5,1983-05,0.0032069958839473,nan,nan,nan,Habitat Area (fraction below monthly threshold),Monthly Habitat Compression Index over 43.5-48N,nan,nan,0.0,1.0
1983,6,1983-06,0.0566214664314625,nan,nan,nan,Habitat Area (fraction below monthly threshold),Monthly Habitat Compression Index over 43.5-48N,nan,nan,0.0,1.0
1983,7,1983-07,0.0181729766757015,nan,nan,nan,Habitat Area (fraction below monthly threshold),Monthly Habitat Compression Index over 43.5-48N,nan,nan,0.0,1.0
1983,8,1983-08,0.052310559075914,nan,nan,nan,Habitat Area (fraction below monthly threshold),Monthly Habitat Compression Index over 43.5-48N,nan,nan,0.0,1.0
1983,9,1983-09,0.0901019475504861,nan,nan,nan,Habitat Area (fraction below monthly threshold),Monthly Habitat Compression Index over 43.5-48N,nan,nan,0.0,1.0
1983,10,1983-10,0.3423679555396094,nan,nan,nan,Habitat Area (fraction below monthly threshold),Monthly Habitat Compression Index over 43.5-48N,nan,nan,0.0,1.0
1983,11,1983-11,0.030193867952916,nan,nan,nan,Habitat Area (fraction below monthly threshold),Monthly Habitat Compression Index over 43.5-48N,nan,nan,0.0,1.0
1983,12,1983-12,0.251985130405217,nan,nan,nan,Habitat Area (fraction below monthly threshold),Monthly Habitat Compression Index over 43.5-48N,nan,nan,0.0,1.0
1984,1,1984-01,0.4382873307208871,nan,nan,nan,Habitat Area (fraction below monthly threshold),Monthly Habitat Compression Index over 43.5-48N,nan,nan,0.0,1.0
1984,2,1984-02,0.6169670305770973,nan,nan,nan,Habitat Area (fraction below monthly threshold),Monthly Habitat Compression Index over 43.5-48N,nan,nan,0.0,1.0
1984,3,1984-03,0.2316647048258726,nan,nan,nan,Habitat Area (fraction below monthly threshold),Monthly Habitat Compression Index over 43.5-48N,nan,nan,0.0,1.0
1984,4,1984-04,0.3584009011145839,nan,nan,nan,Habitat Area (fraction below monthly threshold),Monthly Habitat Compression Index over 43.5-48N,nan,nan,0.0,1.0
1984,5,1984-05,0.4690632958372829,nan,nan,nan,Habitat Area (fraction below monthly threshold),Monthly Habitat Compression Index over 43.5-48N,nan,nan,0.0,1.0
1984,6,1984-06,0.7263004503115748,nan,nan,nan,Habitat Area (fraction below monthly threshold),Monthly Habitat Compression Index over 43.5-48N,nan,nan,0.0,1.0
1984,7,1984-07,0.319014137141744,nan,nan,nan,Habitat Area (fraction below monthly threshold),Monthly Habitat Compression Index over 43.5-48N,nan,nan,0.0,1.0
1984,8,1984-08,0.0991461402295853,nan,nan,nan,Habitat Area (fraction below monthly threshold),Monthly Habitat Compression Index over 43.5-48N,nan,nan,0.0,1.0
1984,9,1984-09,0.0874789564096472,nan,nan,nan,Habitat Area (fraction below monthly threshold),Monthly Habitat Compression Index over 43.5-48N,nan,nan,0.0,1.0
1984,10,1984-10,0.0884525573301497,nan,nan,nan,Habitat Area (fraction below monthly threshold),Monthly Habitat Compression Index over 43.5-48N,nan,nan,0.0,1.0
1984,11,1984-11,0.5116126403520488,nan,nan,nan,Habitat Area (fraction below monthly threshold),Monthly Habitat Compression Index over 43.5-48N,nan,nan,0.0,1.0
1984,12,1984-12,0.3996365144476809,nan,nan,nan,Habitat Area (fraction below monthly threshold),Monthly Habitat Compression Index over 43.5-48N,nan,nan,0.0,1.0
1985,1,1985-01,0.5244435182104485,nan,nan,nan,Habitat Area (fraction below monthly threshold),Monthly Habitat Compression Index over 43.5-48N,nan,nan,0.0,1.0
1985,2,1985-02,0.942205501083497,nan,nan,nan,Habitat Area (fraction below monthly threshold),Monthly Habitat Compression Index over 43.5-48N,nan,nan,0.0,1.0
1985,3,1985-03,1.0,nan,nan,nan,Habitat Area (fraction below monthly threshold),Monthly Habitat Compression Index over 43.5-48N,nan,nan,0.0,1.0
1985,4,1985-04,1.0,nan,nan,nan,Habitat Area (fraction below monthly threshold),Monthly Habitat Compression Index over 43.5-48N,nan,nan,0.0,1.0
1985,5,1985-05,0.6471999770156206,nan,nan,nan,Habitat Area (fraction below monthly threshold),Monthly Habitat Compression Index over 43.5-48N,nan,nan,0.0,1.0
1985,6,1985-06,0.6072342988290512,nan,nan,nan,Habitat Area (fraction below monthly threshold),Monthly Habitat Compression Index over 43.5-48N,nan,nan,0.0,1.0
1985,7,1985-07,0.3421385388417519,nan,nan,nan,Habitat Area (fraction below monthly threshold),Monthly Habitat Compression Index over 43.5-48N,nan,nan,0.0,1.0
1985,8,1985-08,0.2015965918897146,nan,nan,nan,Habitat Area (fraction below monthly threshold),Monthly Habitat Compression Index over 43.5-48N,nan,nan,0.0,1.0
1985,9,1985-09,0.4457520073375971,nan,nan,nan,Habitat Area (fraction below monthly threshold),Monthly Habitat Compression Index over 43.5-48N,nan,nan,0.0,1.0
1985,10,1985-10,0.5944554097519854,nan,nan,nan,Habitat Area (fraction below monthly threshold),Monthly Habitat Compression Index over 43.5-48N,nan,nan,0.0,1.0
1985,11,1985-11,1.0,nan,nan,nan,Habitat Area (fraction below monthly threshold),Monthly Habitat Compression Index over 43.5-48N,nan,nan,0.0,1.0
1985,12,1985-12,0.9988411467058648,nan,nan,nan,Habitat Area (fraction below monthly threshold),Monthly Habitat Compression Index over 43.5-48N,nan,nan,0.0,1.0
1986,1,1986-01,0.8263658111518701,nan,nan,nan,Habitat Area (fraction below monthly threshold),Monthly Habitat Compression Index over 43.5-48N,nan,nan,0.0,1.0
1986,2,1986-02,0.5459327499731566,nan,nan,nan,Habitat Area (fraction below monthly threshold),Monthly Habitat Compression Index over 43.5-48N,nan,nan,0.0,1.0
1986,3,1986-03,0.2623290742234356,nan,nan,nan,Habitat Area (fraction below monthly threshold),Monthly Habitat Compression Index over 43.5-48N,nan,nan,0.0,1.0
1986,4,1986-04,0.4151138714790216,nan,nan,nan,Habitat Area (fraction below monthly threshold),Monthly Habitat Compression Index over 43.5-48N,nan,nan,0.0,1.0
1986,5,1986-05,0.5208146008009169,nan,nan,nan,Habitat Area (fraction below monthly threshold),Monthly Habitat Compression Index over 43.5-48N,nan,nan,0.0,1.0
1986,6,1986-06,0.2496428114380632,nan,nan,nan,Habitat Area (fraction below monthly threshold),Monthly Habitat Compression Index over 43.5-48N,nan,nan,0.0,1.0
1986,7,1986-07,0.2134699867668398,nan,nan,nan,Habitat Area (fraction below monthly threshold),Monthly Habitat Compression Index over 43.5-48N,nan,nan,0.0,1.0
1986,8,1986-08,0.6380355650404925,nan,nan,nan,Habitat Area (fraction below monthly threshold),Monthly Habitat Compression Index over 43.5-48N,nan,nan,0.0,1.0
1986,9,1986-09,0.528326817545689,nan,nan,nan,Habitat Area (fraction below monthly threshold),Monthly Habitat Compression Index over 43.5-48N,nan,nan,0.0,1.0
1986,10,1986-10,0.549700869608331,nan,nan,nan,Habitat Area (fraction below monthly threshold),Monthly Habitat Compression Index over 43.5-48N,nan,nan,0.0,1.0
1986,11,1986-11,0.3595038588307512,nan,nan,nan,Habitat Area (fraction below monthly threshold),Monthly Habitat Compression Index over 43.5-48N,nan,nan,0.0,1.0
1986,12,1986-12,0.0932813819377888,nan,nan,nan,Habitat Area (fraction below monthly threshold),Monthly Habitat Compression Index over 43.5-48N,nan,nan,0.0,1.0
1987,1,1987-01,0.1242715752245261,nan,nan,nan,Habitat Area (fraction below monthly threshold),Monthly Habitat Compression Index over 43.5-48N,nan,nan,0.0,1.0
1987,2,1987-02,0.2105837293447272,nan,nan,nan,Habitat Area (fraction below monthly threshold),Monthly Habitat Compression Index over 43.5-48N,nan,nan,0.0,1.0
1987,3,1987-03,0.1978265585926539,nan,nan,nan,Habitat Area (fraction below monthly threshold),Monthly Habitat Compression Index over 43.5-48N,nan,nan,0.0,1.0
1987,4,1987-04,0.0741530239946857,nan,nan,nan,Habitat Area (fraction below monthly threshold),Monthly Habitat Compression Index over 43.5-48N,nan,nan,0.0,1.0
1987,5,1987-05,0.1117289831264359,nan,nan,nan,Habitat Area (fraction below monthly threshold),Monthly Habitat Compression Index over 43.5-48N,nan,nan,0.0,1.0
1987,6,1987-06,0.8412844090780363,nan,nan,nan,Habitat Area (fraction below monthly threshold),Monthly Habitat Compression Index over 43.5-48N,nan,nan,0.0,1.0
1987,7,1987-07,0.3052590158405438,nan,nan,nan,Habitat Area (fraction below monthly threshold),Monthly Habitat Compression Index over 43.5-48N,nan,nan,0.0,1.0
1987,8,1987-08,0.5066457723018734,nan,nan,nan,Habitat Area (fraction below monthly threshold),Monthly Habitat Compression Index over 43.5-48N,nan,nan,0.0,1.0
1987,9,1987-09,0.4217505321992221,nan,nan,nan,Habitat Area (fraction below monthly threshold),Monthly Habitat Compression Index over 43.5-48N,nan,nan,0.0,1.0
1987,10,1987-10,0.2003013801318582,nan,nan,nan,Habitat Area (fraction below monthly threshold),Monthly Habitat Compression Index over 43.5-48N,nan,nan,0.0,1.0
1987,11,1987-11,0.0841562912963089,nan,nan,nan,Habitat Area (fraction below monthly threshold),Monthly Habitat Compression Index over 43.5-48N,nan,nan,0.0,1.0
1987,12,1987-12,0.0666117588289884,nan,nan,nan,Habitat Area (fraction below monthly threshold),Monthly Habitat Compression Index over 43.5-48N,nan,nan,0.0,1.0
1988,1,1988-01,0.4195506945847811,nan,nan,nan,Habitat Area (fraction below monthly threshold),Monthly Habitat Compression Index over 43.5-48N,nan,nan,0.0,1.0
1988,2,1988-02,0.7240032447680405,nan,nan,nan,Habitat Area (fraction below monthly threshold),Monthly Habitat Compression Index over 43.5-48N,nan,nan,0.0,1.0
1988,3,1988-03,0.6037971926029893,nan,nan,nan,Habitat Area (fraction below monthly threshold),Monthly Habitat Compression Index over 43.5-48N,nan,nan,0.0,1.0
1988,4,1988-04,0.4232658113604662,nan,nan,nan,Habitat Area (fraction below monthly threshold),Monthly Habitat Compression Index over 43.5-48N,nan,nan,0.0,1.0
1988,5,1988-05,0.7571662275820965,nan,nan,nan,Habitat Area (fraction below monthly threshold),Monthly Habitat Compression Index over 43.5-48N,nan,nan,0.0,1.0
1988,6,1988-06,0.7416769263154485,nan,nan,nan,Habitat Area (fraction below monthly threshold),Monthly Habitat Compression Index over 43.5-48N,nan,nan,0.0,1.0
1988,7,1988-07,0.2562500934097627,nan,nan,nan,Habitat Area (fraction below monthly threshold),Monthly Habitat Compression Index over 43.5-48N,nan,nan,0.0,1.0
1988,8,1988-08,0.5681882706523027,nan,nan,nan,Habitat Area (fraction below monthly threshold),Monthly Habitat Compression Index over 43.5-48N,nan,nan,0.0,1.0
1988,9,1988-09,0.6913661902760576,nan,nan,nan,Habitat Area (fraction below monthly threshold),Monthly Habitat Compression Index over 43.5-48N,nan,nan,0.0,1.0
1988,10,1988-10,0.3731711014670821,nan,nan,nan,Habitat Area (fraction below monthly threshold),Monthly Habitat Compression Index over 43.5-48N,nan,nan,0.0,1.0
1988,11,1988-11,0.264135192253713,nan,nan,nan,Habitat Area (fraction below monthly threshold),Monthly Habitat Compression Index over 43.5-48N,nan,nan,0.0,1.0
1988,12,1988-12,0.2560428101703312,nan,nan,nan,Habitat Area (fraction below monthly threshold),Monthly Habitat Compression Index over 43.5-48N,nan,nan,0.0,1.0
1989,1,1989-01,0.982959155528652,nan,nan,nan,Habitat Area (fraction below monthly threshold),Monthly Habitat Compression Index over 43.5-48N,nan,nan,0.0,1.0
1989,2,1989-02,1.0,nan,nan,nan,Habitat Area (fraction below monthly threshold),Monthly Habitat Compression Index over 43.5-48N,nan,nan,0.0,1.0
1989,3,1989-03,1.0,nan,nan,nan,Habitat Area (fraction below monthly threshold),Monthly Habitat Compression Index over 43.5-48N,nan,nan,0.0,1.0
1989,4,1989-04,0.6378318155675963,nan,nan,nan,Habitat Area (fraction below monthly threshold),Monthly Habitat Compression Index over 43.5-48N,nan,nan,0.0,1.0
1989,5,1989-05,0.0503153736852305,nan,nan,nan,Habitat Area (fraction below monthly threshold),Monthly Habitat Compression Index over 43.5-48N,nan,nan,0.0,1.0
1989,6,1989-06,0.2768793793875966,nan,nan,nan,Habitat Area (fraction below monthly threshold),Monthly Habitat Compression Index over 43.5-48N,nan,nan,0.0,1.0
1989,7,1989-07,0.0521284970702878,nan,nan,nan,Habitat Area (fraction below monthly threshold),Monthly Habitat Compression Index over 43.5-48N,nan,nan,0.0,1.0
1989,8,1989-08,0.1608401055587208,nan,nan,nan,Habitat Area (fraction below monthly threshold),Monthly Habitat Compression Index over 43.5-48N,nan,nan,0.0,1.0
1989,9,1989-09,0.420216950447256,nan,nan,nan,Habitat Area (fraction below monthly threshold),Monthly Habitat Compression Index over 43.5-48N,nan,nan,0.0,1.0
1989,10,1989-10,0.3946478660698608,nan,nan,nan,Habitat Area (fraction below monthly threshold),Monthly Habitat Compression Index over 43.5-48N,nan,nan,0.0,1.0
1989,11,1989-11,0.3737595895347834,nan,nan,nan,Habitat Area (fraction below monthly threshold),Monthly Habitat Compression Index over 43.5-48N,nan,nan,0.0,1.0
1989,12,1989-12,0.3838262244011947,nan,nan,nan,Habitat Area (fraction below monthly threshold),Monthly Habitat Compression Index over 43.5-48N,nan,nan,0.0,1.0
1990,1,1990-01,0.4418863869845787,nan,nan,nan,Habitat Area (fraction below monthly threshold),Monthly Habitat Compression Index over 43.5-48N,nan,nan,0.0,1.0
1990,2,1990-02,1.0,nan,nan,nan,Habitat Area (fraction below monthly threshold),Monthly Habitat Compression Index over 43.5-48N,nan,nan,0.0,1.0
1990,3,1990-03,0.8378299991152637,nan,nan,nan,Habitat Area (fraction below monthly threshold),Monthly Habitat Compression Index over 43.5-48N,nan,nan,0.0,1.0
1990,4,1990-04,0.5272008790277559,nan,nan,nan,Habitat Area (fraction below monthly threshold),Monthly Habitat Compression Index over 43.5-48N,nan,nan,0.0,1.0
1990,5,1990-05,0.5518840530568978,nan,nan,nan,Habitat Area (fraction below monthly threshold),Monthly Habitat Compression Index over 43.5-48N,nan,nan,0.0,1.0
1990,6,1990-06,0.4850562451335337,nan,nan,nan,Habitat Area (fraction below monthly threshold),Monthly Habitat Compression Index over 43.5-48N,nan,nan,0.0,1.0
1990,7,1990-07,0.164392666033685,nan,nan,nan,Habitat Area (fraction below monthly threshold),Monthly Habitat Compression Index over 43.5-48N,nan,nan,0.0,1.0
1990,8,1990-08,0.1957617831133461,nan,nan,nan,Habitat Area (fraction below monthly threshold),Monthly Habitat Compression Index over 43.5-48N,nan,nan,0.0,1.0
1990,9,1990-09,0.054529703184881,nan,nan,nan,Habitat Area (fraction below monthly threshold),Monthly Habitat Compression Index over 43.5-48N,nan,nan,0.0,1.0
1990,10,1990-10,0.2551318075284822,nan,nan,nan,Habitat Area (fraction below monthly threshold),Monthly Habitat Compression Index over 43.5-48N,nan,nan,0.0,1.0
1990,11,1990-11,0.1583421722330062,nan,nan,nan,Habitat Area (fraction below monthly threshold),Monthly Habitat Compression Index over 43.5-48N,nan,nan,0.0,1.0
1990,12,1990-12,0.5869925882345592,nan,nan,nan,Habitat Area (fraction below monthly threshold),Monthly Habitat Compression Index over 43.5-48N,nan,nan,0.0,1.0
1991,1,1991-01,0.9907541869613596,nan,nan,nan,Habitat Area (fraction below monthly threshold),Monthly Habitat Compression Index over 43.5-48N,nan,nan,0.0,1.0
1991,2,1991-02,0.9803341023716438,nan,nan,nan,Habitat Area (fraction below monthly threshold),Monthly Habitat Compression Index over 43.5-48N,nan,nan,0.0,1.0
1991,3,1991-03,0.919213594118074,nan,nan,nan,Habitat Area (fraction below monthly threshold),Monthly Habitat Compression Index over 43.5-48N,nan,nan,0.0,1.0
1991,4,1991-04,1.0,nan,nan,nan,Habitat Area (fraction below monthly threshold),Monthly Habitat Compression Index over 43.5-48N,nan,nan,0.0,1.0
1991,5,1991-05,0.9978046304243948,nan,nan,nan,Habitat Area (fraction below monthly threshold),Monthly Habitat Compression Index over 43.5-48N,nan,nan,0.0,1.0
1991,6,1991-06,1.0,nan,nan,nan,Habitat Area (fraction below monthly threshold),Monthly Habitat Compression Index over 43.5-48N,nan,nan,0.0,1.0
1991,7,1991-07,0.2982278323843614,nan,nan,nan,Habitat Area (fraction below monthly threshold),Monthly Habitat Compression Index over 43.5-48N,nan,nan,0.0,1.0
1991,8,1991-08,0.2133059068178366,nan,nan,nan,Habitat Area (fraction below monthly threshold),Monthly Habitat Compression Index over 43.5-48N,nan,nan,0.0,1.0
1991,9,1991-09,0.1426640143563039,nan,nan,nan,Habitat Area (fraction below monthly threshold),Monthly Habitat Compression Index over 43.5-48N,nan,nan,0.0,1.0
1991,10,1991-10,0.3397350819236891,nan,nan,nan,Habitat Area (fraction below monthly threshold),Monthly Habitat Compression Index over 43.5-48N,nan,nan,0.0,1.0
1991,11,1991-11,0.494258349667515,nan,nan,nan,Habitat Area (fraction below monthly threshold),Monthly Habitat Compression Index over 43.5-48N,nan,nan,0.0,1.0
1991,12,1991-12,0.2780967461871426,nan,nan,nan,Habitat Area (fraction below monthly threshold),Monthly Habitat Compression Index over 43.5-48N,nan,nan,0.0,1.0
1992,1,1992-01,0.2268102116791278,nan,nan,nan,Habitat Area (fraction below monthly threshold),Monthly Habitat Compression Index over 43.5-48N,nan,nan,0.0,1.0
1992,2,1992-02,0.0278766732480847,nan,nan,nan,Habitat Area (fraction below monthly threshold),Monthly Habitat Compression Index over 43.5-48N,nan,nan,0.0,1.0
1992,3,1992-03,0.0,nan,nan,nan,Habitat Area (fraction below monthly threshold),Monthly Habitat Compression Index over 43.5-48N,nan,nan,0.0,1.0
1992,4,1992-04,0.0,nan,nan,nan,Habitat Area (fraction below monthly threshold),Monthly Habitat Compression Index over 43.5-48N,nan,nan,0.0,1.0
1992,5,1992-05,0.0096251286541456,nan,nan,nan,Habitat Area (fraction below monthly threshold),Monthly Habitat Compression Index over 43.5-48N,nan,nan,0.0,1.0
1992,6,1992-06,0.1333088254628192,nan,nan,nan,Habitat Area (fraction below monthly threshold),Monthly Habitat Compression Index over 43.5-48N,nan,nan,0.0,1.0
1992,7,1992-07,0.0655056275369415,nan,nan,nan,Habitat Area (fraction below monthly threshold),Monthly Habitat Compression Index over 43.5-48N,nan,nan,0.0,1.0
1992,8,1992-08,0.2041066027764479,nan,nan,nan,Habitat Area (fraction below monthly threshold),Monthly Habitat Compression Index over 43.5-48N,nan,nan,0.0,1.0
1992,9,1992-09,0.4541152754615554,nan,nan,nan,Habitat Area (fraction below monthly threshold),Monthly Habitat Compression Index over 43.5-48N,nan,nan,0.0,1.0
1992,10,1992-10,0.2269280959868212,nan,nan,nan,Habitat Area (fraction below monthly threshold),Monthly Habitat Compression Index over 43.5-48N,nan,nan,0.0,1.0
1992,11,1992-11,0.147216202966719,nan,nan,nan,Habitat Area (fraction below monthly threshold),Monthly Habitat Compression Index over 43.5-48N,nan,nan,0.0,1.0
1992,12,1992-12,0.429301633321089,nan,nan,nan,Habitat Area (fraction below monthly threshold),Monthly Habitat Compression Index over 43.5-48N,nan,nan,0.0,1.0
1993,1,1993-01,0.7793010679298137,nan,nan,nan,Habitat Area (fraction below monthly threshold),Monthly Habitat Compression Index over 43.5-48N,nan,nan,0.0,1.0
1993,2,1993-02,0.6146293068588803,nan,nan,nan,Habitat Area (fraction below monthly threshold),Monthly Habitat Compression Index over 43.5-48N,nan,nan,0.0,1.0
1993,3,1993-03,0.533270371254977,nan,nan,nan,Habitat Area (fraction below monthly threshold),Monthly Habitat Compression Index over 43.5-48N,nan,nan,0.0,1.0
1993,4,1993-04,0.3744078988903274,nan,nan,nan,Habitat Area (fraction below monthly threshold),Monthly Habitat Compression Index over 43.5-48N,nan,nan,0.0,1.0
1993,5,1993-05,0.0862735756818444,nan,nan,nan,Habitat Area (fraction below monthly threshold),Monthly Habitat Compression Index over 43.5-48N,nan,nan,0.0,1.0
1993,6,1993-06,0.0299485255927229,nan,nan,nan,Habitat Area (fraction below monthly threshold),Monthly Habitat Compression Index over 43.5-48N,nan,nan,0.0,1.0
1993,7,1993-07,0.1012120781121668,nan,nan,nan,Habitat Area (fraction below monthly threshold),Monthly Habitat Compression Index over 43.5-48N,nan,nan,0.0,1.0
1993,8,1993-08,0.0936319010648983,nan,nan,nan,Habitat Area (fraction below monthly threshold),Monthly Habitat Compression Index over 43.5-48N,nan,nan,0.0,1.0
1993,9,1993-09,0.4957513831584954,nan,nan,nan,Habitat Area (fraction below monthly threshold),Monthly Habitat Compression Index over 43.5-48N,nan,nan,0.0,1.0
1993,10,1993-10,0.3356018441723548,nan,nan,nan,Habitat Area (fraction below monthly threshold),Monthly Habitat Compression Index over 43.5-48N,nan,nan,0.0,1.0
1993,11,1993-11,0.4114085951136662,nan,nan,nan,Habitat Area (fraction below monthly threshold),Monthly Habitat Compression Index over 43.5-48N,nan,nan,0.0,1.0
1993,12,1993-12,0.5382494356495536,nan,nan,nan,Habitat Area (fraction below monthly threshold),Monthly Habitat Compression Index over 43.5-48N,nan,nan,0.0,1.0
1994,1,1994-01,0.2165918700485067,nan,nan,nan,Habitat Area (fraction below monthly threshold),Monthly Habitat Compression Index over 43.5-48N,nan,nan,0.0,1.0
1994,2,1994-02,0.4755421477864304,nan,nan,nan,Habitat Area (fraction below monthly threshold),Monthly Habitat Compression Index over 43.5-48N,nan,nan,0.0,1.0
1994,3,1994-03,0.1248129589722445,nan,nan,nan,Habitat Area (fraction below monthly threshold),Monthly Habitat Compression Index over 43.5-48N,nan,nan,0.0,1.0
1994,4,1994-04,0.322410771719637,nan,nan,nan,Habitat Area (fraction below monthly threshold),Monthly Habitat Compression Index over 43.5-48N,nan,nan,0.0,1.0
1994,5,1994-05,0.0470939006128292,nan,nan,nan,Habitat Area (fraction below monthly threshold),Monthly Habitat Compression Index over 43.5-48N,nan,nan,0.0,1.0
1994,6,1994-06,0.0550447626502406,nan,nan,nan,Habitat Area (fraction below monthly threshold),Monthly Habitat Compression Index over 43.5-48N,nan,nan,0.0,1.0
1994,7,1994-07,0.3031349661822096,nan,nan,nan,Habitat Area (fraction below monthly threshold),Monthly Habitat Compression Index over 43.5-48N,nan,nan,0.0,1.0
1994,8,1994-08,0.0363832191094735,nan,nan,nan,Habitat Area (fraction below monthly threshold),Monthly Habitat Compression Index over 43.5-48N,nan,nan,0.0,1.0
1994,9,1994-09,0.0617839722141316,nan,nan,nan,Habitat Area (fraction below monthly threshold),Monthly Habitat Compression Index over 43.5-48N,nan,nan,0.0,1.0
1994,10,1994-10,0.2319766206543627,nan,nan,nan,Habitat Area (fraction below monthly threshold),Monthly Habitat Compression Index over 43.5-48N,nan,nan,0.0,1.0
1994,11,1994-11,0.664891746351323,nan,nan,nan,Habitat Area (fraction below monthly threshold),Monthly Habitat Compression Index over 43.5-48N,nan,nan,0.0,1.0
1994,12,1994-12,0.9252562185085328,nan,nan,nan,Habitat Area (fraction below monthly threshold),Monthly Habitat Compression Index over 43.5-48N,nan,nan,0.0,1.0
1995,1,1995-01,0.4823587454194888,nan,nan,nan,Habitat Area (fraction below monthly threshold),Monthly Habitat Compression Index over 43.5-48N,nan,nan,0.0,1.0
1995,2,1995-02,0.2607241254693672,nan,nan,nan,Habitat Area (fraction below monthly threshold),Monthly Habitat Compression Index over 43.5-48N,nan,nan,0.0,1.0
1995,3,1995-03,0.1327498561494354,nan,nan,nan,Habitat Area (fraction below monthly threshold),Monthly Habitat Compression Index over 43.5-48N,nan,nan,0.0,1.0
1995,4,1995-04,0.0701953234873089,nan,nan,nan,Habitat Area (fraction below monthly threshold),Monthly Habitat Compression Index over 43.5-48N,nan,nan,0.0,1.0
1995,5,1995-05,0.1186194351996554,nan,nan,nan,Habitat Area (fraction below monthly threshold),Monthly Habitat Compression Index over 43.5-48N,nan,nan,0.0,1.0
1995,6,1995-06,0.6250500334913947,nan,nan,nan,Habitat Area (fraction below monthly threshold),Monthly Habitat Compression Index over 43.5-48N,nan,nan,0.0,1.0
1995,7,1995-07,0.068947869801201,nan,nan,nan,Habitat Area (fraction below monthly threshold),Monthly Habitat Compression Index over 43.5-48N,nan,nan,0.0,1.0
1995,8,1995-08,0.154502809484836,nan,nan,nan,Habitat Area (fraction below monthly threshold),Monthly Habitat Compression Index over 43.5-48N,nan,nan,0.0,1.0
1995,9,1995-09,0.0409434450045882,nan,nan,nan,Habitat Area (fraction below monthly threshold),Monthly Habitat Compression Index over 43.5-48N,nan,nan,0.0,1.0
1995,10,1995-10,0.0181853996826124,nan,nan,nan,Habitat Area (fraction below monthly threshold),Monthly Habitat Compression Index over 43.5-48N,nan,nan,0.0,1.0
1995,11,1995-11,0.2038835776685781,nan,nan,nan,Habitat Area (fraction below monthly threshold),Monthly Habitat Compression Index over 43.5-48N,nan,nan,0.0,1.0
1995,12,1995-12,0.0064470381001894,nan,nan,nan,Habitat Area (fraction below monthly threshold),Monthly Habitat Compression Index over 43.5-48N,nan,nan,0.0,1.0
1996,1,1996-01,0.0463126217968459,nan,nan,nan,Habitat Area (fraction below monthly threshold),Monthly Habitat Compression Index over 43.5-48N,nan,nan,0.0,1.0
1996,2,1996-02,0.1751468385737318,nan,nan,nan,Habitat Area (fraction below monthly threshold),Monthly Habitat Compression Index over 43.5-48N,nan,nan,0.0,1.0
1996,3,1996-03,0.0268671485424375,nan,nan,nan,Habitat Area (fraction below monthly threshold),Monthly Habitat Compression Index over 43.5-48N,nan,nan,0.0,1.0
1996,4,1996-04,0.1576808329001415,nan,nan,nan,Habitat Area (fraction below monthly threshold),Monthly Habitat Compression Index over 43.5-48N,nan,nan,0.0,1.0
1996,5,1996-05,0.1160888650959764,nan,nan,nan,Habitat Area (fraction below monthly threshold),Monthly Habitat Compression Index over 43.5-48N,nan,nan,0.0,1.0
1996,6,1996-06,0.255457779002567,nan,nan,nan,Habitat Area (fraction below monthly threshold),Monthly Habitat Compression Index over 43.5-48N,nan,nan,0.0,1.0
1996,7,1996-07,0.2523817871836524,nan,nan,nan,Habitat Area (fraction below monthly threshold),Monthly Habitat Compression Index over 43.5-48N,nan,nan,0.0,1.0
1996,8,1996-08,0.3531460864020798,nan,nan,nan,Habitat Area (fraction below monthly threshold),Monthly Habitat Compression Index over 43.5-48N,nan,nan,0.0,1.0
1996,9,1996-09,0.1922654926572339,nan,nan,nan,Habitat Area (fraction below monthly threshold),Monthly Habitat Compression Index over 43.5-48N,nan,nan,0.0,1.0
1996,10,1996-10,0.2514526791394391,nan,nan,nan,Habitat Area (fraction below monthly threshold),Monthly Habitat Compression Index over 43.5-48N,nan,nan,0.0,1.0
1996,11,1996-11,0.4255946329357195,nan,nan,nan,Habitat Area (fraction below monthly threshold),Monthly Habitat Compression Index over 43.5-48N,nan,nan,0.0,1.0
1996,12,1996-12,0.5668190615171023,nan,nan,nan,Habitat Area (fraction below monthly threshold),Monthly Habitat Compression Index over 43.5-48N,nan,nan,0.0,1.0
1997,1,1997-01,0.3934099890053906,nan,nan,nan,Habitat Area (fraction below monthly threshold),Monthly Habitat Compression Index over 43.5-48N,nan,nan,0.0,1.0
1997,2,1997-02,0.4840940903824945,nan,nan,nan,Habitat Area (fraction below monthly threshold),Monthly Habitat Compression Index over 43.5-48N,nan,nan,0.0,1.0
1997,3,1997-03,0.5671796372367092,nan,nan,nan,Habitat Area (fraction below monthly threshold),Monthly Habitat Compression Index over 43.5-48N,nan,nan,0.0,1.0
1997,4,1997-04,0.2309887861338675,nan,nan,nan,Habitat Area (fraction below monthly threshold),Monthly Habitat Compression Index over 43.5-48N,nan,nan,0.0,1.0
1997,5,1997-05,0.0213799725596488,nan,nan,nan,Habitat Area (fraction below monthly threshold),Monthly Habitat Compression Index over 43.5-48N,nan,nan,0.0,1.0
1997,6,1997-06,0.0213799725596488,nan,nan,nan,Habitat Area (fraction below monthly threshold),Monthly Habitat Compression Index over 43.5-48N,nan,nan,0.0,1.0
1997,7,1997-07,0.0394041840455577,nan,nan,nan,Habitat Area (fraction below monthly threshold),Monthly Habitat Compression Index over 43.5-48N,nan,nan,0.0,1.0
1997,8,1997-08,0.0261726444743679,nan,nan,nan,Habitat Area (fraction below monthly threshold),Monthly Habitat Compression Index over 43.5-48N,nan,nan,0.0,1.0
1997,9,1997-09,0.0128279835357893,nan,nan,nan,Habitat Area (fraction below monthly threshold),Monthly Habitat Compression Index over 43.5-48N,nan,nan,0.0,1.0
1997,10,1997-10,0.0010689986279824,nan,nan,nan,Habitat Area (fraction below monthly threshold),Monthly Habitat Compression Index over 43.5-48N,nan,nan,0.0,1.0
1997,11,1997-11,0.0,nan,nan,nan,Habitat Area (fraction below monthly threshold),Monthly Habitat Compression Index over 43.5-48N,nan,nan,0.0,1.0
1997,12,1997-12,0.0021892867871089,nan,nan,nan,Habitat Area (fraction below monthly threshold),Monthly Habitat Compression Index over 43.5-48N,nan,nan,0.0,1.0
1998,1,1998-01,0.0,nan,nan,nan,Habitat Area (fraction below monthly threshold),Monthly Habitat Compression Index over 43.5-48N,nan,nan,0.0,1.0
1998,2,1998-02,0.0,nan,nan,nan,Habitat Area (fraction below monthly threshold),Monthly Habitat Compression Index over 43.5-48N,nan,nan,0.0,1.0
1998,3,1998-03,0.0,nan,nan,nan,Habitat Area (fraction below monthly threshold),Monthly Habitat Compression Index over 43.5-48N,nan,nan,0.0,1.0
1998,4,1998-04,0.0,nan,nan,nan,Habitat Area (fraction below monthly threshold),Monthly Habitat Compression Index over 43.5-48N,nan,nan,0.0,1.0
1998,5,1998-05,0.036381142082997,nan,nan,nan,Habitat Area (fraction below monthly threshold),Monthly Habitat Compression Index over 43.5-48N,nan,nan,0.0,1.0
1998,6,1998-06,0.237634882694695,nan,nan,nan,Habitat Area (fraction below monthly threshold),Monthly Habitat Compression Index over 43.5-48N,nan,nan,0.0,1.0
1998,7,1998-07,0.1246691637634066,nan,nan,nan,Habitat Area (fraction below monthly threshold),Monthly Habitat Compression Index over 43.5-48N,nan,nan,0.0,1.0
1998,8,1998-08,0.103688198317493,nan,nan,nan,Habitat Area (fraction below monthly threshold),Monthly Habitat Compression Index over 43.5-48N,nan,nan,0.0,1.0
1998,9,1998-09,0.1975053759913562,nan,nan,nan,Habitat Area (fraction below monthly threshold),Monthly Habitat Compression Index over 43.5-48N,nan,nan,0.0,1.0
1998,10,1998-10,0.0738556812544722,nan,nan,nan,Habitat Area (fraction below monthly threshold),Monthly Habitat Compression Index over 43.5-48N,nan,nan,0.0,1.0
1998,11,1998-11,0.0053491341422158,nan,nan,nan,Habitat Area (fraction below monthly threshold),Monthly Habitat Compression Index over 43.5-48N,nan,nan,0.0,1.0
1998,12,1998-12,0.243790464794416,nan,nan,nan,Habitat Area (fraction below monthly threshold),Monthly Habitat Compression Index over 43.5-48N,nan,nan,0.0,1.0
1999,1,1999-01,0.5719092774507499,nan,nan,nan,Habitat Area (fraction below monthly threshold),Monthly Habitat Compression Index over 43.5-48N,nan,nan,0.0,1.0
1999,2,1999-02,0.9988411467058648,nan,nan,nan,Habitat Area (fraction below monthly threshold),Monthly Habitat Compression Index over 43.5-48N,nan,nan,0.0,1.0
1999,3,1999-03,1.0,nan,nan,nan,Habitat Area (fraction below monthly threshold),Monthly Habitat Compression Index over 43.5-48N,nan,nan,0.0,1.0
1999,4,1999-04,1.0,nan,nan,nan,Habitat Area (fraction below monthly threshold),Monthly Habitat Compression Index over 43.5-48N,nan,nan,0.0,1.0
1999,5,1999-05,0.9677541104129213,nan,nan,nan,Habitat Area (fraction below monthly threshold),Monthly Habitat Compression Index over 43.5-48N,nan,nan,0.0,1.0
1999,6,1999-06,0.8838945274934806,nan,nan,nan,Habitat Area (fraction below monthly threshold),Monthly Habitat Compression Index over 43.5-48N,nan,nan,0.0,1.0
1999,7,1999-07,0.2968701255814115,nan,nan,nan,Habitat Area (fraction below monthly threshold),Monthly Habitat Compression Index over 43.5-48N,nan,nan,0.0,1.0
1999,8,1999-08,0.1095458597681034,nan,nan,nan,Habitat Area (fraction below monthly threshold),Monthly Habitat Compression Index over 43.5-48N,nan,nan,0.0,1.0
1999,9,1999-09,0.4275582866412228,nan,nan,nan,Habitat Area (fraction below monthly threshold),Monthly Habitat Compression Index over 43.5-48N,nan,nan,0.0,1.0
1999,10,1999-10,0.5002682445307848,nan,nan,nan,Habitat Area (fraction below monthly threshold),Monthly Habitat Compression Index over 43.5-48N,nan,nan,0.0,1.0
1999,11,1999-11,0.3801181791423241,nan,nan,nan,Habitat Area (fraction below monthly threshold),Monthly Habitat Compression Index over 43.5-48N,nan,nan,0.0,1.0
1999,12,1999-12,0.0801285614656349,nan,nan,nan,Habitat Area (fraction below monthly threshold),Monthly Habitat Compression Index over 43.5-48N,nan,nan,0.0,1.0
2000,1,2000-01,0.4130032189897082,nan,nan,nan,Habitat Area (fraction below monthly threshold),Monthly Habitat Compression Index over 43.5-48N,nan,nan,0.0,1.0
2000,2,2000-02,0.5630469278309687,nan,nan,nan,Habitat Area (fraction below monthly threshold),Monthly Habitat Compression Index over 43.5-48N,nan,nan,0.0,1.0
2000,3,2000-03,0.6169735369232028,nan,nan,nan,Habitat Area (fraction below monthly threshold),Monthly Habitat Compression Index over 43.5-48N,nan,nan,0.0,1.0
2000,4,2000-04,0.1821078290802215,nan,nan,nan,Habitat Area (fraction below monthly threshold),Monthly Habitat Compression Index over 43.5-48N,nan,nan,0.0,1.0
2000,5,2000-05,0.3503638499741568,nan,nan,nan,Habitat Area (fraction below monthly threshold),Monthly Habitat Compression Index over 43.5-48N,nan,nan,0.0,1.0
2000,6,2000-06,0.6805909256196107,nan,nan,nan,Habitat Area (fraction below monthly threshold),Monthly Habitat Compression Index over 43.5-48N,nan,nan,0.0,1.0
2000,7,2000-07,0.3111147092668114,nan,nan,nan,Habitat Area (fraction below monthly threshold),Monthly Habitat Compression Index over 43.5-48N,nan,nan,0.0,1.0
2000,8,2000-08,0.2387346826501833,nan,nan,nan,Habitat Area (fraction below monthly threshold),Monthly Habitat Compression Index over 43.5-48N,nan,nan,0.0,1.0
2000,9,2000-09,0.2692500092977222,nan,nan,nan,Habitat Area (fraction below monthly threshold),Monthly Habitat Compression Index over 43.5-48N,nan,nan,0.0,1.0
2000,10,2000-10,0.3798581462618293,nan,nan,nan,Habitat Area (fraction below monthly threshold),Monthly Habitat Compression Index over 43.5-48N,nan,nan,0.0,1.0
2000,11,2000-11,0.7420146763508764,nan,nan,nan,Habitat Area (fraction below monthly threshold),Monthly Habitat Compression Index over 43.5-48N,nan,nan,0.0,1.0
2000,12,2000-12,0.6687288158816088,nan,nan,nan,Habitat Area (fraction below monthly threshold),Monthly Habitat Compression Index over 43.5-48N,nan,nan,0.0,1.0
2001,1,2001-01,0.6774865219634015,nan,nan,nan,Habitat Area (fraction below monthly threshold),Monthly Habitat Compression Index over 43.5-48N,nan,nan,0.0,1.0
2001,2,2001-02,0.7240563875407237,nan,nan,nan,Habitat Area (fraction below monthly threshold),Monthly Habitat Compression Index over 43.5-48N,nan,nan,0.0,1.0
2001,3,2001-03,0.6663743140898175,nan,nan,nan,Habitat Area (fraction below monthly threshold),Monthly Habitat Compression Index over 43.5-48N,nan,nan,0.0,1.0
2001,4,2001-04,0.9364903225716869,nan,nan,nan,Habitat Area (fraction below monthly threshold),Monthly Habitat Compression Index over 43.5-48N,nan,nan,0.0,1.0
2001,5,2001-05,0.9898705302521832,nan,nan,nan,Habitat Area (fraction below monthly threshold),Monthly Habitat Compression Index over 43.5-48N,nan,nan,0.0,1.0
2001,6,2001-06,0.5664744015610477,nan,nan,nan,Habitat Area (fraction below monthly threshold),Monthly Habitat Compression Index over 43.5-48N,nan,nan,0.0,1.0
2001,7,2001-07,0.4161988187352026,nan,nan,nan,Habitat Area (fraction below monthly threshold),Monthly Habitat Compression Index over 43.5-48N,nan,nan,0.0,1.0
2001,8,2001-08,0.2854189087743807,nan,nan,nan,Habitat Area (fraction below monthly threshold),Monthly Habitat Compression Index over 43.5-48N,nan,nan,0.0,1.0
2001,9,2001-09,0.4213547328363418,nan,nan,nan,Habitat Area (fraction below monthly threshold),Monthly Habitat Compression Index over 43.5-48N,nan,nan,0.0,1.0
2001,10,2001-10,0.5630190138689846,nan,nan,nan,Habitat Area (fraction below monthly threshold),Monthly Habitat Compression Index over 43.5-48N,nan,nan,0.0,1.0
2001,11,2001-11,0.7406447640635041,nan,nan,nan,Habitat Area (fraction below monthly threshold),Monthly Habitat Compression Index over 43.5-48N,nan,nan,0.0,1.0
2001,12,2001-12,0.6446308396482647,nan,nan,nan,Habitat Area (fraction below monthly threshold),Monthly Habitat Compression Index over 43.5-48N,nan,nan,0.0,1.0
2002,1,2002-01,0.5153017985832314,nan,nan,nan,Habitat Area (fraction below monthly threshold),Monthly Habitat Compression Index over 43.5-48N,nan,nan,0.0,1.0
2002,2,2002-02,0.8721161747913474,nan,nan,nan,Habitat Area (fraction below monthly threshold),Monthly Habitat Compression Index over 43.5-48N,nan,nan,0.0,1.0
2002,3,2002-03,1.0,nan,nan,nan,Habitat Area (fraction below monthly threshold),Monthly Habitat Compression Index over 43.5-48N,nan,nan,0.0,1.0
2002,4,2002-04,0.950313674084724,nan,nan,nan,Habitat Area (fraction below monthly threshold),Monthly Habitat Compression Index over 43.5-48N,nan,nan,0.0,1.0
2002,5,2002-05,1.0,nan,nan,nan,Habitat Area (fraction below monthly threshold),Monthly Habitat Compression Index over 43.5-48N,nan,nan,0.0,1.0
2002,6,2002-06,0.5771970556077108,nan,nan,nan,Habitat Area (fraction below monthly threshold),Monthly Habitat Compression Index over 43.5-48N,nan,nan,0.0,1.0
2002,7,2002-07,0.2034226908470406,nan,nan,nan,Habitat Area (fraction below monthly threshold),Monthly Habitat Compression Index over 43.5-48N,nan,nan,0.0,1.0
2002,8,2002-08,0.5171434388739244,nan,nan,nan,Habitat Area (fraction below monthly threshold),Monthly Habitat Compression Index over 43.5-48N,nan,nan,0.0,1.0
2002,9,2002-09,0.4254771511100484,nan,nan,nan,Habitat Area (fraction below monthly threshold),Monthly Habitat Compression Index over 43.5-48N,nan,nan,0.0,1.0
2002,10,2002-10,0.6506979461826184,nan,nan,nan,Habitat Area (fraction below monthly threshold),Monthly Habitat Compression Index over 43.5-48N,nan,nan,0.0,1.0
2002,11,2002-11,0.3772679183579567,nan,nan,nan,Habitat Area (fraction below monthly threshold),Monthly Habitat Compression Index over 43.5-48N,nan,nan,0.0,1.0
2002,12,2002-12,0.0032069958839473,nan,nan,nan,Habitat Area (fraction below monthly threshold),Monthly Habitat Compression Index over 43.5-48N,nan,nan,0.0,1.0
2003,1,2003-01,0.0075568749575261,nan,nan,nan,Habitat Area (fraction below monthly threshold),Monthly Habitat Compression Index over 43.5-48N,nan,nan,0.0,1.0
2003,2,2003-02,0.0551722415385734,nan,nan,nan,Habitat Area (fraction below monthly threshold),Monthly Habitat Compression Index over 43.5-48N,nan,nan,0.0,1.0
2003,3,2003-03,0.0858898827457905,nan,nan,nan,Habitat Area (fraction below monthly threshold),Monthly Habitat Compression Index over 43.5-48N,nan,nan,0.0,1.0
2003,4,2003-04,0.216118609274262,nan,nan,nan,Habitat Area (fraction below monthly threshold),Monthly Habitat Compression Index over 43.5-48N,nan,nan,0.0,1.0
2003,5,2003-05,0.1365964082431411,nan,nan,nan,Habitat Area (fraction below monthly threshold),Monthly Habitat Compression Index over 43.5-48N,nan,nan,0.0,1.0
2003,6,2003-06,0.3132324390032456,nan,nan,nan,Habitat Area (fraction below monthly threshold),Monthly Habitat Compression Index over 43.5-48N,nan,nan,0.0,1.0
2003,7,2003-07,0.2630163734907185,nan,nan,nan,Habitat Area (fraction below monthly threshold),Monthly Habitat Compression Index over 43.5-48N,nan,nan,0.0,1.0
2003,8,2003-08,0.2153978822291701,nan,nan,nan,Habitat Area (fraction below monthly threshold),Monthly Habitat Compression Index over 43.5-48N,nan,nan,0.0,1.0
2003,9,2003-09,0.3660638265527543,nan,nan,nan,Habitat Area (fraction below monthly threshold),Monthly Habitat Compression Index over 43.5-48N,nan,nan,0.0,1.0
2003,10,2003-10,0.1611487769139712,nan,nan,nan,Habitat Area (fraction below monthly threshold),Monthly Habitat Compression Index over 43.5-48N,nan,nan,0.0,1.0
2003,11,2003-11,0.1980805761416036,nan,nan,nan,Habitat Area (fraction below monthly threshold),Monthly Habitat Compression Index over 43.5-48N,nan,nan,0.0,1.0
2003,12,2003-12,0.0940101143599344,nan,nan,nan,Habitat Area (fraction below monthly threshold),Monthly Habitat Compression Index over 43.5-48N,nan,nan,0.0,1.0
2004,1,2004-01,0.472399903337202,nan,nan,nan,Habitat Area (fraction below monthly threshold),Monthly Habitat Compression Index over 43.5-48N,nan,nan,0.0,1.0
2004,2,2004-02,0.3427850423373306,nan,nan,nan,Habitat Area (fraction below monthly threshold),Monthly Habitat Compression Index over 43.5-48N,nan,nan,0.0,1.0
2004,3,2004-03,0.3778778108112671,nan,nan,nan,Habitat Area (fraction below monthly threshold),Monthly Habitat Compression Index over 43.5-48N,nan,nan,0.0,1.0
2004,4,2004-04,0.0181750471768533,nan,nan,nan,Habitat Area (fraction below monthly threshold),Monthly Habitat Compression Index over 43.5-48N,nan,nan,0.0,1.0
2004,5,2004-05,0.0331617329801257,nan,nan,nan,Habitat Area (fraction below monthly threshold),Monthly Habitat Compression Index over 43.5-48N,nan,nan,0.0,1.0
2004,6,2004-06,0.094069239112899,nan,nan,nan,Habitat Area (fraction below monthly threshold),Monthly Habitat Compression Index over 43.5-48N,nan,nan,0.0,1.0
2004,7,2004-07,0.1324614066459599,nan,nan,nan,Habitat Area (fraction below monthly threshold),Monthly Habitat Compression Index over 43.5-48N,nan,nan,0.0,1.0
2004,8,2004-08,0.1064549869157008,nan,nan,nan,Habitat Area (fraction below monthly threshold),Monthly Habitat Compression Index over 43.5-48N,nan,nan,0.0,1.0
2004,9,2004-09,0.0691233656761566,nan,nan,nan,Habitat Area (fraction below monthly threshold),Monthly Habitat Compression Index over 43.5-48N,nan,nan,0.0,1.0
2004,10,2004-10,0.1057668473568806,nan,nan,nan,Habitat Area (fraction below monthly threshold),Monthly Habitat Compression Index over 43.5-48N,nan,nan,0.0,1.0
2004,11,2004-11,0.4199855071168808,nan,nan,nan,Habitat Area (fraction below monthly threshold),Monthly Habitat Compression Index over 43.5-48N,nan,nan,0.0,1.0
2004,12,2004-12,0.267219861398938,nan,nan,nan,Habitat Area (fraction below monthly threshold),Monthly Habitat Compression Index over 43.5-48N,nan,nan,0.0,1.0
2005,1,2005-01,0.4462434856438247,nan,nan,nan,Habitat Area (fraction below monthly threshold),Monthly Habitat Compression Index over 43.5-48N,nan,nan,0.0,1.0
2005,2,2005-02,0.4012057622686952,nan,nan,nan,Habitat Area (fraction below monthly threshold),Monthly Habitat Compression Index over 43.5-48N,nan,nan,0.0,1.0
2005,3,2005-03,0.0589107909992054,nan,nan,nan,Habitat Area (fraction below monthly threshold),Monthly Habitat Compression Index over 43.5-48N,nan,nan,0.0,1.0
2005,4,2005-04,0.1602804753880505,nan,nan,nan,Habitat Area (fraction below monthly threshold),Monthly Habitat Compression Index over 43.5-48N,nan,nan,0.0,1.0
2005,5,2005-05,0.0,nan,nan,nan,Habitat Area (fraction below monthly threshold),Monthly Habitat Compression Index over 43.5-48N,nan,nan,0.0,1.0
2005,6,2005-06,0.0513905838229656,nan,nan,nan,Habitat Area (fraction below monthly threshold),Monthly Habitat Compression Index over 43.5-48N,nan,nan,0.0,1.0
2005,7,2005-07,0.1204676478161789,nan,nan,nan,Habitat Area (fraction below monthly threshold),Monthly Habitat Compression Index over 43.5-48N,nan,nan,0.0,1.0
2005,8,2005-08,0.532546769839089,nan,nan,nan,Habitat Area (fraction below monthly threshold),Monthly Habitat Compression Index over 43.5-48N,nan,nan,0.0,1.0
2005,9,2005-09,0.4062092894333151,nan,nan,nan,Habitat Area (fraction below monthly threshold),Monthly Habitat Compression Index over 43.5-48N,nan,nan,0.0,1.0
2005,10,2005-10,0.2636993047797624,nan,nan,nan,Habitat Area (fraction below monthly threshold),Monthly Habitat Compression Index over 43.5-48N,nan,nan,0.0,1.0
2005,11,2005-11,0.1476068182379998,nan,nan,nan,Habitat Area (fraction below monthly threshold),Monthly Habitat Compression Index over 43.5-48N,nan,nan,0.0,1.0
2005,12,2005-12,0.2542591538302182,nan,nan,nan,Habitat Area (fraction below monthly threshold),Monthly Habitat Compression Index over 43.5-48N,nan,nan,0.0,1.0
2006,1,2006-01,0.056070317761855,nan,nan,nan,Habitat Area (fraction below monthly threshold),Monthly Habitat Compression Index over 43.5-48N,nan,nan,0.0,1.0
2006,2,2006-02,0.4464018501901011,nan,nan,nan,Habitat Area (fraction below monthly threshold),Monthly Habitat Compression Index over 43.5-48N,nan,nan,0.0,1.0
2006,3,2006-03,0.6017238934895726,nan,nan,nan,Habitat Area (fraction below monthly threshold),Monthly Habitat Compression Index over 43.5-48N,nan,nan,0.0,1.0
2006,4,2006-04,0.2754287053954327,nan,nan,nan,Habitat Area (fraction below monthly threshold),Monthly Habitat Compression Index over 43.5-48N,nan,nan,0.0,1.0
2006,5,2006-05,0.3268460764801931,nan,nan,nan,Habitat Area (fraction below monthly threshold),Monthly Habitat Compression Index over 43.5-48N,nan,nan,0.0,1.0
2006,6,2006-06,0.2245673550336894,nan,nan,nan,Habitat Area (fraction below monthly threshold),Monthly Habitat Compression Index over 43.5-48N,nan,nan,0.0,1.0
2006,7,2006-07,0.3250249715330975,nan,nan,nan,Habitat Area (fraction below monthly threshold),Monthly Habitat Compression Index over 43.5-48N,nan,nan,0.0,1.0
2006,8,2006-08,0.5851892562397267,nan,nan,nan,Habitat Area (fraction below monthly threshold),Monthly Habitat Compression Index over 43.5-48N,nan,nan,0.0,1.0
2006,9,2006-09,0.6086539653079122,nan,nan,nan,Habitat Area (fraction below monthly threshold),Monthly Habitat Compression Index over 43.5-48N,nan,nan,0.0,1.0
2006,10,2006-10,0.5422513283038585,nan,nan,nan,Habitat Area (fraction below monthly threshold),Monthly Habitat Compression Index over 43.5-48N,nan,nan,0.0,1.0
2006,11,2006-11,0.7343025171434567,nan,nan,nan,Habitat Area (fraction below monthly threshold),Monthly Habitat Compression Index over 43.5-48N,nan,nan,0.0,1.0
2006,12,2006-12,0.6366224198910798,nan,nan,nan,Habitat Area (fraction below monthly threshold),Monthly Habitat Compression Index over 43.5-48N,nan,nan,0.0,1.0
2007,1,2007-01,0.6143061176927505,nan,nan,nan,Habitat Area (fraction below monthly threshold),Monthly Habitat Compression Index over 43.5-48N,nan,nan,0.0,1.0
2007,2,2007-02,0.8579160483986441,nan,nan,nan,Habitat Area (fraction below monthly threshold),Monthly Habitat Compression Index over 43.5-48N,nan,nan,0.0,1.0
2007,3,2007-03,0.7584454247341186,nan,nan,nan,Habitat Area (fraction below monthly threshold),Monthly Habitat Compression Index over 43.5-48N,nan,nan,0.0,1.0
2007,4,2007-04,0.7947114450263575,nan,nan,nan,Habitat Area (fraction below monthly threshold),Monthly Habitat Compression Index over 43.5-48N,nan,nan,0.0,1.0
2007,5,2007-05,0.8261691268931398,nan,nan,nan,Habitat Area (fraction below monthly threshold),Monthly Habitat Compression Index over 43.5-48N,nan,nan,0.0,1.0
2007,6,2007-06,0.4691519852692575,nan,nan,nan,Habitat Area (fraction below monthly threshold),Monthly Habitat Compression Index over 43.5-48N,nan,nan,0.0,1.0
2007,7,2007-07,0.0402991114951769,nan,nan,nan,Habitat Area (fraction below monthly threshold),Monthly Habitat Compression Index over 43.5-48N,nan,nan,0.0,1.0
2007,8,2007-08,0.0920088983302267,nan,nan,nan,Habitat Area (fraction below monthly threshold),Monthly Habitat Compression Index over 43.5-48N,nan,nan,0.0,1.0
2007,9,2007-09,0.389328060085122,nan,nan,nan,Habitat Area (fraction below monthly threshold),Monthly Habitat Compression Index over 43.5-48N,nan,nan,0.0,1.0
2007,10,2007-10,0.6608406336119261,nan,nan,nan,Habitat Area (fraction below monthly threshold),Monthly Habitat Compression Index over 43.5-48N,nan,nan,0.0,1.0
2007,11,2007-11,0.8483408132918693,nan,nan,nan,Habitat Area (fraction below monthly threshold),Monthly Habitat Compression Index over 43.5-48N,nan,nan,0.0,1.0
2007,12,2007-12,0.9861009473350764,nan,nan,nan,Habitat Area (fraction below monthly threshold),Monthly Habitat Compression Index over 43.5-48N,nan,nan,0.0,1.0
2008,1,2008-01,1.0,nan,nan,nan,Habitat Area (fraction below monthly threshold),Monthly Habitat Compression Index over 43.5-48N,nan,nan,0.0,1.0
2008,2,2008-02,1.0,nan,nan,nan,Habitat Area (fraction below monthly threshold),Monthly Habitat Compression Index over 43.5-48N,nan,nan,0.0,1.0
2008,3,2008-03,1.0,nan,nan,nan,Habitat Area (fraction below monthly threshold),Monthly Habitat Compression Index over 43.5-48N,nan,nan,0.0,1.0
2008,4,2008-04,1.0,nan,nan,nan,Habitat Area (fraction below monthly threshold),Monthly Habitat Compression Index over 43.5-48N,nan,nan,0.0,1.0
2008,5,2008-05,1.0,nan,nan,nan,Habitat Area (fraction below monthly threshold),Monthly Habitat Compression Index over 43.5-48N,nan,nan,0.0,1.0
2008,6,2008-06,1.0,nan,nan,nan,Habitat Area (fraction below monthly threshold),Monthly Habitat Compression Index over 43.5-48N,nan,nan,0.0,1.0
2008,7,2008-07,0.6264480611933129,nan,nan,nan,Habitat Area (fraction below monthly threshold),Monthly Habitat Compression Index over 43.5-48N,nan,nan,0.0,1.0
2008,8,2008-08,0.4227965211488332,nan,nan,nan,Habitat Area (fraction below monthly threshold),Monthly Habitat Compression Index over 43.5-48N,nan,nan,0.0,1.0
2008,9,2008-09,0.5222703870826287,nan,nan,nan,Habitat Area (fraction below monthly threshold),Monthly Habitat Compression Index over 43.5-48N,nan,nan,0.0,1.0
2008,10,2008-10,0.5490011456869166,nan,nan,nan,Habitat Area (fraction below monthly threshold),Monthly Habitat Compression Index over 43.5-48N,nan,nan,0.0,1.0
2008,11,2008-11,0.4477025563689647,nan,nan,nan,Habitat Area (fraction below monthly threshold),Monthly Habitat Compression Index over 43.5-48N,nan,nan,0.0,1.0
2008,12,2008-12,0.5119054643644824,nan,nan,nan,Habitat Area (fraction below monthly threshold),Monthly Habitat Compression Index over 43.5-48N,nan,nan,0.0,1.0
2009,1,2009-01,0.9907349370109304,nan,nan,nan,Habitat Area (fraction below monthly threshold),Monthly Habitat Compression Index over 43.5-48N,nan,nan,0.0,1.0
2009,2,2009-02,1.0,nan,nan,nan,Habitat Area (fraction below monthly threshold),Monthly Habitat Compression Index over 43.5-48N,nan,nan,0.0,1.0
2009,3,2009-03,1.0,nan,nan,nan,Habitat Area (fraction below monthly threshold),Monthly Habitat Compression Index over 43.5-48N,nan,nan,0.0,1.0
2009,4,2009-04,1.0,nan,nan,nan,Habitat Area (fraction below monthly threshold),Monthly Habitat Compression Index over 43.5-48N,nan,nan,0.0,1.0
2009,5,2009-05,1.0,nan,nan,nan,Habitat Area (fraction below monthly threshold),Monthly Habitat Compression Index over 43.5-48N,nan,nan,0.0,1.0
2009,6,2009-06,0.3381517344183765,nan,nan,nan,Habitat Area (fraction below monthly threshold),Monthly Habitat Compression Index over 43.5-48N,nan,nan,0.0,1.0
2009,7,2009-07,0.4375532706412928,nan,nan,nan,Habitat Area (fraction below monthly threshold),Monthly Habitat Compression Index over 43.5-48N,nan,nan,0.0,1.0
2009,8,2009-08,0.2826956541144481,nan,nan,nan,Habitat Area (fraction below monthly threshold),Monthly Habitat Compression Index over 43.5-48N,nan,nan,0.0,1.0
2009,9,2009-09,0.164842067514903,nan,nan,nan,Habitat Area (fraction below monthly threshold),Monthly Habitat Compression Index over 43.5-48N,nan,nan,0.0,1.0
2009,10,2009-10,0.388914096349572,nan,nan,nan,Habitat Area (fraction below monthly threshold),Monthly Habitat Compression Index over 43.5-48N,nan,nan,0.0,1.0
2009,11,2009-11,0.5138873830122094,nan,nan,nan,Habitat Area (fraction below monthly threshold),Monthly Habitat Compression Index over 43.5-48N,nan,nan,0.0,1.0
2009,12,2009-12,0.7238605582555476,nan,nan,nan,Habitat Area (fraction below monthly threshold),Monthly Habitat Compression Index over 43.5-48N,nan,nan,0.0,1.0
2010,1,2010-01,0.5352449517224073,nan,nan,nan,Habitat Area (fraction below monthly threshold),Monthly Habitat Compression Index over 43.5-48N,nan,nan,0.0,1.0
2010,2,2010-02,0.1640016669479954,nan,nan,nan,Habitat Area (fraction below monthly threshold),Monthly Habitat Compression Index over 43.5-48N,nan,nan,0.0,1.0
2010,3,2010-03,0.2028867790658872,nan,nan,nan,Habitat Area (fraction below monthly threshold),Monthly Habitat Compression Index over 43.5-48N,nan,nan,0.0,1.0
2010,4,2010-04,0.4149662838903249,nan,nan,nan,Habitat Area (fraction below monthly threshold),Monthly Habitat Compression Index over 43.5-48N,nan,nan,0.0,1.0
2010,5,2010-05,0.855264698538533,nan,nan,nan,Habitat Area (fraction below monthly threshold),Monthly Habitat Compression Index over 43.5-48N,nan,nan,0.0,1.0
2010,6,2010-06,0.9562799375694868,nan,nan,nan,Habitat Area (fraction below monthly threshold),Monthly Habitat Compression Index over 43.5-48N,nan,nan,0.0,1.0
2010,7,2010-07,0.6073984831654721,nan,nan,nan,Habitat Area (fraction below monthly threshold),Monthly Habitat Compression Index over 43.5-48N,nan,nan,0.0,1.0
2010,8,2010-08,0.8488173084335585,nan,nan,nan,Habitat Area (fraction below monthly threshold),Monthly Habitat Compression Index over 43.5-48N,nan,nan,0.0,1.0
2010,9,2010-09,0.5619491168809254,nan,nan,nan,Habitat Area (fraction below monthly threshold),Monthly Habitat Compression Index over 43.5-48N,nan,nan,0.0,1.0
2010,10,2010-10,0.1075266096833315,nan,nan,nan,Habitat Area (fraction below monthly threshold),Monthly Habitat Compression Index over 43.5-48N,nan,nan,0.0,1.0
2010,11,2010-11,0.268764544460306,nan,nan,nan,Habitat Area (fraction below monthly threshold),Monthly Habitat Compression Index over 43.5-48N,nan,nan,0.0,1.0
2010,12,2010-12,0.2962547515422102,nan,nan,nan,Habitat Area (fraction below monthly threshold),Monthly Habitat Compression Index over 43.5-48N,nan,nan,0.0,1.0
2011,1,2011-01,0.5885760401834625,nan,nan,nan,Habitat Area (fraction below monthly threshold),Monthly Habitat Compression Index over 43.5-48N,nan,nan,0.0,1.0
2011,2,2011-02,0.7866288591656773,nan,nan,nan,Habitat Area (fraction below monthly threshold),Monthly Habitat Compression Index over 43.5-48N,nan,nan,0.0,1.0
2011,3,2011-03,0.8834257709133984,nan,nan,nan,Habitat Area (fraction below monthly threshold),Monthly Habitat Compression Index over 43.5-48N,nan,nan,0.0,1.0
2011,4,2011-04,1.0,nan,nan,nan,Habitat Area (fraction below monthly threshold),Monthly Habitat Compression Index over 43.5-48N,nan,nan,0.0,1.0
2011,5,2011-05,0.5916312133584034,nan,nan,nan,Habitat Area (fraction below monthly threshold),Monthly Habitat Compression Index over 43.5-48N,nan,nan,0.0,1.0
2011,6,2011-06,0.3703207100866221,nan,nan,nan,Habitat Area (fraction below monthly threshold),Monthly Habitat Compression Index over 43.5-48N,nan,nan,0.0,1.0
2011,7,2011-07,0.1822773640717717,nan,nan,nan,Habitat Area (fraction below monthly threshold),Monthly Habitat Compression Index over 43.5-48N,nan,nan,0.0,1.0
2011,8,2011-08,0.2756829695173775,nan,nan,nan,Habitat Area (fraction below monthly threshold),Monthly Habitat Compression Index over 43.5-48N,nan,nan,0.0,1.0
2011,9,2011-09,0.3576795138175221,nan,nan,nan,Habitat Area (fraction below monthly threshold),Monthly Habitat Compression Index over 43.5-48N,nan,nan,0.0,1.0
2011,10,2011-10,0.0075057495889383,nan,nan,nan,Habitat Area (fraction below monthly threshold),Monthly Habitat Compression Index over 43.5-48N,nan,nan,0.0,1.0
2011,11,2011-11,0.3883052857286883,nan,nan,nan,Habitat Area (fraction below monthly threshold),Monthly Habitat Compression Index over 43.5-48N,nan,nan,0.0,1.0
2011,12,2011-12,0.8688757394433331,nan,nan,nan,Habitat Area (fraction below monthly threshold),Monthly Habitat Compression Index over 43.5-48N,nan,nan,0.0,1.0
2012,1,2012-01,0.9595093690409076,nan,nan,nan,Habitat Area (fraction below monthly threshold),Monthly Habitat Compression Index over 43.5-48N,nan,nan,0.0,1.0
2012,2,2012-02,1.0,nan,nan,nan,Habitat Area (fraction below monthly threshold),Monthly Habitat Compression Index over 43.5-48N,nan,nan,0.0,1.0
2012,3,2012-03,1.0,nan,nan,nan,Habitat Area (fraction below monthly threshold),Monthly Habitat Compression Index over 43.5-48N,nan,nan,0.0,1.0
2012,4,2012-04,0.91451429208645,nan,nan,nan,Habitat Area (fraction below monthly threshold),Monthly Habitat Compression Index over 43.5-48N,nan,nan,0.0,1.0
2012,5,2012-05,0.9877168854658634,nan,nan,nan,Habitat Area (fraction below monthly threshold),Monthly Habitat Compression Index over 43.5-48N,nan,nan,0.0,1.0
2012,6,2012-06,0.4808471346712721,nan,nan,nan,Habitat Area (fraction below monthly threshold),Monthly Habitat Compression Index over 43.5-48N,nan,nan,0.0,1.0
2012,7,2012-07,0.1570487906228352,nan,nan,nan,Habitat Area (fraction below monthly threshold),Monthly Habitat Compression Index over 43.5-48N,nan,nan,0.0,1.0
2012,8,2012-08,0.2708239076424857,nan,nan,nan,Habitat Area (fraction below monthly threshold),Monthly Habitat Compression Index over 43.5-48N,nan,nan,0.0,1.0
2012,9,2012-09,0.4354525880155834,nan,nan,nan,Habitat Area (fraction below monthly threshold),Monthly Habitat Compression Index over 43.5-48N,nan,nan,0.0,1.0
2012,10,2012-10,0.546254517706724,nan,nan,nan,Habitat Area (fraction below monthly threshold),Monthly Habitat Compression Index over 43.5-48N,nan,nan,0.0,1.0
2012,11,2012-11,0.2082120658104087,nan,nan,nan,Habitat Area (fraction below monthly threshold),Monthly Habitat Compression Index over 43.5-48N,nan,nan,0.0,1.0
2012,12,2012-12,0.1502705052523283,nan,nan,nan,Habitat Area (fraction below monthly threshold),Monthly Habitat Compression Index over 43.5-48N,nan,nan,0.0,1.0
2013,1,2013-01,0.5873705366343245,nan,nan,nan,Habitat Area (fraction below monthly threshold),Monthly Habitat Compression Index over 43.5-48N,nan,nan,0.0,1.0
2013,2,2013-02,0.8815196333665732,nan,nan,nan,Habitat Area (fraction below monthly threshold),Monthly Habitat Compression Index over 43.5-48N,nan,nan,0.0,1.0
2013,3,2013-03,0.9780221837640798,nan,nan,nan,Habitat Area (fraction below monthly threshold),Monthly Habitat Compression Index over 43.5-48N,nan,nan,0.0,1.0
2013,4,2013-04,0.4960881911476808,nan,nan,nan,Habitat Area (fraction below monthly threshold),Monthly Habitat Compression Index over 43.5-48N,nan,nan,0.0,1.0
2013,5,2013-05,0.3634097160536768,nan,nan,nan,Habitat Area (fraction below monthly threshold),Monthly Habitat Compression Index over 43.5-48N,nan,nan,0.0,1.0
2013,6,2013-06,0.1282458023214097,nan,nan,nan,Habitat Area (fraction below monthly threshold),Monthly Habitat Compression Index over 43.5-48N,nan,nan,0.0,1.0
2013,7,2013-07,0.2307416598838391,nan,nan,nan,Habitat Area (fraction below monthly threshold),Monthly Habitat Compression Index over 43.5-48N,nan,nan,0.0,1.0
2013,8,2013-08,0.310373235715582,nan,nan,nan,Habitat Area (fraction below monthly threshold),Monthly Habitat Compression Index over 43.5-48N,nan,nan,0.0,1.0
2013,9,2013-09,0.0774720971965796,nan,nan,nan,Habitat Area (fraction below monthly threshold),Monthly Habitat Compression Index over 43.5-48N,nan,nan,0.0,1.0
2013,10,2013-10,0.033914979447318,nan,nan,nan,Habitat Area (fraction below monthly threshold),Monthly Habitat Compression Index over 43.5-48N,nan,nan,0.0,1.0
2013,11,2013-11,0.476377772686061,nan,nan,nan,Habitat Area (fraction below monthly threshold),Monthly Habitat Compression Index over 43.5-48N,nan,nan,0.0,1.0
2013,12,2013-12,0.7429148654331701,nan,nan,nan,Habitat Area (fraction below monthly threshold),Monthly Habitat Compression Index over 43.5-48N,nan,nan,0.0,1.0
2014,1,2014-01,0.7918859006663802,nan,nan,nan,Habitat Area (fraction below monthly threshold),Monthly Habitat Compression Index over 43.5-48N,nan,nan,0.0,1.0
2014,2,2014-02,0.8468733638749548,nan,nan,nan,Habitat Area (fraction below monthly threshold),Monthly Habitat Compression Index over 43.5-48N,nan,nan,0.0,1.0
2014,3,2014-03,0.4337694809639336,nan,nan,nan,Habitat Area (fraction below monthly threshold),Monthly Habitat Compression Index over 43.5-48N,nan,nan,0.0,1.0
2014,4,2014-04,0.1032120864850815,nan,nan,nan,Habitat Area (fraction below monthly threshold),Monthly Habitat Compression Index over 43.5-48N,nan,nan,0.0,1.0
2014,5,2014-05,0.0,nan,nan,nan,Habitat Area (fraction below monthly threshold),Monthly Habitat Compression Index over 43.5-48N,nan,nan,0.0,1.0
2014,6,2014-06,0.2789655846136878,nan,nan,nan,Habitat Area (fraction below monthly threshold),Monthly Habitat Compression Index over 43.5-48N,nan,nan,0.0,1.0
2014,7,2014-07,0.1391459677727093,nan,nan,nan,Habitat Area (fraction below monthly threshold),Monthly Habitat Compression Index over 43.5-48N,nan,nan,0.0,1.0
2014,8,2014-08,0.2420044824271031,nan,nan,nan,Habitat Area (fraction below monthly threshold),Monthly Habitat Compression Index over 43.5-48N,nan,nan,0.0,1.0
2014,9,2014-09,0.1621686596219708,nan,nan,nan,Habitat Area (fraction below monthly threshold),Monthly Habitat Compression Index over 43.5-48N,nan,nan,0.0,1.0
2014,10,2014-10,0.0,nan,nan,nan,Habitat Area (fraction below monthly threshold),Monthly Habitat Compression Index over 43.5-48N,nan,nan,0.0,1.0
2014,11,2014-11,0.0,nan,nan,nan,Habitat Area (fraction below monthly threshold),Monthly Habitat Compression Index over 43.5-48N,nan,nan,0.0,1.0
2014,12,2014-12,0.0,nan,nan,nan,Habitat Area (fraction below monthly threshold),Monthly Habitat Compression Index over 43.5-48N,nan,nan,0.0,1.0
2015,1,2015-01,0.0032930560352797,nan,nan,nan,Habitat Area (fraction below monthly threshold),Monthly Habitat Compression Index over 43.5-48N,nan,nan,0.0,1.0
2015,2,2015-02,0.0,nan,nan,nan,Habitat Area (fraction below monthly threshold),Monthly Habitat Compression Index over 43.5-48N,nan,nan,0.0,1.0
2015,3,2015-03,0.0,nan,nan,nan,Habitat Area (fraction below monthly threshold),Monthly Habitat Compression Index over 43.5-48N,nan,nan,0.0,1.0
2015,4,2015-04,0.0,nan,nan,nan,Habitat Area (fraction below monthly threshold),Monthly Habitat Compression Index over 43.5-48N,nan,nan,0.0,1.0
2015,5,2015-05,0.0993935518649897,nan,nan,nan,Habitat Area (fraction below monthly threshold),Monthly Habitat Compression Index over 43.5-48N,nan,nan,0.0,1.0
2015,6,2015-06,0.4024293577612187,nan,nan,nan,Habitat Area (fraction below monthly threshold),Monthly Habitat Compression Index over 43.5-48N,nan,nan,0.0,1.0
2015,7,2015-07,0.1568978848932246,nan,nan,nan,Habitat Area (fraction below monthly threshold),Monthly Habitat Compression Index over 43.5-48N,nan,nan,0.0,1.0
2015,8,2015-08,0.2052581824111066,nan,nan,nan,Habitat Area (fraction below monthly threshold),Monthly Habitat Compression Index over 43.5-48N,nan,nan,0.0,1.0
2015,9,2015-09,0.1219924354081618,nan,nan,nan,Habitat Area (fraction below monthly threshold),Monthly Habitat Compression Index over 43.5-48N,nan,nan,0.0,1.0
2015,10,2015-10,0.0137435786276236,nan,nan,nan,Habitat Area (fraction below monthly threshold),Monthly Habitat Compression Index over 43.5-48N,nan,nan,0.0,1.0
2015,11,2015-11,0.0,nan,nan,nan,Habitat Area (fraction below monthly threshold),Monthly Habitat Compression Index over 43.5-48N,nan,nan,0.0,1.0
2015,12,2015-12,0.0065187800361088,nan,nan,nan,Habitat Area (fraction below monthly threshold),Monthly Habitat Compression Index over 43.5-48N,nan,nan,0.0,1.0
2016,1,2016-01,0.0390814558086138,nan,nan,nan,Habitat Area (fraction below monthly threshold),Monthly Habitat Compression Index over 43.5-48N,nan,nan,0.0,1.0
2016,2,2016-02,0.0021892867871089,nan,nan,nan,Habitat Area (fraction below monthly threshold),Monthly Habitat Compression Index over 43.5-48N,nan,nan,0.0,1.0
2016,3,2016-03,0.0,nan,nan,nan,Habitat Area (fraction below monthly threshold),Monthly Habitat Compression Index over 43.5-48N,nan,nan,0.0,1.0
2016,4,2016-04,0.0,nan,nan,nan,Habitat Area (fraction below monthly threshold),Monthly Habitat Compression Index over 43.5-48N,nan,nan,0.0,1.0
2016,5,2016-05,0.0304496877875613,nan,nan,nan,Habitat Area (fraction below monthly threshold),Monthly Habitat Compression Index over 43.5-48N,nan,nan,0.0,1.0
2016,6,2016-06,0.1554963856209953,nan,nan,nan,Habitat Area (fraction below monthly threshold),Monthly Habitat Compression Index over 43.5-48N,nan,nan,0.0,1.0
2016,7,2016-07,0.108430987634791,nan,nan,nan,Habitat Area (fraction below monthly threshold),Monthly Habitat Compression Index over 43.5-48N,nan,nan,0.0,1.0
2016,8,2016-08,0.3454278598391957,nan,nan,nan,Habitat Area (fraction below monthly threshold),Monthly Habitat Compression Index over 43.5-48N,nan,nan,0.0,1.0
2016,9,2016-09,0.2450090620815178,nan,nan,nan,Habitat Area (fraction below monthly threshold),Monthly Habitat Compression Index over 43.5-48N,nan,nan,0.0,1.0
2016,10,2016-10,0.0942655789131887,nan,nan,nan,Habitat Area (fraction below monthly threshold),Monthly Habitat Compression Index over 43.5-48N,nan,nan,0.0,1.0
2016,11,2016-11,0.0,nan,nan,nan,Habitat Area (fraction below monthly threshold),Monthly Habitat Compression Index over 43.5-48N,nan,nan,0.0,1.0
2016,12,2016-12,0.0241053133581481,nan,nan,nan,Habitat Area (fraction below monthly threshold),Monthly Habitat Compression Index over 43.5-48N,nan,nan,0.0,1.0
2017,1,2017-01,0.2829184035360092,nan,nan,nan,Habitat Area (fraction below monthly threshold),Monthly Habitat Compression Index over 43.5-48N,nan,nan,0.0,1.0
2017,2,2017-02,0.3533961736327672,nan,nan,nan,Habitat Area (fraction below monthly threshold),Monthly Habitat Compression Index over 43.5-48N,nan,nan,0.0,1.0
2017,3,2017-03,0.3688464375564534,nan,nan,nan,Habitat Area (fraction below monthly threshold),Monthly Habitat Compression Index over 43.5-48N,nan,nan,0.0,1.0
2017,4,2017-04,0.1037766304180414,nan,nan,nan,Habitat Area (fraction below monthly threshold),Monthly Habitat Compression Index over 43.5-48N,nan,nan,0.0,1.0
2017,5,2017-05,0.1245900046250718,nan,nan,nan,Habitat Area (fraction below monthly threshold),Monthly Habitat Compression Index over 43.5-48N,nan,nan,0.0,1.0
2017,6,2017-06,0.157587111737696,nan,nan,nan,Habitat Area (fraction below monthly threshold),Monthly Habitat Compression Index over 43.5-48N,nan,nan,0.0,1.0
2017,7,2017-07,0.2439859699453765,nan,nan,nan,Habitat Area (fraction below monthly threshold),Monthly Habitat Compression Index over 43.5-48N,nan,nan,0.0,1.0
2017,8,2017-08,0.3180890994255307,nan,nan,nan,Habitat Area (fraction below monthly threshold),Monthly Habitat Compression Index over 43.5-48N,nan,nan,0.0,1.0
2017,9,2017-09,0.3478736793625828,nan,nan,nan,Habitat Area (fraction below monthly threshold),Monthly Habitat Compression Index over 43.5-48N,nan,nan,0.0,1.0
2017,10,2017-10,0.1833159264270148,nan,nan,nan,Habitat Area (fraction below monthly threshold),Monthly Habitat Compression Index over 43.5-48N,nan,nan,0.0,1.0
2017,11,2017-11,0.2342510372994121,nan,nan,nan,Habitat Area (fraction below monthly threshold),Monthly Habitat Compression Index over 43.5-48N,nan,nan,0.0,1.0
2017,12,2017-12,0.0633145760872319,nan,nan,nan,Habitat Area (fraction below monthly threshold),Monthly Habitat Compression Index over 43.5-48N,nan,nan,0.0,1.0
2018,1,2018-01,0.047642225814446,nan,nan,nan,Habitat Area (fraction below monthly threshold),Monthly Habitat Compression Index over 43.5-48N,nan,nan,0.0,1.0
2018,2,2018-02,0.3203381465641423,nan,nan,nan,Habitat Area (fraction below monthly threshold),Monthly Habitat Compression Index over 43.5-48N,nan,nan,0.0,1.0
2018,3,2018-03,0.5025814829590017,nan,nan,nan,Habitat Area (fraction below monthly threshold),Monthly Habitat Compression Index over 43.5-48N,nan,nan,0.0,1.0
2018,4,2018-04,0.2444623825802659,nan,nan,nan,Habitat Area (fraction below monthly threshold),Monthly Habitat Compression Index over 43.5-48N,nan,nan,0.0,1.0
2018,5,2018-05,0.0522246725752079,nan,nan,nan,Habitat Area (fraction below monthly threshold),Monthly Habitat Compression Index over 43.5-48N,nan,nan,0.0,1.0
2018,6,2018-06,0.1311690394311888,nan,nan,nan,Habitat Area (fraction below monthly threshold),Monthly Habitat Compression Index over 43.5-48N,nan,nan,0.0,1.0
2018,7,2018-07,0.238916734135609,nan,nan,nan,Habitat Area (fraction below monthly threshold),Monthly Habitat Compression Index over 43.5-48N,nan,nan,0.0,1.0
2018,8,2018-08,0.2361780526506519,nan,nan,nan,Habitat Area (fraction below monthly threshold),Monthly Habitat Compression Index over 43.5-48N,nan,nan,0.0,1.0
2018,9,2018-09,0.2706021692605098,nan,nan,nan,Habitat Area (fraction below monthly threshold),Monthly Habitat Compression Index over 43.5-48N,nan,nan,0.0,1.0
2018,10,2018-10,0.1393987390624534,nan,nan,nan,Habitat Area (fraction below monthly threshold),Monthly Habitat Compression Index over 43.5-48N,nan,nan,0.0,1.0
2018,11,2018-11,0.0538333612965269,nan,nan,nan,Habitat Area (fraction below monthly threshold),Monthly Habitat Compression Index over 43.5-48N,nan,nan,0.0,1.0
2018,12,2018-12,0.0368820377302128,nan,nan,nan,Habitat Area (fraction below monthly threshold),Monthly Habitat Compression Index over 43.5-48N,nan,nan,0.0,1.0
2019,1,2019-01,0.029277999262421,nan,nan,nan,Habitat Area (fraction below monthly threshold),Monthly Habitat Compression Index over 43.5-48N,nan,nan,0.0,1.0
2019,2,2019-02,0.300605866035909,nan,nan,nan,Habitat Area (fraction below monthly threshold),Monthly Habitat Compression Index over 43.5-48N,nan,nan,0.0,1.0
2019,3,2019-03,0.389133889210183,nan,nan,nan,Habitat Area (fraction below monthly threshold),Monthly Habitat Compression Index over 43.5-48N,nan,nan,0.0,1.0
2019,4,2019-04,0.0785670482430179,nan,nan,nan,Habitat Area (fraction below monthly threshold),Monthly Habitat Compression Index over 43.5-48N,nan,nan,0.0,1.0
2019,5,2019-05,0.0863185289059092,nan,nan,nan,Habitat Area (fraction below monthly threshold),Monthly Habitat Compression Index over 43.5-48N,nan,nan,0.0,1.0
2019,6,2019-06,0.5139769602250888,nan,nan,nan,Habitat Area (fraction below monthly threshold),Monthly Habitat Compression Index over 43.5-48N,nan,nan,0.0,1.0
2019,7,2019-07,0.0820143607084008,nan,nan,nan,Habitat Area (fraction below monthly threshold),Monthly Habitat Compression Index over 43.5-48N,nan,nan,0.0,1.0
2019,8,2019-08,0.1130623900513538,nan,nan,nan,Habitat Area (fraction below monthly threshold),Monthly Habitat Compression Index over 43.5-48N,nan,nan,0.0,1.0
2019,9,2019-09,0.0247557320371909,nan,nan,nan,Habitat Area (fraction below monthly threshold),Monthly Habitat Compression Index over 43.5-48N,nan,nan,0.0,1.0
2019,10,2019-10,0.1204060342127025,nan,nan,nan,Habitat Area (fraction below monthly threshold),Monthly Habitat Compression Index over 43.5-48N,nan,nan,0.0,1.0
2019,11,2019-11,0.4506927477975818,nan,nan,nan,Habitat Area (fraction below monthly threshold),Monthly Habitat Compression Index over 43.5-48N,nan,nan,0.0,1.0
2019,12,2019-12,0.287026715159331,nan,nan,nan,Habitat Area (fraction below monthly threshold),Monthly Habitat Compression Index over 43.5-48N,nan,nan,0.0,1.0
2020,1,2020-01,0.2930068135634115,nan,nan,nan,Habitat Area (fraction below monthly threshold),Monthly Habitat Compression Index over 43.5-48N,nan,nan,0.0,1.0
2020,2,2020-02,0.5981327664385924,nan,nan,nan,Habitat Area (fraction below monthly threshold),Monthly Habitat Compression Index over 43.5-48N,nan,nan,0.0,1.0
2020,3,2020-03,0.7475276032580662,nan,nan,nan,Habitat Area (fraction below monthly threshold),Monthly Habitat Compression Index over 43.5-48N,nan,nan,0.0,1.0
2020,4,2020-04,0.3880159278333588,nan,nan,nan,Habitat Area (fraction below monthly threshold),Monthly Habitat Compression Index over 43.5-48N,nan,nan,0.0,1.0
2020,5,2020-05,0.0343588674971955,nan,nan,nan,Habitat Area (fraction below monthly threshold),Monthly Habitat Compression Index over 43.5-48N,nan,nan,0.0,1.0
2020,6,2020-06,0.1826251487614821,nan,nan,nan,Habitat Area (fraction below monthly threshold),Monthly Habitat Compression Index over 43.5-48N,nan,nan,0.0,1.0
2020,7,2020-07,0.2687538681986854,nan,nan,nan,Habitat Area (fraction below monthly threshold),Monthly Habitat Compression Index over 43.5-48N,nan,nan,0.0,1.0
2020,8,2020-08,0.3020032741908598,nan,nan,nan,Habitat Area (fraction below monthly threshold),Monthly Habitat Compression Index over 43.5-48N,nan,nan,0.0,1.0
2020,9,2020-09,0.3731323617576184,nan,nan,nan,Habitat Area (fraction below monthly threshold),Monthly Habitat Compression Index over 43.5-48N,nan,nan,0.0,1.0
2020,10,2020-10,0.0272448402807752,nan,nan,nan,Habitat Area (fraction below monthly threshold),Monthly Habitat Compression Index over 43.5-48N,nan,nan,0.0,1.0
2020,11,2020-11,0.3907702212947886,nan,nan,nan,Habitat Area (fraction below monthly threshold),Monthly Habitat Compression Index over 43.5-48N,nan,nan,0.0,1.0
2020,12,2020-12,0.3278862125861098,nan,nan,nan,Habitat Area (fraction below monthly threshold),Monthly Habitat Compression Index over 43.5-48N,nan,nan,0.0,1.0
2021,1,2021-01,0.2897769931535787,nan,nan,nan,Habitat Area (fraction below monthly threshold),Monthly Habitat Compression Index over 43.5-48N,nan,nan,0.0,1.0
2021,2,2021-02,0.6897166866452377,nan,nan,nan,Habitat Area (fraction below monthly threshold),Monthly Habitat Compression Index over 43.5-48N,nan,nan,0.0,1.0
2021,3,2021-03,0.844688589429528,nan,nan,nan,Habitat Area (fraction below monthly threshold),Monthly Habitat Compression Index over 43.5-48N,nan,nan,0.0,1.0
2021,4,2021-04,0.6322263037263595,nan,nan,nan,Habitat Area (fraction below monthly threshold),Monthly Habitat Compression Index over 43.5-48N,nan,nan,0.0,1.0
2021,5,2021-05,0.5145035523919391,nan,nan,nan,Habitat Area (fraction below monthly threshold),Monthly Habitat Compression Index over 43.5-48N,nan,nan,0.0,1.0
2021,6,2021-06,0.2240647740693702,nan,nan,nan,Habitat Area (fraction below monthly threshold),Monthly Habitat Compression Index over 43.5-48N,nan,nan,0.0,1.0
2021,7,2021-07,0.2878882611480278,nan,nan,nan,Habitat Area (fraction below monthly threshold),Monthly Habitat Compression Index over 43.5-48N,nan,nan,0.0,1.0
2021,8,2021-08,0.3341209513843484,nan,nan,nan,Habitat Area (fraction below monthly threshold),Monthly Habitat Compression Index over 43.5-48N,nan,nan,0.0,1.0
2021,9,2021-09,0.3498207158964285,nan,nan,nan,Habitat Area (fraction below monthly threshold),Monthly Habitat Compression Index over 43.5-48N,nan,nan,0.0,1.0
2021,10,2021-10,0.1393988487792277,nan,nan,nan,Habitat Area (fraction below monthly threshold),Monthly Habitat Compression Index over 43.5-48N,nan,nan,0.0,1.0
2021,11,2021-11,0.1439774176385994,nan,nan,nan,Habitat Area (fraction below monthly threshold),Monthly Habitat Compression Index over 43.5-48N,nan,nan,0.0,1.0
2021,12,2021-12,0.1688280630634216,nan,nan,nan,Habitat Area (fraction below monthly threshold),Monthly Habitat Compression Index over 43.5-48N,nan,nan,0.0,1.0
2022,1,2022-01,0.5719992144409436,nan,nan,nan,Habitat Area (fraction below monthly threshold),Monthly Habitat Compression Index over 43.5-48N,nan,nan,0.0,1.0
2022,2,2022-02,0.7364313936729684,nan,nan,nan,Habitat Area (fraction below monthly threshold),Monthly Habitat Compression Index over 43.5-48N,nan,nan,0.0,1.0
2022,3,2022-03,0.7126969777011466,nan,nan,nan,Habitat Area (fraction below monthly threshold),Monthly Habitat Compression Index over 43.5-48N,nan,nan,0.0,1.0
2022,4,2022-04,0.7109932546804532,nan,nan,nan,Habitat Area (fraction below monthly threshold),Monthly Habitat Compression Index over 43.5-48N,nan,nan,0.0,1.0
2022,5,2022-05,0.9121005352902324,nan,nan,nan,Habitat Area (fraction below monthly threshold),Monthly Habitat Compression Index over 43.5-48N,nan,nan,0.0,1.0
2022,6,2022-06,0.6633504835927472,nan,nan,nan,Habitat Area (fraction below monthly threshold),Monthly Habitat Compression Index over 43.5-48N,nan,nan,0.0,1.0
2022,7,2022-07,0.2187121163195947,nan,nan,nan,Habitat Area (fraction below monthly threshold),Monthly Habitat Compression Index over 43.5-48N,nan,nan,0.0,1.0
2022,8,2022-08,0.2452289152892193,nan,nan,nan,Habitat Area (fraction below monthly threshold),Monthly Habitat Compression Index over 43.5-48N,nan,nan,0.0,1.0
2022,9,2022-09,0.336616082534183,nan,nan,nan,Habitat Area (fraction below monthly threshold),Monthly Habitat Compression Index over 43.5-48N,nan,nan,0.0,1.0
2022,10,2022-10,0.2670911628429643,nan,nan,nan,Habitat Area (fraction below monthly threshold),Monthly Habitat Compression Index over 43.5-48N,nan,nan,0.0,1.0
2022,11,2022-11,0.4862514519430626,nan,nan,nan,Habitat Area (fraction below monthly threshold),Monthly Habitat Compression Index over 43.5-48N,nan,nan,0.0,1.0
2022,12,2022-12,0.7101485145784622,nan,nan,nan,Habitat Area (fraction below monthly threshold),Monthly Habitat Compression Index over 43.5-48N,nan,nan,0.0,1.0
2023,1,2023-01,0.4076783742826346,nan,nan,nan,Habitat Area (fraction below monthly threshold),Monthly Habitat Compression Index over 43.5-48N,nan,nan,0.0,1.0
2023,2,2023-02,0.5943937514054203,nan,nan,nan,Habitat Area (fraction below monthly threshold),Monthly Habitat Compression Index over 43.5-48N,nan,nan,0.0,1.0
2023,3,2023-03,0.9735978459575158,nan,nan,nan,Habitat Area (fraction below monthly threshold),Monthly Habitat Compression Index over 43.5-48N,nan,nan,0.0,1.0
2023,4,2023-04,1.0,nan,nan,nan,Habitat Area (fraction below monthly threshold),Monthly Habitat Compression Index over 43.5-48N,nan,nan,0.0,1.0
2023,5,2023-05,0.1220990037118043,nan,nan,nan,Habitat Area (fraction below monthly threshold),Monthly Habitat Compression Index over 43.5-48N,nan,nan,0.0,1.0
2023,6,2023-06,0.6123820583948263,nan,nan,nan,Habitat Area (fraction below monthly threshold),Monthly Habitat Compression Index over 43.5-48N,nan,nan,0.0,1.0
2023,7,2023-07,0.2630241212873684,nan,nan,nan,Habitat Area (fraction below monthly threshold),Monthly Habitat Compression Index over 43.5-48N,nan,nan,0.0,1.0
2023,8,2023-08,0.1923055893388212,nan,nan,nan,Habitat Area (fraction below monthly threshold),Monthly Habitat Compression Index over 43.5-48N,nan,nan,0.0,1.0
2023,9,2023-09,0.1968240029336934,nan,nan,nan,Habitat Area (fraction below monthly threshold),Monthly Habitat Compression Index over 43.5-48N,nan,nan,0.0,1.0
2023,10,2023-10,0.0137997473891684,nan,nan,nan,Habitat Area (fraction below monthly threshold),Monthly Habitat Compression Index over 43.5-48N,nan,nan,0.0,1.0
2023,11,2023-11,0.0,nan,nan,nan,Habitat Area (fraction below monthly threshold),Monthly Habitat Compression Index over 43.5-48N,nan,nan,0.0,1.0
2023,12,2023-12,0.0097177732561659,nan,nan,nan,Habitat Area (fraction below monthly threshold),Monthly Habitat Compression Index over 43.5-48N,nan,nan,0.0,1.0
2024,1,2024-01,0.0130431196328146,nan,nan,nan,Habitat Area (fraction below monthly threshold),Monthly Habitat Compression Index over 43.5-48N,nan,nan,0.0,1.0
2024,2,2024-02,0.0,nan,nan,nan,Habitat Area (fraction below monthly threshold),Monthly Habitat Compression Index over 43.5-48N,nan,nan,0.0,1.0
2024,3,2024-03,0.0972906602424825,nan,nan,nan,Habitat Area (fraction below monthly threshold),Monthly Habitat Compression Index over 43.5-48N,nan,nan,0.0,1.0
2024,4,2024-04,0.0,nan,nan,nan,Habitat Area (fraction below monthly threshold),Monthly Habitat Compression Index over 43.5-48N,nan,nan,0.0,1.0
2024,5,2024-05,0.2561443484462478,nan,nan,nan,Habitat Area (fraction below monthly threshold),Monthly Habitat Compression Index over 43.5-48N,nan,nan,0.0,1.0
2024,6,2024-06,0.5426139250682894,nan,nan,nan,Habitat Area (fraction below monthly threshold),Monthly Habitat Compression Index over 43.5-48N,nan,nan,0.0,1.0
2024,7,2024-07,0.3666611977014353,nan,nan,nan,Habitat Area (fraction below monthly threshold),Monthly Habitat Compression Index over 43.5-48N,nan,nan,0.0,1.0
2024,8,2024-08,0.1767348667008832,nan,nan,nan,Habitat Area (fraction below monthly threshold),Monthly Habitat Compression Index over 43.5-48N,nan,nan,0.0,1.0
2024,9,2024-09,0.2675879664538264,nan,nan,nan,Habitat Area (fraction below monthly threshold),Monthly Habitat Compression Index over 43.5-48N,nan,nan,0.0,1.0
2024,10,2024-10,0.2362792819825104,nan,nan,nan,Habitat Area (fraction below monthly threshold),Monthly Habitat Compression Index over 43.5-48N,nan,nan,0.0,1.0
2024,11,2024-11,0.0666803471725543,nan,nan,nan,Habitat Area (fraction below monthly threshold),Monthly Habitat Compression Index over 43.5-48N,nan,nan,0.0,1.0
2024,12,2024-12,0.0456525379667935,nan,nan,nan,Habitat Area (fraction below monthly threshold),Monthly Habitat Compression Index over 43.5-48N,nan,nan,0.0,1.0
2025,1,2025-01,0.1765621572618763,nan,nan,nan,Habitat Area (fraction below monthly threshold),Monthly Habitat Compression Index over 43.5-48N,nan,nan,0.0,1.0
2025,2,2025-02,0.6319823671058719,nan,nan,nan,Habitat Area (fraction below monthly threshold),Monthly Habitat Compression Index over 43.5-48N,nan,nan,0.0,1.0
2025,3,2025-03,0.5336508287045829,nan,nan,nan,Habitat Area (fraction below monthly threshold),Monthly Habitat Compression Index over 43.5-48N,nan,nan,0.0,1.0
2025,4,2025-04,0.055472530827731,nan,nan,nan,Habitat Area (fraction below monthly threshold),Monthly Habitat Compression Index over 43.5-48N,nan,nan,0.0,1.0
2025,5,2025-05,0.1810275058140377,nan,nan,nan,Habitat Area (fraction below monthly threshold),Monthly Habitat Compression Index over 43.5-48N,nan,nan,0.0,1.0
2025,6,2025-06,0.2700361314607775,nan,nan,nan,Habitat Area (fraction below monthly threshold),Monthly Habitat Compression Index over 43.5-48N,nan,nan,0.0,1.0
2025,7,2025-07,0.4318290277766528,nan,nan,nan,Habitat Area (fraction below monthly threshold),Monthly Habitat Compression Index over 43.5-48N,nan,nan,0.0,1.0
2025,8,2025-08,0.2137383860309995,nan,nan,nan,Habitat Area (fraction below monthly threshold),Monthly Habitat Compression Index over 43.5-48N,nan,nan,0.0,1.0
2025,9,2025-09,0.2460717738458303,nan,nan,nan,Habitat Area (fraction below monthly threshold),Monthly Habitat Compression Index over 43.5-48N,nan,nan,0.0,1.0
2025,10,2025-10,0.0792249398689033,nan,nan,nan,Habitat Area (fraction below monthly threshold),Monthly Habitat Compression Index over 43.5-48N,nan,nan,0.0,1.0
2025,11,2025-11,0.0160741881206789,nan,nan,nan,Habitat Area (fraction below monthly threshold),Monthly Habitat Compression Index over 43.5-48N,nan,nan,0.0,1.0
2025,12,2025-12,0.0010689986279824,nan,nan,nan,Habitat Area (fraction below monthly threshold),Monthly Habitat Compression Index over 43.5-48N,nan,nan,0.0,1.0
2026,1,2026-01,0.0575906406423151,nan,nan,nan,Habitat Area (fraction below monthly threshold),Monthly Habitat Compression Index over 43.5-48N,nan,nan,0.0,1.0
2026,2,2026-02,0.0468543112644552,nan,nan,nan,Habitat Area (fraction below monthly threshold),Monthly Habitat Compression Index over 43.5-48N,nan,nan,0.0,1.0
2026,3,2026-03,0.0587268337238407,nan,nan,nan,Habitat Area (fraction below monthly threshold),Monthly Habitat Compression Index over 43.5-48N,nan,nan,0.0,1.0
2026,4,2026-04,0.0389698289756428,nan,nan,nan,Habitat Area (fraction below monthly threshold),Monthly Habitat Compression Index over 43.5-48N,nan,nan,0.0,1.0
2026,5,2026-05,0.0594825417937728,nan,nan,nan,Habitat Area (fraction below monthly threshold),Monthly Habitat Compression Index over 43.5-48N,nan,nan,0.0,1.0
1980,1,1980-01,0.1987665820378414,nan,nan,nan,Habitat Area (fraction below monthly threshold),Monthly Habitat Compression Index over 40-43.5N,nan,nan,0.0,2.0
1980,2,1980-02,0.1184027974315498,nan,nan,nan,Habitat Area (fraction below monthly threshold),Monthly Habitat Compression Index over 40-43.5N,nan,nan,0.0,2.0
1980,3,1980-03,0.0,nan,nan,nan,Habitat Area (fraction below monthly threshold),Monthly Habitat Compression Index over 40-43.5N,nan,nan,0.0,2.0
1980,4,1980-04,0.0983413259589733,nan,nan,nan,Habitat Area (fraction below monthly threshold),Monthly Habitat Compression Index over 40-43.5N,nan,nan,0.0,2.0
1980,5,1980-05,0.1665284102480961,nan,nan,nan,Habitat Area (fraction below monthly threshold),Monthly Habitat Compression Index over 40-43.5N,nan,nan,0.0,2.0
1980,6,1980-06,0.0978004716176498,nan,nan,nan,Habitat Area (fraction below monthly threshold),Monthly Habitat Compression Index over 40-43.5N,nan,nan,0.0,2.0
1980,7,1980-07,0.153698356182413,nan,nan,nan,Habitat Area (fraction below monthly threshold),Monthly Habitat Compression Index over 40-43.5N,nan,nan,0.0,2.0
1980,8,1980-08,0.7284305935849008,nan,nan,nan,Habitat Area (fraction below monthly threshold),Monthly Habitat Compression Index over 40-43.5N,nan,nan,0.0,2.0
1980,9,1980-09,0.3017012641787833,nan,nan,nan,Habitat Area (fraction below monthly threshold),Monthly Habitat Compression Index over 40-43.5N,nan,nan,0.0,2.0
1980,10,1980-10,0.1115335086601657,nan,nan,nan,Habitat Area (fraction below monthly threshold),Monthly Habitat Compression Index over 40-43.5N,nan,nan,0.0,2.0
1980,11,1980-11,0.0,nan,nan,nan,Habitat Area (fraction below monthly threshold),Monthly Habitat Compression Index over 40-43.5N,nan,nan,0.0,2.0
1980,12,1980-12,0.0,nan,nan,nan,Habitat Area (fraction below monthly threshold),Monthly Habitat Compression Index over 40-43.5N,nan,nan,0.0,2.0
1981,1,1981-01,0.0,nan,nan,nan,Habitat Area (fraction below monthly threshold),Monthly Habitat Compression Index over 40-43.5N,nan,nan,0.0,2.0
1981,2,1981-02,0.0,nan,nan,nan,Habitat Area (fraction below monthly threshold),Monthly Habitat Compression Index over 40-43.5N,nan,nan,0.0,2.0
1981,3,1981-03,0.0,nan,nan,nan,Habitat Area (fraction below monthly threshold),Monthly Habitat Compression Index over 40-43.5N,nan,nan,0.0,2.0
1981,4,1981-04,0.0758158105666628,nan,nan,nan,Habitat Area (fraction below monthly threshold),Monthly Habitat Compression Index over 40-43.5N,nan,nan,0.0,2.0
1981,5,1981-05,0.1533867663140337,nan,nan,nan,Habitat Area (fraction below monthly threshold),Monthly Habitat Compression Index over 40-43.5N,nan,nan,0.0,2.0
1981,6,1981-06,0.0440829643659751,nan,nan,nan,Habitat Area (fraction below monthly threshold),Monthly Habitat Compression Index over 40-43.5N,nan,nan,0.0,2.0
1981,7,1981-07,0.3418304582034822,nan,nan,nan,Habitat Area (fraction below monthly threshold),Monthly Habitat Compression Index over 40-43.5N,nan,nan,0.0,2.0
1981,8,1981-08,0.1937868193010908,nan,nan,nan,Habitat Area (fraction below monthly threshold),Monthly Habitat Compression Index over 40-43.5N,nan,nan,0.0,2.0
1981,9,1981-09,0.1882278463059286,nan,nan,nan,Habitat Area (fraction below monthly threshold),Monthly Habitat Compression Index over 40-43.5N,nan,nan,0.0,2.0
1981,10,1981-10,0.0253208986882982,nan,nan,nan,Habitat Area (fraction below monthly threshold),Monthly Habitat Compression Index over 40-43.5N,nan,nan,0.0,2.0
1981,11,1981-11,0.3388756521214436,nan,nan,nan,Habitat Area (fraction below monthly threshold),Monthly Habitat Compression Index over 40-43.5N,nan,nan,0.0,2.0
1981,12,1981-12,0.1489262091977624,nan,nan,nan,Habitat Area (fraction below monthly threshold),Monthly Habitat Compression Index over 40-43.5N,nan,nan,0.0,2.0
1982,1,1982-01,0.743648291987,nan,nan,nan,Habitat Area (fraction below monthly threshold),Monthly Habitat Compression Index over 40-43.5N,nan,nan,0.0,2.0
1982,2,1982-02,0.8526395257496888,nan,nan,nan,Habitat Area (fraction below monthly threshold),Monthly Habitat Compression Index over 40-43.5N,nan,nan,0.0,2.0
1982,3,1982-03,0.3843392673287149,nan,nan,nan,Habitat Area (fraction below monthly threshold),Monthly Habitat Compression Index over 40-43.5N,nan,nan,0.0,2.0
1982,4,1982-04,0.6738463870977822,nan,nan,nan,Habitat Area (fraction below monthly threshold),Monthly Habitat Compression Index over 40-43.5N,nan,nan,0.0,2.0
1982,5,1982-05,0.8675091619552151,nan,nan,nan,Habitat Area (fraction below monthly threshold),Monthly Habitat Compression Index over 40-43.5N,nan,nan,0.0,2.0
1982,6,1982-06,0.8659528262520876,nan,nan,nan,Habitat Area (fraction below monthly threshold),Monthly Habitat Compression Index over 40-43.5N,nan,nan,0.0,2.0
1982,7,1982-07,0.1813635894923515,nan,nan,nan,Habitat Area (fraction below monthly threshold),Monthly Habitat Compression Index over 40-43.5N,nan,nan,0.0,2.0
1982,8,1982-08,0.1158709238006322,nan,nan,nan,Habitat Area (fraction below monthly threshold),Monthly Habitat Compression Index over 40-43.5N,nan,nan,0.0,2.0
1982,9,1982-09,0.1594139126179139,nan,nan,nan,Habitat Area (fraction below monthly threshold),Monthly Habitat Compression Index over 40-43.5N,nan,nan,0.0,2.0
1982,10,1982-10,0.0732031136269578,nan,nan,nan,Habitat Area (fraction below monthly threshold),Monthly Habitat Compression Index over 40-43.5N,nan,nan,0.0,2.0
1982,11,1982-11,0.0103111618656343,nan,nan,nan,Habitat Area (fraction below monthly threshold),Monthly Habitat Compression Index over 40-43.5N,nan,nan,0.0,2.0
1982,12,1982-12,0.1236906124721152,nan,nan,nan,Habitat Area (fraction below monthly threshold),Monthly Habitat Compression Index over 40-43.5N,nan,nan,0.0,2.0
1983,1,1983-01,0.0675708871304624,nan,nan,nan,Habitat Area (fraction below monthly threshold),Monthly Habitat Compression Index over 40-43.5N,nan,nan,0.0,2.0
1983,2,1983-02,0.1319046551024925,nan,nan,nan,Habitat Area (fraction below monthly threshold),Monthly Habitat Compression Index over 40-43.5N,nan,nan,0.0,2.0
1983,3,1983-03,0.0,nan,nan,nan,Habitat Area (fraction below monthly threshold),Monthly Habitat Compression Index over 40-43.5N,nan,nan,0.0,2.0
1983,4,1983-04,0.0,nan,nan,nan,Habitat Area (fraction below monthly threshold),Monthly Habitat Compression Index over 40-43.5N,nan,nan,0.0,2.0
1983,5,1983-05,0.0905803884044849,nan,nan,nan,Habitat Area (fraction below monthly threshold),Monthly Habitat Compression Index over 40-43.5N,nan,nan,0.0,2.0
1983,6,1983-06,0.1527608413932637,nan,nan,nan,Habitat Area (fraction below monthly threshold),Monthly Habitat Compression Index over 40-43.5N,nan,nan,0.0,2.0
1983,7,1983-07,0.0181804963465305,nan,nan,nan,Habitat Area (fraction below monthly threshold),Monthly Habitat Compression Index over 40-43.5N,nan,nan,0.0,2.0
1983,8,1983-08,0.0089781818684958,nan,nan,nan,Habitat Area (fraction below monthly threshold),Monthly Habitat Compression Index over 40-43.5N,nan,nan,0.0,2.0
1983,9,1983-09,0.0432836190588933,nan,nan,nan,Habitat Area (fraction below monthly threshold),Monthly Habitat Compression Index over 40-43.5N,nan,nan,0.0,2.0
1983,10,1983-10,0.1281444656678295,nan,nan,nan,Habitat Area (fraction below monthly threshold),Monthly Habitat Compression Index over 40-43.5N,nan,nan,0.0,2.0
1983,11,1983-11,0.0788681670227865,nan,nan,nan,Habitat Area (fraction below monthly threshold),Monthly Habitat Compression Index over 40-43.5N,nan,nan,0.0,2.0
1983,12,1983-12,0.1293793064048004,nan,nan,nan,Habitat Area (fraction below monthly threshold),Monthly Habitat Compression Index over 40-43.5N,nan,nan,0.0,2.0
1984,1,1984-01,0.1645820309658933,nan,nan,nan,Habitat Area (fraction below monthly threshold),Monthly Habitat Compression Index over 40-43.5N,nan,nan,0.0,2.0
1984,2,1984-02,0.5517675514812526,nan,nan,nan,Habitat Area (fraction below monthly threshold),Monthly Habitat Compression Index over 40-43.5N,nan,nan,0.0,2.0
1984,3,1984-03,0.0484429281870218,nan,nan,nan,Habitat Area (fraction below monthly threshold),Monthly Habitat Compression Index over 40-43.5N,nan,nan,0.0,2.0
1984,4,1984-04,0.4802646764719444,nan,nan,nan,Habitat Area (fraction below monthly threshold),Monthly Habitat Compression Index over 40-43.5N,nan,nan,0.0,2.0
1984,5,1984-05,0.0740018612800803,nan,nan,nan,Habitat Area (fraction below monthly threshold),Monthly Habitat Compression Index over 40-43.5N,nan,nan,0.0,2.0
1984,6,1984-06,0.4031796217472915,nan,nan,nan,Habitat Area (fraction below monthly threshold),Monthly Habitat Compression Index over 40-43.5N,nan,nan,0.0,2.0
1984,7,1984-07,0.2743829359745439,nan,nan,nan,Habitat Area (fraction below monthly threshold),Monthly Habitat Compression Index over 40-43.5N,nan,nan,0.0,2.0
1984,8,1984-08,0.0449723604067826,nan,nan,nan,Habitat Area (fraction below monthly threshold),Monthly Habitat Compression Index over 40-43.5N,nan,nan,0.0,2.0
1984,9,1984-09,0.0678451266481746,nan,nan,nan,Habitat Area (fraction below monthly threshold),Monthly Habitat Compression Index over 40-43.5N,nan,nan,0.0,2.0
1984,10,1984-10,0.025915604891117,nan,nan,nan,Habitat Area (fraction below monthly threshold),Monthly Habitat Compression Index over 40-43.5N,nan,nan,0.0,2.0
1984,11,1984-11,0.1123634377944287,nan,nan,nan,Habitat Area (fraction below monthly threshold),Monthly Habitat Compression Index over 40-43.5N,nan,nan,0.0,2.0
1984,12,1984-12,0.4030697842992931,nan,nan,nan,Habitat Area (fraction below monthly threshold),Monthly Habitat Compression Index over 40-43.5N,nan,nan,0.0,2.0
1985,1,1985-01,0.3287714046824593,nan,nan,nan,Habitat Area (fraction below monthly threshold),Monthly Habitat Compression Index over 40-43.5N,nan,nan,0.0,2.0
1985,2,1985-02,0.9907566937113668,nan,nan,nan,Habitat Area (fraction below monthly threshold),Monthly Habitat Compression Index over 40-43.5N,nan,nan,0.0,2.0
1985,3,1985-03,1.0,nan,nan,nan,Habitat Area (fraction below monthly threshold),Monthly Habitat Compression Index over 40-43.5N,nan,nan,0.0,2.0
1985,4,1985-04,1.0,nan,nan,nan,Habitat Area (fraction below monthly threshold),Monthly Habitat Compression Index over 40-43.5N,nan,nan,0.0,2.0
1985,5,1985-05,0.3507045497994151,nan,nan,nan,Habitat Area (fraction below monthly threshold),Monthly Habitat Compression Index over 40-43.5N,nan,nan,0.0,2.0
1985,6,1985-06,0.5588527500502588,nan,nan,nan,Habitat Area (fraction below monthly threshold),Monthly Habitat Compression Index over 40-43.5N,nan,nan,0.0,2.0
1985,7,1985-07,0.4709749401654871,nan,nan,nan,Habitat Area (fraction below monthly threshold),Monthly Habitat Compression Index over 40-43.5N,nan,nan,0.0,2.0
1985,8,1985-08,0.2376744581255645,nan,nan,nan,Habitat Area (fraction below monthly threshold),Monthly Habitat Compression Index over 40-43.5N,nan,nan,0.0,2.0
1985,9,1985-09,0.1339190173617919,nan,nan,nan,Habitat Area (fraction below monthly threshold),Monthly Habitat Compression Index over 40-43.5N,nan,nan,0.0,2.0
1985,10,1985-10,0.5777765582263917,nan,nan,nan,Habitat Area (fraction below monthly threshold),Monthly Habitat Compression Index over 40-43.5N,nan,nan,0.0,2.0
1985,11,1985-11,0.937842248972081,nan,nan,nan,Habitat Area (fraction below monthly threshold),Monthly Habitat Compression Index over 40-43.5N,nan,nan,0.0,2.0
1985,12,1985-12,0.9453131212748306,nan,nan,nan,Habitat Area (fraction below monthly threshold),Monthly Habitat Compression Index over 40-43.5N,nan,nan,0.0,2.0
1986,1,1986-01,0.526873108602732,nan,nan,nan,Habitat Area (fraction below monthly threshold),Monthly Habitat Compression Index over 40-43.5N,nan,nan,0.0,2.0
1986,2,1986-02,0.587259546079309,nan,nan,nan,Habitat Area (fraction below monthly threshold),Monthly Habitat Compression Index over 40-43.5N,nan,nan,0.0,2.0
1986,3,1986-03,0.0,nan,nan,nan,Habitat Area (fraction below monthly threshold),Monthly Habitat Compression Index over 40-43.5N,nan,nan,0.0,2.0
1986,4,1986-04,0.4672659463778856,nan,nan,nan,Habitat Area (fraction below monthly threshold),Monthly Habitat Compression Index over 40-43.5N,nan,nan,0.0,2.0
1986,5,1986-05,0.2898423690397308,nan,nan,nan,Habitat Area (fraction below monthly threshold),Monthly Habitat Compression Index over 40-43.5N,nan,nan,0.0,2.0
1986,6,1986-06,0.0960033443222998,nan,nan,nan,Habitat Area (fraction below monthly threshold),Monthly Habitat Compression Index over 40-43.5N,nan,nan,0.0,2.0
1986,7,1986-07,0.3412673679803766,nan,nan,nan,Habitat Area (fraction below monthly threshold),Monthly Habitat Compression Index over 40-43.5N,nan,nan,0.0,2.0
1986,8,1986-08,0.8648663345973054,nan,nan,nan,Habitat Area (fraction below monthly threshold),Monthly Habitat Compression Index over 40-43.5N,nan,nan,0.0,2.0
1986,9,1986-09,0.5438453652564144,nan,nan,nan,Habitat Area (fraction below monthly threshold),Monthly Habitat Compression Index over 40-43.5N,nan,nan,0.0,2.0
1986,10,1986-10,0.616506641779321,nan,nan,nan,Habitat Area (fraction below monthly threshold),Monthly Habitat Compression Index over 40-43.5N,nan,nan,0.0,2.0
1986,11,1986-11,0.3719573028456413,nan,nan,nan,Habitat Area (fraction below monthly threshold),Monthly Habitat Compression Index over 40-43.5N,nan,nan,0.0,2.0
1986,12,1986-12,0.2210409789535262,nan,nan,nan,Habitat Area (fraction below monthly threshold),Monthly Habitat Compression Index over 40-43.5N,nan,nan,0.0,2.0
1987,1,1987-01,0.1719126087693091,nan,nan,nan,Habitat Area (fraction below monthly threshold),Monthly Habitat Compression Index over 40-43.5N,nan,nan,0.0,2.0
1987,2,1987-02,0.4652949226099162,nan,nan,nan,Habitat Area (fraction below monthly threshold),Monthly Habitat Compression Index over 40-43.5N,nan,nan,0.0,2.0
1987,3,1987-03,0.0605115900423099,nan,nan,nan,Habitat Area (fraction below monthly threshold),Monthly Habitat Compression Index over 40-43.5N,nan,nan,0.0,2.0
1987,4,1987-04,0.095486500539751,nan,nan,nan,Habitat Area (fraction below monthly threshold),Monthly Habitat Compression Index over 40-43.5N,nan,nan,0.0,2.0
1987,5,1987-05,0.2344557783489471,nan,nan,nan,Habitat Area (fraction below monthly threshold),Monthly Habitat Compression Index over 40-43.5N,nan,nan,0.0,2.0
1987,6,1987-06,0.4970660396990676,nan,nan,nan,Habitat Area (fraction below monthly threshold),Monthly Habitat Compression Index over 40-43.5N,nan,nan,0.0,2.0
1987,7,1987-07,0.1565621367743166,nan,nan,nan,Habitat Area (fraction below monthly threshold),Monthly Habitat Compression Index over 40-43.5N,nan,nan,0.0,2.0
1987,8,1987-08,0.6279367151130733,nan,nan,nan,Habitat Area (fraction below monthly threshold),Monthly Habitat Compression Index over 40-43.5N,nan,nan,0.0,2.0
1987,9,1987-09,0.6071400467484123,nan,nan,nan,Habitat Area (fraction below monthly threshold),Monthly Habitat Compression Index over 40-43.5N,nan,nan,0.0,2.0
1987,10,1987-10,0.2046877757700681,nan,nan,nan,Habitat Area (fraction below monthly threshold),Monthly Habitat Compression Index over 40-43.5N,nan,nan,0.0,2.0
1987,11,1987-11,0.0690295656431641,nan,nan,nan,Habitat Area (fraction below monthly threshold),Monthly Habitat Compression Index over 40-43.5N,nan,nan,0.0,2.0
1987,12,1987-12,0.4205457260868687,nan,nan,nan,Habitat Area (fraction below monthly threshold),Monthly Habitat Compression Index over 40-43.5N,nan,nan,0.0,2.0
1988,1,1988-01,0.8253100550264777,nan,nan,nan,Habitat Area (fraction below monthly threshold),Monthly Habitat Compression Index over 40-43.5N,nan,nan,0.0,2.0
1988,2,1988-02,0.839105442829282,nan,nan,nan,Habitat Area (fraction below monthly threshold),Monthly Habitat Compression Index over 40-43.5N,nan,nan,0.0,2.0
1988,3,1988-03,0.7981058248825889,nan,nan,nan,Habitat Area (fraction below monthly threshold),Monthly Habitat Compression Index over 40-43.5N,nan,nan,0.0,2.0
1988,4,1988-04,0.7288544289164117,nan,nan,nan,Habitat Area (fraction below monthly threshold),Monthly Habitat Compression Index over 40-43.5N,nan,nan,0.0,2.0
1988,5,1988-05,0.1158251940419755,nan,nan,nan,Habitat Area (fraction below monthly threshold),Monthly Habitat Compression Index over 40-43.5N,nan,nan,0.0,2.0
1988,6,1988-06,0.0797617631676416,nan,nan,nan,Habitat Area (fraction below monthly threshold),Monthly Habitat Compression Index over 40-43.5N,nan,nan,0.0,2.0
1988,7,1988-07,0.4274502482079077,nan,nan,nan,Habitat Area (fraction below monthly threshold),Monthly Habitat Compression Index over 40-43.5N,nan,nan,0.0,2.0
1988,8,1988-08,0.8331622957075582,nan,nan,nan,Habitat Area (fraction below monthly threshold),Monthly Habitat Compression Index over 40-43.5N,nan,nan,0.0,2.0
1988,9,1988-09,0.9677288169656711,nan,nan,nan,Habitat Area (fraction below monthly threshold),Monthly Habitat Compression Index over 40-43.5N,nan,nan,0.0,2.0
1988,10,1988-10,0.714323139314887,nan,nan,nan,Habitat Area (fraction below monthly threshold),Monthly Habitat Compression Index over 40-43.5N,nan,nan,0.0,2.0
1988,11,1988-11,0.5580104745440941,nan,nan,nan,Habitat Area (fraction below monthly threshold),Monthly Habitat Compression Index over 40-43.5N,nan,nan,0.0,2.0
1988,12,1988-12,0.8685909539829987,nan,nan,nan,Habitat Area (fraction below monthly threshold),Monthly Habitat Compression Index over 40-43.5N,nan,nan,0.0,2.0
1989,1,1989-01,1.0,nan,nan,nan,Habitat Area (fraction below monthly threshold),Monthly Habitat Compression Index over 40-43.5N,nan,nan,0.0,2.0
1989,2,1989-02,1.0,nan,nan,nan,Habitat Area (fraction below monthly threshold),Monthly Habitat Compression Index over 40-43.5N,nan,nan,0.0,2.0
1989,3,1989-03,1.0,nan,nan,nan,Habitat Area (fraction below monthly threshold),Monthly Habitat Compression Index over 40-43.5N,nan,nan,0.0,2.0
1989,4,1989-04,0.5486254687205717,nan,nan,nan,Habitat Area (fraction below monthly threshold),Monthly Habitat Compression Index over 40-43.5N,nan,nan,0.0,2.0
1989,5,1989-05,0.1738233984285923,nan,nan,nan,Habitat Area (fraction below monthly threshold),Monthly Habitat Compression Index over 40-43.5N,nan,nan,0.0,2.0
1989,6,1989-06,0.483564552896971,nan,nan,nan,Habitat Area (fraction below monthly threshold),Monthly Habitat Compression Index over 40-43.5N,nan,nan,0.0,2.0
1989,7,1989-07,0.2425639134298737,nan,nan,nan,Habitat Area (fraction below monthly threshold),Monthly Habitat Compression Index over 40-43.5N,nan,nan,0.0,2.0
1989,8,1989-08,0.3152338975694035,nan,nan,nan,Habitat Area (fraction below monthly threshold),Monthly Habitat Compression Index over 40-43.5N,nan,nan,0.0,2.0
1989,9,1989-09,0.480541491181358,nan,nan,nan,Habitat Area (fraction below monthly threshold),Monthly Habitat Compression Index over 40-43.5N,nan,nan,0.0,2.0
1989,10,1989-10,0.4296658008136588,nan,nan,nan,Habitat Area (fraction below monthly threshold),Monthly Habitat Compression Index over 40-43.5N,nan,nan,0.0,2.0
1989,11,1989-11,0.5405934136671409,nan,nan,nan,Habitat Area (fraction below monthly threshold),Monthly Habitat Compression Index over 40-43.5N,nan,nan,0.0,2.0
1989,12,1989-12,0.4220318524145924,nan,nan,nan,Habitat Area (fraction below monthly threshold),Monthly Habitat Compression Index over 40-43.5N,nan,nan,0.0,2.0
1990,1,1990-01,0.853988045151342,nan,nan,nan,Habitat Area (fraction below monthly threshold),Monthly Habitat Compression Index over 40-43.5N,nan,nan,0.0,2.0
1990,2,1990-02,0.9938256992387424,nan,nan,nan,Habitat Area (fraction below monthly threshold),Monthly Habitat Compression Index over 40-43.5N,nan,nan,0.0,2.0
1990,3,1990-03,0.9184371137825864,nan,nan,nan,Habitat Area (fraction below monthly threshold),Monthly Habitat Compression Index over 40-43.5N,nan,nan,0.0,2.0
1990,4,1990-04,0.5627752544701174,nan,nan,nan,Habitat Area (fraction below monthly threshold),Monthly Habitat Compression Index over 40-43.5N,nan,nan,0.0,2.0
1990,5,1990-05,0.7519714869289817,nan,nan,nan,Habitat Area (fraction below monthly threshold),Monthly Habitat Compression Index over 40-43.5N,nan,nan,0.0,2.0
1990,6,1990-06,0.0122076131653669,nan,nan,nan,Habitat Area (fraction below monthly threshold),Monthly Habitat Compression Index over 40-43.5N,nan,nan,0.0,2.0
1990,7,1990-07,0.1129221797581432,nan,nan,nan,Habitat Area (fraction below monthly threshold),Monthly Habitat Compression Index over 40-43.5N,nan,nan,0.0,2.0
1990,8,1990-08,0.2830900508349435,nan,nan,nan,Habitat Area (fraction below monthly threshold),Monthly Habitat Compression Index over 40-43.5N,nan,nan,0.0,2.0
1990,9,1990-09,0.004474332540047,nan,nan,nan,Habitat Area (fraction below monthly threshold),Monthly Habitat Compression Index over 40-43.5N,nan,nan,0.0,2.0
1990,10,1990-10,0.2064477198086991,nan,nan,nan,Habitat Area (fraction below monthly threshold),Monthly Habitat Compression Index over 40-43.5N,nan,nan,0.0,2.0
1990,11,1990-11,0.1977531049981136,nan,nan,nan,Habitat Area (fraction below monthly threshold),Monthly Habitat Compression Index over 40-43.5N,nan,nan,0.0,2.0
1990,12,1990-12,0.7172621201182376,nan,nan,nan,Habitat Area (fraction below monthly threshold),Monthly Habitat Compression Index over 40-43.5N,nan,nan,0.0,2.0
1991,1,1991-01,0.9629655324461456,nan,nan,nan,Habitat Area (fraction below monthly threshold),Monthly Habitat Compression Index over 40-43.5N,nan,nan,0.0,2.0
1991,2,1991-02,1.0,nan,nan,nan,Habitat Area (fraction below monthly threshold),Monthly Habitat Compression Index over 40-43.5N,nan,nan,0.0,2.0
1991,3,1991-03,0.8768293570929807,nan,nan,nan,Habitat Area (fraction below monthly threshold),Monthly Habitat Compression Index over 40-43.5N,nan,nan,0.0,2.0
1991,4,1991-04,1.0,nan,nan,nan,Habitat Area (fraction below monthly threshold),Monthly Habitat Compression Index over 40-43.5N,nan,nan,0.0,2.0
1991,5,1991-05,1.0,nan,nan,nan,Habitat Area (fraction below monthly threshold),Monthly Habitat Compression Index over 40-43.5N,nan,nan,0.0,2.0
1991,6,1991-06,0.7992189676168228,nan,nan,nan,Habitat Area (fraction below monthly threshold),Monthly Habitat Compression Index over 40-43.5N,nan,nan,0.0,2.0
1991,7,1991-07,0.6177160806087463,nan,nan,nan,Habitat Area (fraction below monthly threshold),Monthly Habitat Compression Index over 40-43.5N,nan,nan,0.0,2.0
1991,8,1991-08,0.2355133083158201,nan,nan,nan,Habitat Area (fraction below monthly threshold),Monthly Habitat Compression Index over 40-43.5N,nan,nan,0.0,2.0
1991,9,1991-09,0.2684161501245144,nan,nan,nan,Habitat Area (fraction below monthly threshold),Monthly Habitat Compression Index over 40-43.5N,nan,nan,0.0,2.0
1991,10,1991-10,0.3328104682992261,nan,nan,nan,Habitat Area (fraction below monthly threshold),Monthly Habitat Compression Index over 40-43.5N,nan,nan,0.0,2.0
1991,11,1991-11,0.5676421628509155,nan,nan,nan,Habitat Area (fraction below monthly threshold),Monthly Habitat Compression Index over 40-43.5N,nan,nan,0.0,2.0
1991,12,1991-12,0.8576190253094943,nan,nan,nan,Habitat Area (fraction below monthly threshold),Monthly Habitat Compression Index over 40-43.5N,nan,nan,0.0,2.0
1992,1,1992-01,0.6509867350549456,nan,nan,nan,Habitat Area (fraction below monthly threshold),Monthly Habitat Compression Index over 40-43.5N,nan,nan,0.0,2.0
1992,2,1992-02,0.2036910146740747,nan,nan,nan,Habitat Area (fraction below monthly threshold),Monthly Habitat Compression Index over 40-43.5N,nan,nan,0.0,2.0
1992,3,1992-03,0.0,nan,nan,nan,Habitat Area (fraction below monthly threshold),Monthly Habitat Compression Index over 40-43.5N,nan,nan,0.0,2.0
1992,4,1992-04,0.0,nan,nan,nan,Habitat Area (fraction below monthly threshold),Monthly Habitat Compression Index over 40-43.5N,nan,nan,0.0,2.0
1992,5,1992-05,0.0,nan,nan,nan,Habitat Area (fraction below monthly threshold),Monthly Habitat Compression Index over 40-43.5N,nan,nan,0.0,2.0
1992,6,1992-06,0.091885678956778,nan,nan,nan,Habitat Area (fraction below monthly threshold),Monthly Habitat Compression Index over 40-43.5N,nan,nan,0.0,2.0
1992,7,1992-07,0.0196167447272149,nan,nan,nan,Habitat Area (fraction below monthly threshold),Monthly Habitat Compression Index over 40-43.5N,nan,nan,0.0,2.0
1992,8,1992-08,0.1459343433689344,nan,nan,nan,Habitat Area (fraction below monthly threshold),Monthly Habitat Compression Index over 40-43.5N,nan,nan,0.0,2.0
1992,9,1992-09,0.2309635202972407,nan,nan,nan,Habitat Area (fraction below monthly threshold),Monthly Habitat Compression Index over 40-43.5N,nan,nan,0.0,2.0
1992,10,1992-10,0.1744812369680913,nan,nan,nan,Habitat Area (fraction below monthly threshold),Monthly Habitat Compression Index over 40-43.5N,nan,nan,0.0,2.0
1992,11,1992-11,0.070513530173645,nan,nan,nan,Habitat Area (fraction below monthly threshold),Monthly Habitat Compression Index over 40-43.5N,nan,nan,0.0,2.0
1992,12,1992-12,0.3966800232124043,nan,nan,nan,Habitat Area (fraction below monthly threshold),Monthly Habitat Compression Index over 40-43.5N,nan,nan,0.0,2.0
1993,1,1993-01,0.6146659298321204,nan,nan,nan,Habitat Area (fraction below monthly threshold),Monthly Habitat Compression Index over 40-43.5N,nan,nan,0.0,2.0
1993,2,1993-02,0.5426745772068979,nan,nan,nan,Habitat Area (fraction below monthly threshold),Monthly Habitat Compression Index over 40-43.5N,nan,nan,0.0,2.0
1993,3,1993-03,0.1605320381653619,nan,nan,nan,Habitat Area (fraction below monthly threshold),Monthly Habitat Compression Index over 40-43.5N,nan,nan,0.0,2.0
1993,4,1993-04,0.1928517068109992,nan,nan,nan,Habitat Area (fraction below monthly threshold),Monthly Habitat Compression Index over 40-43.5N,nan,nan,0.0,2.0
1993,5,1993-05,0.0,nan,nan,nan,Habitat Area (fraction below monthly threshold),Monthly Habitat Compression Index over 40-43.5N,nan,nan,0.0,2.0
1993,6,1993-06,0.0,nan,nan,nan,Habitat Area (fraction below monthly threshold),Monthly Habitat Compression Index over 40-43.5N,nan,nan,0.0,2.0
1993,7,1993-07,0.2441600433650239,nan,nan,nan,Habitat Area (fraction below monthly threshold),Monthly Habitat Compression Index over 40-43.5N,nan,nan,0.0,2.0
1993,8,1993-08,0.0800152885880453,nan,nan,nan,Habitat Area (fraction below monthly threshold),Monthly Habitat Compression Index over 40-43.5N,nan,nan,0.0,2.0
1993,9,1993-09,0.3983629178580052,nan,nan,nan,Habitat Area (fraction below monthly threshold),Monthly Habitat Compression Index over 40-43.5N,nan,nan,0.0,2.0
1993,10,1993-10,0.2046870832894768,nan,nan,nan,Habitat Area (fraction below monthly threshold),Monthly Habitat Compression Index over 40-43.5N,nan,nan,0.0,2.0
1993,11,1993-11,0.8402247349688996,nan,nan,nan,Habitat Area (fraction below monthly threshold),Monthly Habitat Compression Index over 40-43.5N,nan,nan,0.0,2.0
1993,12,1993-12,0.6888941974083217,nan,nan,nan,Habitat Area (fraction below monthly threshold),Monthly Habitat Compression Index over 40-43.5N,nan,nan,0.0,2.0
1994,1,1994-01,0.1482782040665866,nan,nan,nan,Habitat Area (fraction below monthly threshold),Monthly Habitat Compression Index over 40-43.5N,nan,nan,0.0,2.0
1994,2,1994-02,0.7039074303452334,nan,nan,nan,Habitat Area (fraction below monthly threshold),Monthly Habitat Compression Index over 40-43.5N,nan,nan,0.0,2.0
1994,3,1994-03,0.0073207436718551,nan,nan,nan,Habitat Area (fraction below monthly threshold),Monthly Habitat Compression Index over 40-43.5N,nan,nan,0.0,2.0
1994,4,1994-04,0.1618296429886185,nan,nan,nan,Habitat Area (fraction below monthly threshold),Monthly Habitat Compression Index over 40-43.5N,nan,nan,0.0,2.0
1994,5,1994-05,0.07116788779021,nan,nan,nan,Habitat Area (fraction below monthly threshold),Monthly Habitat Compression Index over 40-43.5N,nan,nan,0.0,2.0
1994,6,1994-06,0.0635361683419965,nan,nan,nan,Habitat Area (fraction below monthly threshold),Monthly Habitat Compression Index over 40-43.5N,nan,nan,0.0,2.0
1994,7,1994-07,0.3497361434663081,nan,nan,nan,Habitat Area (fraction below monthly threshold),Monthly Habitat Compression Index over 40-43.5N,nan,nan,0.0,2.0
1994,8,1994-08,0.0061720314790999,nan,nan,nan,Habitat Area (fraction below monthly threshold),Monthly Habitat Compression Index over 40-43.5N,nan,nan,0.0,2.0
1994,9,1994-09,0.0135780147495394,nan,nan,nan,Habitat Area (fraction below monthly threshold),Monthly Habitat Compression Index over 40-43.5N,nan,nan,0.0,2.0
1994,10,1994-10,0.2410412521405165,nan,nan,nan,Habitat Area (fraction below monthly threshold),Monthly Habitat Compression Index over 40-43.5N,nan,nan,0.0,2.0
1994,11,1994-11,0.8286049397361321,nan,nan,nan,Habitat Area (fraction below monthly threshold),Monthly Habitat Compression Index over 40-43.5N,nan,nan,0.0,2.0
1994,12,1994-12,0.9753232204805647,nan,nan,nan,Habitat Area (fraction below monthly threshold),Monthly Habitat Compression Index over 40-43.5N,nan,nan,0.0,2.0
1995,1,1995-01,0.6829113249865414,nan,nan,nan,Habitat Area (fraction below monthly threshold),Monthly Habitat Compression Index over 40-43.5N,nan,nan,0.0,2.0
1995,2,1995-02,0.6885188281731874,nan,nan,nan,Habitat Area (fraction below monthly threshold),Monthly Habitat Compression Index over 40-43.5N,nan,nan,0.0,2.0
1995,3,1995-03,0.0823521295782462,nan,nan,nan,Habitat Area (fraction below monthly threshold),Monthly Habitat Compression Index over 40-43.5N,nan,nan,0.0,2.0
1995,4,1995-04,0.1029506897524109,nan,nan,nan,Habitat Area (fraction below monthly threshold),Monthly Habitat Compression Index over 40-43.5N,nan,nan,0.0,2.0
1995,5,1995-05,0.2467801026812941,nan,nan,nan,Habitat Area (fraction below monthly threshold),Monthly Habitat Compression Index over 40-43.5N,nan,nan,0.0,2.0
1995,6,1995-06,0.1790676104295978,nan,nan,nan,Habitat Area (fraction below monthly threshold),Monthly Habitat Compression Index over 40-43.5N,nan,nan,0.0,2.0
1995,7,1995-07,0.0616323492608939,nan,nan,nan,Habitat Area (fraction below monthly threshold),Monthly Habitat Compression Index over 40-43.5N,nan,nan,0.0,2.0
1995,8,1995-08,0.0029804660376671,nan,nan,nan,Habitat Area (fraction below monthly threshold),Monthly Habitat Compression Index over 40-43.5N,nan,nan,0.0,2.0
1995,9,1995-09,0.001498531035013,nan,nan,nan,Habitat Area (fraction below monthly threshold),Monthly Habitat Compression Index over 40-43.5N,nan,nan,0.0,2.0
1995,10,1995-10,0.0,nan,nan,nan,Habitat Area (fraction below monthly threshold),Monthly Habitat Compression Index over 40-43.5N,nan,nan,0.0,2.0
1995,11,1995-11,0.1735852228284122,nan,nan,nan,Habitat Area (fraction below monthly threshold),Monthly Habitat Compression Index over 40-43.5N,nan,nan,0.0,2.0
1995,12,1995-12,0.0,nan,nan,nan,Habitat Area (fraction below monthly threshold),Monthly Habitat Compression Index over 40-43.5N,nan,nan,0.0,2.0
1996,1,1996-01,0.0,nan,nan,nan,Habitat Area (fraction below monthly threshold),Monthly Habitat Compression Index over 40-43.5N,nan,nan,0.0,2.0
1996,2,1996-02,0.0486040457328582,nan,nan,nan,Habitat Area (fraction below monthly threshold),Monthly Habitat Compression Index over 40-43.5N,nan,nan,0.0,2.0
1996,3,1996-03,0.0,nan,nan,nan,Habitat Area (fraction below monthly threshold),Monthly Habitat Compression Index over 40-43.5N,nan,nan,0.0,2.0
1996,4,1996-04,0.0514404418065994,nan,nan,nan,Habitat Area (fraction below monthly threshold),Monthly Habitat Compression Index over 40-43.5N,nan,nan,0.0,2.0
1996,5,1996-05,0.0830062868464646,nan,nan,nan,Habitat Area (fraction below monthly threshold),Monthly Habitat Compression Index over 40-43.5N,nan,nan,0.0,2.0
1996,6,1996-06,0.2673112798399559,nan,nan,nan,Habitat Area (fraction below monthly threshold),Monthly Habitat Compression Index over 40-43.5N,nan,nan,0.0,2.0
1996,7,1996-07,0.4495571359122102,nan,nan,nan,Habitat Area (fraction below monthly threshold),Monthly Habitat Compression Index over 40-43.5N,nan,nan,0.0,2.0
1996,8,1996-08,0.2937429268499561,nan,nan,nan,Habitat Area (fraction below monthly threshold),Monthly Habitat Compression Index over 40-43.5N,nan,nan,0.0,2.0
1996,9,1996-09,0.1597838618051588,nan,nan,nan,Habitat Area (fraction below monthly threshold),Monthly Habitat Compression Index over 40-43.5N,nan,nan,0.0,2.0
1996,10,1996-10,0.2278089989807525,nan,nan,nan,Habitat Area (fraction below monthly threshold),Monthly Habitat Compression Index over 40-43.5N,nan,nan,0.0,2.0
1996,11,1996-11,0.4424743937447727,nan,nan,nan,Habitat Area (fraction below monthly threshold),Monthly Habitat Compression Index over 40-43.5N,nan,nan,0.0,2.0
1996,12,1996-12,0.6645193099535864,nan,nan,nan,Habitat Area (fraction below monthly threshold),Monthly Habitat Compression Index over 40-43.5N,nan,nan,0.0,2.0
1997,1,1997-01,0.3668504210859294,nan,nan,nan,Habitat Area (fraction below monthly threshold),Monthly Habitat Compression Index over 40-43.5N,nan,nan,0.0,2.0
1997,2,1997-02,0.1210835890360566,nan,nan,nan,Habitat Area (fraction below monthly threshold),Monthly Habitat Compression Index over 40-43.5N,nan,nan,0.0,2.0
1997,3,1997-03,0.2412137500238459,nan,nan,nan,Habitat Area (fraction below monthly threshold),Monthly Habitat Compression Index over 40-43.5N,nan,nan,0.0,2.0
1997,4,1997-04,0.4661404746029001,nan,nan,nan,Habitat Area (fraction below monthly threshold),Monthly Habitat Compression Index over 40-43.5N,nan,nan,0.0,2.0
1997,5,1997-05,0.0,nan,nan,nan,Habitat Area (fraction below monthly threshold),Monthly Habitat Compression Index over 40-43.5N,nan,nan,0.0,2.0
1997,6,1997-06,0.0030871503806289,nan,nan,nan,Habitat Area (fraction below monthly threshold),Monthly Habitat Compression Index over 40-43.5N,nan,nan,0.0,2.0
1997,7,1997-07,0.0412605723597377,nan,nan,nan,Habitat Area (fraction below monthly threshold),Monthly Habitat Compression Index over 40-43.5N,nan,nan,0.0,2.0
1997,8,1997-08,0.0,nan,nan,nan,Habitat Area (fraction below monthly threshold),Monthly Habitat Compression Index over 40-43.5N,nan,nan,0.0,2.0
1997,9,1997-09,0.0,nan,nan,nan,Habitat Area (fraction below monthly threshold),Monthly Habitat Compression Index over 40-43.5N,nan,nan,0.0,2.0
1997,10,1997-10,0.0,nan,nan,nan,Habitat Area (fraction below monthly threshold),Monthly Habitat Compression Index over 40-43.5N,nan,nan,0.0,2.0
1997,11,1997-11,0.0,nan,nan,nan,Habitat Area (fraction below monthly threshold),Monthly Habitat Compression Index over 40-43.5N,nan,nan,0.0,2.0
1997,12,1997-12,0.0,nan,nan,nan,Habitat Area (fraction below monthly threshold),Monthly Habitat Compression Index over 40-43.5N,nan,nan,0.0,2.0
1998,1,1998-01,0.0,nan,nan,nan,Habitat Area (fraction below monthly threshold),Monthly Habitat Compression Index over 40-43.5N,nan,nan,0.0,2.0
1998,2,1998-02,0.0,nan,nan,nan,Habitat Area (fraction below monthly threshold),Monthly Habitat Compression Index over 40-43.5N,nan,nan,0.0,2.0
1998,3,1998-03,0.0,nan,nan,nan,Habitat Area (fraction below monthly threshold),Monthly Habitat Compression Index over 40-43.5N,nan,nan,0.0,2.0
1998,4,1998-04,0.0392174479746738,nan,nan,nan,Habitat Area (fraction below monthly threshold),Monthly Habitat Compression Index over 40-43.5N,nan,nan,0.0,2.0
1998,5,1998-05,0.0,nan,nan,nan,Habitat Area (fraction below monthly threshold),Monthly Habitat Compression Index over 40-43.5N,nan,nan,0.0,2.0
1998,6,1998-06,0.2306873705493425,nan,nan,nan,Habitat Area (fraction below monthly threshold),Monthly Habitat Compression Index over 40-43.5N,nan,nan,0.0,2.0
1998,7,1998-07,0.2654244034656524,nan,nan,nan,Habitat Area (fraction below monthly threshold),Monthly Habitat Compression Index over 40-43.5N,nan,nan,0.0,2.0
1998,8,1998-08,0.2481133652560996,nan,nan,nan,Habitat Area (fraction below monthly threshold),Monthly Habitat Compression Index over 40-43.5N,nan,nan,0.0,2.0
1998,9,1998-09,0.4403871536255175,nan,nan,nan,Habitat Area (fraction below monthly threshold),Monthly Habitat Compression Index over 40-43.5N,nan,nan,0.0,2.0
1998,10,1998-10,0.1909594898338907,nan,nan,nan,Habitat Area (fraction below monthly threshold),Monthly Habitat Compression Index over 40-43.5N,nan,nan,0.0,2.0
1998,11,1998-11,0.4131884202697117,nan,nan,nan,Habitat Area (fraction below monthly threshold),Monthly Habitat Compression Index over 40-43.5N,nan,nan,0.0,2.0
1998,12,1998-12,0.8923365214880792,nan,nan,nan,Habitat Area (fraction below monthly threshold),Monthly Habitat Compression Index over 40-43.5N,nan,nan,0.0,2.0
1999,1,1999-01,0.9799278610668888,nan,nan,nan,Habitat Area (fraction below monthly threshold),Monthly Habitat Compression Index over 40-43.5N,nan,nan,0.0,2.0
1999,2,1999-02,1.0,nan,nan,nan,Habitat Area (fraction below monthly threshold),Monthly Habitat Compression Index over 40-43.5N,nan,nan,0.0,2.0
1999,3,1999-03,0.9783854181683788,nan,nan,nan,Habitat Area (fraction below monthly threshold),Monthly Habitat Compression Index over 40-43.5N,nan,nan,0.0,2.0
1999,4,1999-04,1.0,nan,nan,nan,Habitat Area (fraction below monthly threshold),Monthly Habitat Compression Index over 40-43.5N,nan,nan,0.0,2.0
1999,5,1999-05,1.0,nan,nan,nan,Habitat Area (fraction below monthly threshold),Monthly Habitat Compression Index over 40-43.5N,nan,nan,0.0,2.0
1999,6,1999-06,0.60414550746071,nan,nan,nan,Habitat Area (fraction below monthly threshold),Monthly Habitat Compression Index over 40-43.5N,nan,nan,0.0,2.0
1999,7,1999-07,0.3023667658294749,nan,nan,nan,Habitat Area (fraction below monthly threshold),Monthly Habitat Compression Index over 40-43.5N,nan,nan,0.0,2.0
1999,8,1999-08,0.0224452517588784,nan,nan,nan,Habitat Area (fraction below monthly threshold),Monthly Habitat Compression Index over 40-43.5N,nan,nan,0.0,2.0
1999,9,1999-09,0.3943853737681758,nan,nan,nan,Habitat Area (fraction below monthly threshold),Monthly Habitat Compression Index over 40-43.5N,nan,nan,0.0,2.0
1999,10,1999-10,0.6928559897569548,nan,nan,nan,Habitat Area (fraction below monthly threshold),Monthly Habitat Compression Index over 40-43.5N,nan,nan,0.0,2.0
1999,11,1999-11,0.749917181617435,nan,nan,nan,Habitat Area (fraction below monthly threshold),Monthly Habitat Compression Index over 40-43.5N,nan,nan,0.0,2.0
1999,12,1999-12,0.844865503199227,nan,nan,nan,Habitat Area (fraction below monthly threshold),Monthly Habitat Compression Index over 40-43.5N,nan,nan,0.0,2.0
2000,1,2000-01,0.7774341516423332,nan,nan,nan,Habitat Area (fraction below monthly threshold),Monthly Habitat Compression Index over 40-43.5N,nan,nan,0.0,2.0
2000,2,2000-02,0.557450565871647,nan,nan,nan,Habitat Area (fraction below monthly threshold),Monthly Habitat Compression Index over 40-43.5N,nan,nan,0.0,2.0
2000,3,2000-03,0.512893825656,nan,nan,nan,Habitat Area (fraction below monthly threshold),Monthly Habitat Compression Index over 40-43.5N,nan,nan,0.0,2.0
2000,4,2000-04,0.286876699802447,nan,nan,nan,Habitat Area (fraction below monthly threshold),Monthly Habitat Compression Index over 40-43.5N,nan,nan,0.0,2.0
2000,5,2000-05,0.0150151531826724,nan,nan,nan,Habitat Area (fraction below monthly threshold),Monthly Habitat Compression Index over 40-43.5N,nan,nan,0.0,2.0
2000,6,2000-06,0.2428792266136627,nan,nan,nan,Habitat Area (fraction below monthly threshold),Monthly Habitat Compression Index over 40-43.5N,nan,nan,0.0,2.0
2000,7,2000-07,0.3724836497886669,nan,nan,nan,Habitat Area (fraction below monthly threshold),Monthly Habitat Compression Index over 40-43.5N,nan,nan,0.0,2.0
2000,8,2000-08,0.2920347249459695,nan,nan,nan,Habitat Area (fraction below monthly threshold),Monthly Habitat Compression Index over 40-43.5N,nan,nan,0.0,2.0
2000,9,2000-09,0.2932705853598349,nan,nan,nan,Habitat Area (fraction below monthly threshold),Monthly Habitat Compression Index over 40-43.5N,nan,nan,0.0,2.0
2000,10,2000-10,0.4457957290509562,nan,nan,nan,Habitat Area (fraction below monthly threshold),Monthly Habitat Compression Index over 40-43.5N,nan,nan,0.0,2.0
2000,11,2000-11,0.8430712211244714,nan,nan,nan,Habitat Area (fraction below monthly threshold),Monthly Habitat Compression Index over 40-43.5N,nan,nan,0.0,2.0
2000,12,2000-12,0.4806727364535428,nan,nan,nan,Habitat Area (fraction below monthly threshold),Monthly Habitat Compression Index over 40-43.5N,nan,nan,0.0,2.0
2001,1,2001-01,0.5617526030398291,nan,nan,nan,Habitat Area (fraction below monthly threshold),Monthly Habitat Compression Index over 40-43.5N,nan,nan,0.0,2.0
2001,2,2001-02,1.0,nan,nan,nan,Habitat Area (fraction below monthly threshold),Monthly Habitat Compression Index over 40-43.5N,nan,nan,0.0,2.0
2001,3,2001-03,0.9604353349934732,nan,nan,nan,Habitat Area (fraction below monthly threshold),Monthly Habitat Compression Index over 40-43.5N,nan,nan,0.0,2.0
2001,4,2001-04,1.0,nan,nan,nan,Habitat Area (fraction below monthly threshold),Monthly Habitat Compression Index over 40-43.5N,nan,nan,0.0,2.0
2001,5,2001-05,0.7635695049849319,nan,nan,nan,Habitat Area (fraction below monthly threshold),Monthly Habitat Compression Index over 40-43.5N,nan,nan,0.0,2.0
2001,6,2001-06,0.4867460075193984,nan,nan,nan,Habitat Area (fraction below monthly threshold),Monthly Habitat Compression Index over 40-43.5N,nan,nan,0.0,2.0
2001,7,2001-07,0.5386213239331235,nan,nan,nan,Habitat Area (fraction below monthly threshold),Monthly Habitat Compression Index over 40-43.5N,nan,nan,0.0,2.0
2001,8,2001-08,0.4175586544655409,nan,nan,nan,Habitat Area (fraction below monthly threshold),Monthly Habitat Compression Index over 40-43.5N,nan,nan,0.0,2.0
2001,9,2001-09,0.503018252014147,nan,nan,nan,Habitat Area (fraction below monthly threshold),Monthly Habitat Compression Index over 40-43.5N,nan,nan,0.0,2.0
2001,10,2001-10,0.5554201508590221,nan,nan,nan,Habitat Area (fraction below monthly threshold),Monthly Habitat Compression Index over 40-43.5N,nan,nan,0.0,2.0
2001,11,2001-11,0.5812323849842016,nan,nan,nan,Habitat Area (fraction below monthly threshold),Monthly Habitat Compression Index over 40-43.5N,nan,nan,0.0,2.0
2001,12,2001-12,0.9429819235771014,nan,nan,nan,Habitat Area (fraction below monthly threshold),Monthly Habitat Compression Index over 40-43.5N,nan,nan,0.0,2.0
2002,1,2002-01,0.8282031004322317,nan,nan,nan,Habitat Area (fraction below monthly threshold),Monthly Habitat Compression Index over 40-43.5N,nan,nan,0.0,2.0
2002,2,2002-02,1.0,nan,nan,nan,Habitat Area (fraction below monthly threshold),Monthly Habitat Compression Index over 40-43.5N,nan,nan,0.0,2.0
2002,3,2002-03,0.9537267835021972,nan,nan,nan,Habitat Area (fraction below monthly threshold),Monthly Habitat Compression Index over 40-43.5N,nan,nan,0.0,2.0
2002,4,2002-04,0.9784103708611936,nan,nan,nan,Habitat Area (fraction below monthly threshold),Monthly Habitat Compression Index over 40-43.5N,nan,nan,0.0,2.0
2002,5,2002-05,1.0,nan,nan,nan,Habitat Area (fraction below monthly threshold),Monthly Habitat Compression Index over 40-43.5N,nan,nan,0.0,2.0
2002,6,2002-06,0.4679181521448122,nan,nan,nan,Habitat Area (fraction below monthly threshold),Monthly Habitat Compression Index over 40-43.5N,nan,nan,0.0,2.0
2002,7,2002-07,0.2461288975893001,nan,nan,nan,Habitat Area (fraction below monthly threshold),Monthly Habitat Compression Index over 40-43.5N,nan,nan,0.0,2.0
2002,8,2002-08,0.6898291584981141,nan,nan,nan,Habitat Area (fraction below monthly threshold),Monthly Habitat Compression Index over 40-43.5N,nan,nan,0.0,2.0
2002,9,2002-09,0.43677020957187,nan,nan,nan,Habitat Area (fraction below monthly threshold),Monthly Habitat Compression Index over 40-43.5N,nan,nan,0.0,2.0
2002,10,2002-10,0.8850671747065695,nan,nan,nan,Habitat Area (fraction below monthly threshold),Monthly Habitat Compression Index over 40-43.5N,nan,nan,0.0,2.0
2002,11,2002-11,0.4708750961417094,nan,nan,nan,Habitat Area (fraction below monthly threshold),Monthly Habitat Compression Index over 40-43.5N,nan,nan,0.0,2.0
2002,12,2002-12,0.0,nan,nan,nan,Habitat Area (fraction below monthly threshold),Monthly Habitat Compression Index over 40-43.5N,nan,nan,0.0,2.0
2003,1,2003-01,0.0029471066425753,nan,nan,nan,Habitat Area (fraction below monthly threshold),Monthly Habitat Compression Index over 40-43.5N,nan,nan,0.0,2.0
2003,2,2003-02,0.0396543862145662,nan,nan,nan,Habitat Area (fraction below monthly threshold),Monthly Habitat Compression Index over 40-43.5N,nan,nan,0.0,2.0
2003,3,2003-03,0.0351796754437557,nan,nan,nan,Habitat Area (fraction below monthly threshold),Monthly Habitat Compression Index over 40-43.5N,nan,nan,0.0,2.0
2003,4,2003-04,0.2431056124967761,nan,nan,nan,Habitat Area (fraction below monthly threshold),Monthly Habitat Compression Index over 40-43.5N,nan,nan,0.0,2.0
2003,5,2003-05,0.1426158879125019,nan,nan,nan,Habitat Area (fraction below monthly threshold),Monthly Habitat Compression Index over 40-43.5N,nan,nan,0.0,2.0
2003,6,2003-06,0.4331801856956066,nan,nan,nan,Habitat Area (fraction below monthly threshold),Monthly Habitat Compression Index over 40-43.5N,nan,nan,0.0,2.0
2003,7,2003-07,0.2511215844235917,nan,nan,nan,Habitat Area (fraction below monthly threshold),Monthly Habitat Compression Index over 40-43.5N,nan,nan,0.0,2.0
2003,8,2003-08,0.0783701327881064,nan,nan,nan,Habitat Area (fraction below monthly threshold),Monthly Habitat Compression Index over 40-43.5N,nan,nan,0.0,2.0
2003,9,2003-09,0.2668192477069468,nan,nan,nan,Habitat Area (fraction below monthly threshold),Monthly Habitat Compression Index over 40-43.5N,nan,nan,0.0,2.0
2003,10,2003-10,0.1385867918113091,nan,nan,nan,Habitat Area (fraction below monthly threshold),Monthly Habitat Compression Index over 40-43.5N,nan,nan,0.0,2.0
2003,11,2003-11,0.4682468122177717,nan,nan,nan,Habitat Area (fraction below monthly threshold),Monthly Habitat Compression Index over 40-43.5N,nan,nan,0.0,2.0
2003,12,2003-12,0.5557220904620201,nan,nan,nan,Habitat Area (fraction below monthly threshold),Monthly Habitat Compression Index over 40-43.5N,nan,nan,0.0,2.0
2004,1,2004-01,0.6098016134309827,nan,nan,nan,Habitat Area (fraction below monthly threshold),Monthly Habitat Compression Index over 40-43.5N,nan,nan,0.0,2.0
2004,2,2004-02,0.6459681491047632,nan,nan,nan,Habitat Area (fraction below monthly threshold),Monthly Habitat Compression Index over 40-43.5N,nan,nan,0.0,2.0
2004,3,2004-03,0.0638456382186009,nan,nan,nan,Habitat Area (fraction below monthly threshold),Monthly Habitat Compression Index over 40-43.5N,nan,nan,0.0,2.0
2004,4,2004-04,0.0899038943029494,nan,nan,nan,Habitat Area (fraction below monthly threshold),Monthly Habitat Compression Index over 40-43.5N,nan,nan,0.0,2.0
2004,5,2004-05,0.0291889455579282,nan,nan,nan,Habitat Area (fraction below monthly threshold),Monthly Habitat Compression Index over 40-43.5N,nan,nan,0.0,2.0
2004,6,2004-06,0.1653582909535264,nan,nan,nan,Habitat Area (fraction below monthly threshold),Monthly Habitat Compression Index over 40-43.5N,nan,nan,0.0,2.0
2004,7,2004-07,0.1569794036140391,nan,nan,nan,Habitat Area (fraction below monthly threshold),Monthly Habitat Compression Index over 40-43.5N,nan,nan,0.0,2.0
2004,8,2004-08,0.1177900716583186,nan,nan,nan,Habitat Area (fraction below monthly threshold),Monthly Habitat Compression Index over 40-43.5N,nan,nan,0.0,2.0
2004,9,2004-09,0.2046657240731688,nan,nan,nan,Habitat Area (fraction below monthly threshold),Monthly Habitat Compression Index over 40-43.5N,nan,nan,0.0,2.0
2004,10,2004-10,0.1705540892505352,nan,nan,nan,Habitat Area (fraction below monthly threshold),Monthly Habitat Compression Index over 40-43.5N,nan,nan,0.0,2.0
2004,11,2004-11,0.7549070020205192,nan,nan,nan,Habitat Area (fraction below monthly threshold),Monthly Habitat Compression Index over 40-43.5N,nan,nan,0.0,2.0
2004,12,2004-12,0.8919827642021879,nan,nan,nan,Habitat Area (fraction below monthly threshold),Monthly Habitat Compression Index over 40-43.5N,nan,nan,0.0,2.0
2005,1,2005-01,0.8168992504665686,nan,nan,nan,Habitat Area (fraction below monthly threshold),Monthly Habitat Compression Index over 40-43.5N,nan,nan,0.0,2.0
2005,2,2005-02,0.3044448283814424,nan,nan,nan,Habitat Area (fraction below monthly threshold),Monthly Habitat Compression Index over 40-43.5N,nan,nan,0.0,2.0
2005,3,2005-03,0.0,nan,nan,nan,Habitat Area (fraction below monthly threshold),Monthly Habitat Compression Index over 40-43.5N,nan,nan,0.0,2.0
2005,4,2005-04,0.0736691517776153,nan,nan,nan,Habitat Area (fraction below monthly threshold),Monthly Habitat Compression Index over 40-43.5N,nan,nan,0.0,2.0
2005,5,2005-05,0.0,nan,nan,nan,Habitat Area (fraction below monthly threshold),Monthly Habitat Compression Index over 40-43.5N,nan,nan,0.0,2.0
2005,6,2005-06,0.154961963290845,nan,nan,nan,Habitat Area (fraction below monthly threshold),Monthly Habitat Compression Index over 40-43.5N,nan,nan,0.0,2.0
2005,7,2005-07,0.2055675179826811,nan,nan,nan,Habitat Area (fraction below monthly threshold),Monthly Habitat Compression Index over 40-43.5N,nan,nan,0.0,2.0
2005,8,2005-08,0.7544712312862968,nan,nan,nan,Habitat Area (fraction below monthly threshold),Monthly Habitat Compression Index over 40-43.5N,nan,nan,0.0,2.0
2005,9,2005-09,0.6928673534785007,nan,nan,nan,Habitat Area (fraction below monthly threshold),Monthly Habitat Compression Index over 40-43.5N,nan,nan,0.0,2.0
2005,10,2005-10,0.6418320158655706,nan,nan,nan,Habitat Area (fraction below monthly threshold),Monthly Habitat Compression Index over 40-43.5N,nan,nan,0.0,2.0
2005,11,2005-11,0.8183443299453741,nan,nan,nan,Habitat Area (fraction below monthly threshold),Monthly Habitat Compression Index over 40-43.5N,nan,nan,0.0,2.0
2005,12,2005-12,0.6312422825156535,nan,nan,nan,Habitat Area (fraction below monthly threshold),Monthly Habitat Compression Index over 40-43.5N,nan,nan,0.0,2.0
2006,1,2006-01,0.1548109547597335,nan,nan,nan,Habitat Area (fraction below monthly threshold),Monthly Habitat Compression Index over 40-43.5N,nan,nan,0.0,2.0
2006,2,2006-02,0.3673143868199368,nan,nan,nan,Habitat Area (fraction below monthly threshold),Monthly Habitat Compression Index over 40-43.5N,nan,nan,0.0,2.0
2006,3,2006-03,0.4353298614776341,nan,nan,nan,Habitat Area (fraction below monthly threshold),Monthly Habitat Compression Index over 40-43.5N,nan,nan,0.0,2.0
2006,4,2006-04,0.591228820167214,nan,nan,nan,Habitat Area (fraction below monthly threshold),Monthly Habitat Compression Index over 40-43.5N,nan,nan,0.0,2.0
2006,5,2006-05,0.4712151119245116,nan,nan,nan,Habitat Area (fraction below monthly threshold),Monthly Habitat Compression Index over 40-43.5N,nan,nan,0.0,2.0
2006,6,2006-06,0.1715816066422789,nan,nan,nan,Habitat Area (fraction below monthly threshold),Monthly Habitat Compression Index over 40-43.5N,nan,nan,0.0,2.0
2006,7,2006-07,0.2864533663256325,nan,nan,nan,Habitat Area (fraction below monthly threshold),Monthly Habitat Compression Index over 40-43.5N,nan,nan,0.0,2.0
2006,8,2006-08,0.7076532054076672,nan,nan,nan,Habitat Area (fraction below monthly threshold),Monthly Habitat Compression Index over 40-43.5N,nan,nan,0.0,2.0
2006,9,2006-09,0.6194115028263977,nan,nan,nan,Habitat Area (fraction below monthly threshold),Monthly Habitat Compression Index over 40-43.5N,nan,nan,0.0,2.0
2006,10,2006-10,0.6523107132442538,nan,nan,nan,Habitat Area (fraction below monthly threshold),Monthly Habitat Compression Index over 40-43.5N,nan,nan,0.0,2.0
2006,11,2006-11,0.6995271929104259,nan,nan,nan,Habitat Area (fraction below monthly threshold),Monthly Habitat Compression Index over 40-43.5N,nan,nan,0.0,2.0
2006,12,2006-12,0.7056667398826598,nan,nan,nan,Habitat Area (fraction below monthly threshold),Monthly Habitat Compression Index over 40-43.5N,nan,nan,0.0,2.0
2007,1,2007-01,0.9768588508409648,nan,nan,nan,Habitat Area (fraction below monthly threshold),Monthly Habitat Compression Index over 40-43.5N,nan,nan,0.0,2.0
2007,2,2007-02,0.9368465564552764,nan,nan,nan,Habitat Area (fraction below monthly threshold),Monthly Habitat Compression Index over 40-43.5N,nan,nan,0.0,2.0
2007,3,2007-03,0.8847901151373062,nan,nan,nan,Habitat Area (fraction below monthly threshold),Monthly Habitat Compression Index over 40-43.5N,nan,nan,0.0,2.0
2007,4,2007-04,0.9617668828291908,nan,nan,nan,Habitat Area (fraction below monthly threshold),Monthly Habitat Compression Index over 40-43.5N,nan,nan,0.0,2.0
2007,5,2007-05,0.5913988039750464,nan,nan,nan,Habitat Area (fraction below monthly threshold),Monthly Habitat Compression Index over 40-43.5N,nan,nan,0.0,2.0
2007,6,2007-06,0.5024617458888432,nan,nan,nan,Habitat Area (fraction below monthly threshold),Monthly Habitat Compression Index over 40-43.5N,nan,nan,0.0,2.0
2007,7,2007-07,0.0802467119400197,nan,nan,nan,Habitat Area (fraction below monthly threshold),Monthly Habitat Compression Index over 40-43.5N,nan,nan,0.0,2.0
2007,8,2007-08,0.0961837290383893,nan,nan,nan,Habitat Area (fraction below monthly threshold),Monthly Habitat Compression Index over 40-43.5N,nan,nan,0.0,2.0
2007,9,2007-09,0.2745366317430328,nan,nan,nan,Habitat Area (fraction below monthly threshold),Monthly Habitat Compression Index over 40-43.5N,nan,nan,0.0,2.0
2007,10,2007-10,0.3476773521102659,nan,nan,nan,Habitat Area (fraction below monthly threshold),Monthly Habitat Compression Index over 40-43.5N,nan,nan,0.0,2.0
2007,11,2007-11,0.949067694274292,nan,nan,nan,Habitat Area (fraction below monthly threshold),Monthly Habitat Compression Index over 40-43.5N,nan,nan,0.0,2.0
2007,12,2007-12,1.0,nan,nan,nan,Habitat Area (fraction below monthly threshold),Monthly Habitat Compression Index over 40-43.5N,nan,nan,0.0,2.0
2008,1,2008-01,1.0,nan,nan,nan,Habitat Area (fraction below monthly threshold),Monthly Habitat Compression Index over 40-43.5N,nan,nan,0.0,2.0
2008,2,2008-02,1.0,nan,nan,nan,Habitat Area (fraction below monthly threshold),Monthly Habitat Compression Index over 40-43.5N,nan,nan,0.0,2.0
2008,3,2008-03,1.0,nan,nan,nan,Habitat Area (fraction below monthly threshold),Monthly Habitat Compression Index over 40-43.5N,nan,nan,0.0,2.0
2008,4,2008-04,1.0,nan,nan,nan,Habitat Area (fraction below monthly threshold),Monthly Habitat Compression Index over 40-43.5N,nan,nan,0.0,2.0
2008,5,2008-05,1.0,nan,nan,nan,Habitat Area (fraction below monthly threshold),Monthly Habitat Compression Index over 40-43.5N,nan,nan,0.0,2.0
2008,6,2008-06,0.7753727918368671,nan,nan,nan,Habitat Area (fraction below monthly threshold),Monthly Habitat Compression Index over 40-43.5N,nan,nan,0.0,2.0
2008,7,2008-07,0.6804089092108578,nan,nan,nan,Habitat Area (fraction below monthly threshold),Monthly Habitat Compression Index over 40-43.5N,nan,nan,0.0,2.0
2008,8,2008-08,0.2853621061584803,nan,nan,nan,Habitat Area (fraction below monthly threshold),Monthly Habitat Compression Index over 40-43.5N,nan,nan,0.0,2.0
2008,9,2008-09,0.581567300159009,nan,nan,nan,Habitat Area (fraction below monthly threshold),Monthly Habitat Compression Index over 40-43.5N,nan,nan,0.0,2.0
2008,10,2008-10,0.4747558261141847,nan,nan,nan,Habitat Area (fraction below monthly threshold),Monthly Habitat Compression Index over 40-43.5N,nan,nan,0.0,2.0
2008,11,2008-11,0.6476082085587884,nan,nan,nan,Habitat Area (fraction below monthly threshold),Monthly Habitat Compression Index over 40-43.5N,nan,nan,0.0,2.0
2008,12,2008-12,0.8486024888371319,nan,nan,nan,Habitat Area (fraction below monthly threshold),Monthly Habitat Compression Index over 40-43.5N,nan,nan,0.0,2.0
2009,1,2009-01,0.986104426411756,nan,nan,nan,Habitat Area (fraction below monthly threshold),Monthly Habitat Compression Index over 40-43.5N,nan,nan,0.0,2.0
2009,2,2009-02,1.0,nan,nan,nan,Habitat Area (fraction below monthly threshold),Monthly Habitat Compression Index over 40-43.5N,nan,nan,0.0,2.0
2009,3,2009-03,1.0,nan,nan,nan,Habitat Area (fraction below monthly threshold),Monthly Habitat Compression Index over 40-43.5N,nan,nan,0.0,2.0
2009,4,2009-04,1.0,nan,nan,nan,Habitat Area (fraction below monthly threshold),Monthly Habitat Compression Index over 40-43.5N,nan,nan,0.0,2.0
2009,5,2009-05,0.9953658775536428,nan,nan,nan,Habitat Area (fraction below monthly threshold),Monthly Habitat Compression Index over 40-43.5N,nan,nan,0.0,2.0
2009,6,2009-06,0.267593559628324,nan,nan,nan,Habitat Area (fraction below monthly threshold),Monthly Habitat Compression Index over 40-43.5N,nan,nan,0.0,2.0
2009,7,2009-07,0.3520172728556265,nan,nan,nan,Habitat Area (fraction below monthly threshold),Monthly Habitat Compression Index over 40-43.5N,nan,nan,0.0,2.0
2009,8,2009-08,0.3154402534594577,nan,nan,nan,Habitat Area (fraction below monthly threshold),Monthly Habitat Compression Index over 40-43.5N,nan,nan,0.0,2.0
2009,9,2009-09,0.1436985364820069,nan,nan,nan,Habitat Area (fraction below monthly threshold),Monthly Habitat Compression Index over 40-43.5N,nan,nan,0.0,2.0
2009,10,2009-10,0.4619713859493872,nan,nan,nan,Habitat Area (fraction below monthly threshold),Monthly Habitat Compression Index over 40-43.5N,nan,nan,0.0,2.0
2009,11,2009-11,0.242314909920056,nan,nan,nan,Habitat Area (fraction below monthly threshold),Monthly Habitat Compression Index over 40-43.5N,nan,nan,0.0,2.0
2009,12,2009-12,0.8893519430122547,nan,nan,nan,Habitat Area (fraction below monthly threshold),Monthly Habitat Compression Index over 40-43.5N,nan,nan,0.0,2.0
2010,1,2010-01,0.6692233986578612,nan,nan,nan,Habitat Area (fraction below monthly threshold),Monthly Habitat Compression Index over 40-43.5N,nan,nan,0.0,2.0
2010,2,2010-02,0.7062712453456998,nan,nan,nan,Habitat Area (fraction below monthly threshold),Monthly Habitat Compression Index over 40-43.5N,nan,nan,0.0,2.0
2010,3,2010-03,0.0175620503340692,nan,nan,nan,Habitat Area (fraction below monthly threshold),Monthly Habitat Compression Index over 40-43.5N,nan,nan,0.0,2.0
2010,4,2010-04,0.7355596905861724,nan,nan,nan,Habitat Area (fraction below monthly threshold),Monthly Habitat Compression Index over 40-43.5N,nan,nan,0.0,2.0
2010,5,2010-05,0.2574595487533608,nan,nan,nan,Habitat Area (fraction below monthly threshold),Monthly Habitat Compression Index over 40-43.5N,nan,nan,0.0,2.0
2010,6,2010-06,0.4685624505173559,nan,nan,nan,Habitat Area (fraction below monthly threshold),Monthly Habitat Compression Index over 40-43.5N,nan,nan,0.0,2.0
2010,7,2010-07,0.7211480778508889,nan,nan,nan,Habitat Area (fraction below monthly threshold),Monthly Habitat Compression Index over 40-43.5N,nan,nan,0.0,2.0
2010,8,2010-08,0.7213621644385417,nan,nan,nan,Habitat Area (fraction below monthly threshold),Monthly Habitat Compression Index over 40-43.5N,nan,nan,0.0,2.0
2010,9,2010-09,0.4526567787170228,nan,nan,nan,Habitat Area (fraction below monthly threshold),Monthly Habitat Compression Index over 40-43.5N,nan,nan,0.0,2.0
2010,10,2010-10,0.4151937898043466,nan,nan,nan,Habitat Area (fraction below monthly threshold),Monthly Habitat Compression Index over 40-43.5N,nan,nan,0.0,2.0
2010,11,2010-11,0.6997096108391608,nan,nan,nan,Habitat Area (fraction below monthly threshold),Monthly Habitat Compression Index over 40-43.5N,nan,nan,0.0,2.0
2010,12,2010-12,0.7512886836306552,nan,nan,nan,Habitat Area (fraction below monthly threshold),Monthly Habitat Compression Index over 40-43.5N,nan,nan,0.0,2.0
2011,1,2011-01,0.823566326182071,nan,nan,nan,Habitat Area (fraction below monthly threshold),Monthly Habitat Compression Index over 40-43.5N,nan,nan,0.0,2.0
2011,2,2011-02,0.976856576867171,nan,nan,nan,Habitat Area (fraction below monthly threshold),Monthly Habitat Compression Index over 40-43.5N,nan,nan,0.0,2.0
2011,3,2011-03,0.8891261181922535,nan,nan,nan,Habitat Area (fraction below monthly threshold),Monthly Habitat Compression Index over 40-43.5N,nan,nan,0.0,2.0
2011,4,2011-04,0.939926627506052,nan,nan,nan,Habitat Area (fraction below monthly threshold),Monthly Habitat Compression Index over 40-43.5N,nan,nan,0.0,2.0
2011,5,2011-05,0.5925055665148306,nan,nan,nan,Habitat Area (fraction below monthly threshold),Monthly Habitat Compression Index over 40-43.5N,nan,nan,0.0,2.0
2011,6,2011-06,0.4555629842446649,nan,nan,nan,Habitat Area (fraction below monthly threshold),Monthly Habitat Compression Index over 40-43.5N,nan,nan,0.0,2.0
2011,7,2011-07,0.499457958443131,nan,nan,nan,Habitat Area (fraction below monthly threshold),Monthly Habitat Compression Index over 40-43.5N,nan,nan,0.0,2.0
2011,8,2011-08,0.3922845286074932,nan,nan,nan,Habitat Area (fraction below monthly threshold),Monthly Habitat Compression Index over 40-43.5N,nan,nan,0.0,2.0
2011,9,2011-09,0.401809395178958,nan,nan,nan,Habitat Area (fraction below monthly threshold),Monthly Habitat Compression Index over 40-43.5N,nan,nan,0.0,2.0
2011,10,2011-10,0.1646165300490107,nan,nan,nan,Habitat Area (fraction below monthly threshold),Monthly Habitat Compression Index over 40-43.5N,nan,nan,0.0,2.0
2011,11,2011-11,0.6726719533987543,nan,nan,nan,Habitat Area (fraction below monthly threshold),Monthly Habitat Compression Index over 40-43.5N,nan,nan,0.0,2.0
2011,12,2011-12,1.0,nan,nan,nan,Habitat Area (fraction below monthly threshold),Monthly Habitat Compression Index over 40-43.5N,nan,nan,0.0,2.0
2012,1,2012-01,1.0,nan,nan,nan,Habitat Area (fraction below monthly threshold),Monthly Habitat Compression Index over 40-43.5N,nan,nan,0.0,2.0
2012,2,2012-02,1.0,nan,nan,nan,Habitat Area (fraction below monthly threshold),Monthly Habitat Compression Index over 40-43.5N,nan,nan,0.0,2.0
2012,3,2012-03,1.0,nan,nan,nan,Habitat Area (fraction below monthly threshold),Monthly Habitat Compression Index over 40-43.5N,nan,nan,0.0,2.0
2012,4,2012-04,0.9092144792251344,nan,nan,nan,Habitat Area (fraction below monthly threshold),Monthly Habitat Compression Index over 40-43.5N,nan,nan,0.0,2.0
2012,5,2012-05,0.9022166741983728,nan,nan,nan,Habitat Area (fraction below monthly threshold),Monthly Habitat Compression Index over 40-43.5N,nan,nan,0.0,2.0
2012,6,2012-06,0.4984709106944329,nan,nan,nan,Habitat Area (fraction below monthly threshold),Monthly Habitat Compression Index over 40-43.5N,nan,nan,0.0,2.0
2012,7,2012-07,0.3812286061411863,nan,nan,nan,Habitat Area (fraction below monthly threshold),Monthly Habitat Compression Index over 40-43.5N,nan,nan,0.0,2.0
2012,8,2012-08,0.5083937719959303,nan,nan,nan,Habitat Area (fraction below monthly threshold),Monthly Habitat Compression Index over 40-43.5N,nan,nan,0.0,2.0
2012,9,2012-09,0.5577707060179556,nan,nan,nan,Habitat Area (fraction below monthly threshold),Monthly Habitat Compression Index over 40-43.5N,nan,nan,0.0,2.0
2012,10,2012-10,0.6406556999242985,nan,nan,nan,Habitat Area (fraction below monthly threshold),Monthly Habitat Compression Index over 40-43.5N,nan,nan,0.0,2.0
2012,11,2012-11,0.1432912345934509,nan,nan,nan,Habitat Area (fraction below monthly threshold),Monthly Habitat Compression Index over 40-43.5N,nan,nan,0.0,2.0
2012,12,2012-12,0.2527138881512937,nan,nan,nan,Habitat Area (fraction below monthly threshold),Monthly Habitat Compression Index over 40-43.5N,nan,nan,0.0,2.0
2013,1,2013-01,0.8264432459338934,nan,nan,nan,Habitat Area (fraction below monthly threshold),Monthly Habitat Compression Index over 40-43.5N,nan,nan,0.0,2.0
2013,2,2013-02,1.0,nan,nan,nan,Habitat Area (fraction below monthly threshold),Monthly Habitat Compression Index over 40-43.5N,nan,nan,0.0,2.0
2013,3,2013-03,0.9846074440909396,nan,nan,nan,Habitat Area (fraction below monthly threshold),Monthly Habitat Compression Index over 40-43.5N,nan,nan,0.0,2.0
2013,4,2013-04,0.9630359598608592,nan,nan,nan,Habitat Area (fraction below monthly threshold),Monthly Habitat Compression Index over 40-43.5N,nan,nan,0.0,2.0
2013,5,2013-05,0.416284660416691,nan,nan,nan,Habitat Area (fraction below monthly threshold),Monthly Habitat Compression Index over 40-43.5N,nan,nan,0.0,2.0
2013,6,2013-06,0.2963835484541249,nan,nan,nan,Habitat Area (fraction below monthly threshold),Monthly Habitat Compression Index over 40-43.5N,nan,nan,0.0,2.0
2013,7,2013-07,0.4446366650685635,nan,nan,nan,Habitat Area (fraction below monthly threshold),Monthly Habitat Compression Index over 40-43.5N,nan,nan,0.0,2.0
2013,8,2013-08,0.3031842433232724,nan,nan,nan,Habitat Area (fraction below monthly threshold),Monthly Habitat Compression Index over 40-43.5N,nan,nan,0.0,2.0
2013,9,2013-09,0.0765354227913311,nan,nan,nan,Habitat Area (fraction below monthly threshold),Monthly Habitat Compression Index over 40-43.5N,nan,nan,0.0,2.0
2013,10,2013-10,0.2881148327113808,nan,nan,nan,Habitat Area (fraction below monthly threshold),Monthly Habitat Compression Index over 40-43.5N,nan,nan,0.0,2.0
2013,11,2013-11,0.5734789320886877,nan,nan,nan,Habitat Area (fraction below monthly threshold),Monthly Habitat Compression Index over 40-43.5N,nan,nan,0.0,2.0
2013,12,2013-12,0.8649193524011757,nan,nan,nan,Habitat Area (fraction below monthly threshold),Monthly Habitat Compression Index over 40-43.5N,nan,nan,0.0,2.0
2014,1,2014-01,0.7061574280541973,nan,nan,nan,Habitat Area (fraction below monthly threshold),Monthly Habitat Compression Index over 40-43.5N,nan,nan,0.0,2.0
2014,2,2014-02,0.7853141864625108,nan,nan,nan,Habitat Area (fraction below monthly threshold),Monthly Habitat Compression Index over 40-43.5N,nan,nan,0.0,2.0
2014,3,2014-03,0.0832031499269454,nan,nan,nan,Habitat Area (fraction below monthly threshold),Monthly Habitat Compression Index over 40-43.5N,nan,nan,0.0,2.0
2014,4,2014-04,0.268088194905636,nan,nan,nan,Habitat Area (fraction below monthly threshold),Monthly Habitat Compression Index over 40-43.5N,nan,nan,0.0,2.0
2014,5,2014-05,0.1148518871250156,nan,nan,nan,Habitat Area (fraction below monthly threshold),Monthly Habitat Compression Index over 40-43.5N,nan,nan,0.0,2.0
2014,6,2014-06,0.4727615842009898,nan,nan,nan,Habitat Area (fraction below monthly threshold),Monthly Habitat Compression Index over 40-43.5N,nan,nan,0.0,2.0
2014,7,2014-07,0.2738988615982471,nan,nan,nan,Habitat Area (fraction below monthly threshold),Monthly Habitat Compression Index over 40-43.5N,nan,nan,0.0,2.0
2014,8,2014-08,0.2935575103215159,nan,nan,nan,Habitat Area (fraction below monthly threshold),Monthly Habitat Compression Index over 40-43.5N,nan,nan,0.0,2.0
2014,9,2014-09,0.1964389357035871,nan,nan,nan,Habitat Area (fraction below monthly threshold),Monthly Habitat Compression Index over 40-43.5N,nan,nan,0.0,2.0
2014,10,2014-10,0.001498531035013,nan,nan,nan,Habitat Area (fraction below monthly threshold),Monthly Habitat Compression Index over 40-43.5N,nan,nan,0.0,2.0
2014,11,2014-11,0.0,nan,nan,nan,Habitat Area (fraction below monthly threshold),Monthly Habitat Compression Index over 40-43.5N,nan,nan,0.0,2.0
2014,12,2014-12,0.0,nan,nan,nan,Habitat Area (fraction below monthly threshold),Monthly Habitat Compression Index over 40-43.5N,nan,nan,0.0,2.0
2015,1,2015-01,0.0,nan,nan,nan,Habitat Area (fraction below monthly threshold),Monthly Habitat Compression Index over 40-43.5N,nan,nan,0.0,2.0
2015,2,2015-02,0.0,nan,nan,nan,Habitat Area (fraction below monthly threshold),Monthly Habitat Compression Index over 40-43.5N,nan,nan,0.0,2.0
2015,3,2015-03,0.0,nan,nan,nan,Habitat Area (fraction below monthly threshold),Monthly Habitat Compression Index over 40-43.5N,nan,nan,0.0,2.0
2015,4,2015-04,0.1153531561992474,nan,nan,nan,Habitat Area (fraction below monthly threshold),Monthly Habitat Compression Index over 40-43.5N,nan,nan,0.0,2.0
2015,5,2015-05,0.3848145568863004,nan,nan,nan,Habitat Area (fraction below monthly threshold),Monthly Habitat Compression Index over 40-43.5N,nan,nan,0.0,2.0
2015,6,2015-06,0.3841555668127293,nan,nan,nan,Habitat Area (fraction below monthly threshold),Monthly Habitat Compression Index over 40-43.5N,nan,nan,0.0,2.0
2015,7,2015-07,0.1217416408714271,nan,nan,nan,Habitat Area (fraction below monthly threshold),Monthly Habitat Compression Index over 40-43.5N,nan,nan,0.0,2.0
2015,8,2015-08,0.1450988667073151,nan,nan,nan,Habitat Area (fraction below monthly threshold),Monthly Habitat Compression Index over 40-43.5N,nan,nan,0.0,2.0
2015,9,2015-09,0.1292815088283804,nan,nan,nan,Habitat Area (fraction below monthly threshold),Monthly Habitat Compression Index over 40-43.5N,nan,nan,0.0,2.0
2015,10,2015-10,0.0480097689548365,nan,nan,nan,Habitat Area (fraction below monthly threshold),Monthly Habitat Compression Index over 40-43.5N,nan,nan,0.0,2.0
2015,11,2015-11,0.0107354278255725,nan,nan,nan,Habitat Area (fraction below monthly threshold),Monthly Habitat Compression Index over 40-43.5N,nan,nan,0.0,2.0
2015,12,2015-12,0.0,nan,nan,nan,Habitat Area (fraction below monthly threshold),Monthly Habitat Compression Index over 40-43.5N,nan,nan,0.0,2.0
2016,1,2016-01,0.010340004801484,nan,nan,nan,Habitat Area (fraction below monthly threshold),Monthly Habitat Compression Index over 40-43.5N,nan,nan,0.0,2.0
2016,2,2016-02,0.0044314531274804,nan,nan,nan,Habitat Area (fraction below monthly threshold),Monthly Habitat Compression Index over 40-43.5N,nan,nan,0.0,2.0
2016,3,2016-03,0.0,nan,nan,nan,Habitat Area (fraction below monthly threshold),Monthly Habitat Compression Index over 40-43.5N,nan,nan,0.0,2.0
2016,4,2016-04,0.0092200496702339,nan,nan,nan,Habitat Area (fraction below monthly threshold),Monthly Habitat Compression Index over 40-43.5N,nan,nan,0.0,2.0
2016,5,2016-05,0.2101561260692071,nan,nan,nan,Habitat Area (fraction below monthly threshold),Monthly Habitat Compression Index over 40-43.5N,nan,nan,0.0,2.0
2016,6,2016-06,0.2480020206798087,nan,nan,nan,Habitat Area (fraction below monthly threshold),Monthly Habitat Compression Index over 40-43.5N,nan,nan,0.0,2.0
2016,7,2016-07,0.3697237403926344,nan,nan,nan,Habitat Area (fraction below monthly threshold),Monthly Habitat Compression Index over 40-43.5N,nan,nan,0.0,2.0
2016,8,2016-08,0.6158591804867286,nan,nan,nan,Habitat Area (fraction below monthly threshold),Monthly Habitat Compression Index over 40-43.5N,nan,nan,0.0,2.0
2016,9,2016-09,0.3959512486764678,nan,nan,nan,Habitat Area (fraction below monthly threshold),Monthly Habitat Compression Index over 40-43.5N,nan,nan,0.0,2.0
2016,10,2016-10,0.1031176520807122,nan,nan,nan,Habitat Area (fraction below monthly threshold),Monthly Habitat Compression Index over 40-43.5N,nan,nan,0.0,2.0
2016,11,2016-11,0.0,nan,nan,nan,Habitat Area (fraction below monthly threshold),Monthly Habitat Compression Index over 40-43.5N,nan,nan,0.0,2.0
2016,12,2016-12,0.0,nan,nan,nan,Habitat Area (fraction below monthly threshold),Monthly Habitat Compression Index over 40-43.5N,nan,nan,0.0,2.0
2017,1,2017-01,0.4215986054610017,nan,nan,nan,Habitat Area (fraction below monthly threshold),Monthly Habitat Compression Index over 40-43.5N,nan,nan,0.0,2.0
2017,2,2017-02,0.506067133308025,nan,nan,nan,Habitat Area (fraction below monthly threshold),Monthly Habitat Compression Index over 40-43.5N,nan,nan,0.0,2.0
2017,3,2017-03,0.1869503622060945,nan,nan,nan,Habitat Area (fraction below monthly threshold),Monthly Habitat Compression Index over 40-43.5N,nan,nan,0.0,2.0
2017,4,2017-04,0.2101025091850233,nan,nan,nan,Habitat Area (fraction below monthly threshold),Monthly Habitat Compression Index over 40-43.5N,nan,nan,0.0,2.0
2017,5,2017-05,0.2814932922482816,nan,nan,nan,Habitat Area (fraction below monthly threshold),Monthly Habitat Compression Index over 40-43.5N,nan,nan,0.0,2.0
2017,6,2017-06,0.2700090633826776,nan,nan,nan,Habitat Area (fraction below monthly threshold),Monthly Habitat Compression Index over 40-43.5N,nan,nan,0.0,2.0
2017,7,2017-07,0.3761364899950752,nan,nan,nan,Habitat Area (fraction below monthly threshold),Monthly Habitat Compression Index over 40-43.5N,nan,nan,0.0,2.0
2017,8,2017-08,0.3474936335500026,nan,nan,nan,Habitat Area (fraction below monthly threshold),Monthly Habitat Compression Index over 40-43.5N,nan,nan,0.0,2.0
2017,9,2017-09,0.3020178470185468,nan,nan,nan,Habitat Area (fraction below monthly threshold),Monthly Habitat Compression Index over 40-43.5N,nan,nan,0.0,2.0
2017,10,2017-10,0.344596894519898,nan,nan,nan,Habitat Area (fraction below monthly threshold),Monthly Habitat Compression Index over 40-43.5N,nan,nan,0.0,2.0
2017,11,2017-11,0.2599197474334896,nan,nan,nan,Habitat Area (fraction below monthly threshold),Monthly Habitat Compression Index over 40-43.5N,nan,nan,0.0,2.0
2017,12,2017-12,0.0655196399646357,nan,nan,nan,Habitat Area (fraction below monthly threshold),Monthly Habitat Compression Index over 40-43.5N,nan,nan,0.0,2.0
2018,1,2018-01,0.0014626974039234,nan,nan,nan,Habitat Area (fraction below monthly threshold),Monthly Habitat Compression Index over 40-43.5N,nan,nan,0.0,2.0
2018,2,2018-02,0.5396201268052754,nan,nan,nan,Habitat Area (fraction below monthly threshold),Monthly Habitat Compression Index over 40-43.5N,nan,nan,0.0,2.0
2018,3,2018-03,0.5944578621156942,nan,nan,nan,Habitat Area (fraction below monthly threshold),Monthly Habitat Compression Index over 40-43.5N,nan,nan,0.0,2.0
2018,4,2018-04,0.4877239368660416,nan,nan,nan,Habitat Area (fraction below monthly threshold),Monthly Habitat Compression Index over 40-43.5N,nan,nan,0.0,2.0
2018,5,2018-05,0.2882426931928845,nan,nan,nan,Habitat Area (fraction below monthly threshold),Monthly Habitat Compression Index over 40-43.5N,nan,nan,0.0,2.0
2018,6,2018-06,0.3733624197832747,nan,nan,nan,Habitat Area (fraction below monthly threshold),Monthly Habitat Compression Index over 40-43.5N,nan,nan,0.0,2.0
2018,7,2018-07,0.435667236369961,nan,nan,nan,Habitat Area (fraction below monthly threshold),Monthly Habitat Compression Index over 40-43.5N,nan,nan,0.0,2.0
2018,8,2018-08,0.4062881300802411,nan,nan,nan,Habitat Area (fraction below monthly threshold),Monthly Habitat Compression Index over 40-43.5N,nan,nan,0.0,2.0
2018,9,2018-09,0.3786838184336803,nan,nan,nan,Habitat Area (fraction below monthly threshold),Monthly Habitat Compression Index over 40-43.5N,nan,nan,0.0,2.0
2018,10,2018-10,0.2897483815723266,nan,nan,nan,Habitat Area (fraction below monthly threshold),Monthly Habitat Compression Index over 40-43.5N,nan,nan,0.0,2.0
2018,11,2018-11,0.2653143593950242,nan,nan,nan,Habitat Area (fraction below monthly threshold),Monthly Habitat Compression Index over 40-43.5N,nan,nan,0.0,2.0
2018,12,2018-12,0.007327991390728,nan,nan,nan,Habitat Area (fraction below monthly threshold),Monthly Habitat Compression Index over 40-43.5N,nan,nan,0.0,2.0
2019,1,2019-01,0.0,nan,nan,nan,Habitat Area (fraction below monthly threshold),Monthly Habitat Compression Index over 40-43.5N,nan,nan,0.0,2.0
2019,2,2019-02,0.1642222991982085,nan,nan,nan,Habitat Area (fraction below monthly threshold),Monthly Habitat Compression Index over 40-43.5N,nan,nan,0.0,2.0
2019,3,2019-03,0.0703858318959341,nan,nan,nan,Habitat Area (fraction below monthly threshold),Monthly Habitat Compression Index over 40-43.5N,nan,nan,0.0,2.0
2019,4,2019-04,0.0719634140530956,nan,nan,nan,Habitat Area (fraction below monthly threshold),Monthly Habitat Compression Index over 40-43.5N,nan,nan,0.0,2.0
2019,5,2019-05,0.5392034956933728,nan,nan,nan,Habitat Area (fraction below monthly threshold),Monthly Habitat Compression Index over 40-43.5N,nan,nan,0.0,2.0
2019,6,2019-06,0.6407960709700684,nan,nan,nan,Habitat Area (fraction below monthly threshold),Monthly Habitat Compression Index over 40-43.5N,nan,nan,0.0,2.0
2019,7,2019-07,0.2673775993103505,nan,nan,nan,Habitat Area (fraction below monthly threshold),Monthly Habitat Compression Index over 40-43.5N,nan,nan,0.0,2.0
2019,8,2019-08,0.2230013435086639,nan,nan,nan,Habitat Area (fraction below monthly threshold),Monthly Habitat Compression Index over 40-43.5N,nan,nan,0.0,2.0
2019,9,2019-09,0.0861546686057081,nan,nan,nan,Habitat Area (fraction below monthly threshold),Monthly Habitat Compression Index over 40-43.5N,nan,nan,0.0,2.0
2019,10,2019-10,0.465062443647006,nan,nan,nan,Habitat Area (fraction below monthly threshold),Monthly Habitat Compression Index over 40-43.5N,nan,nan,0.0,2.0
2019,11,2019-11,0.7898217547838835,nan,nan,nan,Habitat Area (fraction below monthly threshold),Monthly Habitat Compression Index over 40-43.5N,nan,nan,0.0,2.0
2019,12,2019-12,0.5905710730059808,nan,nan,nan,Habitat Area (fraction below monthly threshold),Monthly Habitat Compression Index over 40-43.5N,nan,nan,0.0,2.0
2020,1,2020-01,0.4183158034734803,nan,nan,nan,Habitat Area (fraction below monthly threshold),Monthly Habitat Compression Index over 40-43.5N,nan,nan,0.0,2.0
2020,2,2020-02,0.8545424703970378,nan,nan,nan,Habitat Area (fraction below monthly threshold),Monthly Habitat Compression Index over 40-43.5N,nan,nan,0.0,2.0
2020,3,2020-03,0.8637287487339672,nan,nan,nan,Habitat Area (fraction below monthly threshold),Monthly Habitat Compression Index over 40-43.5N,nan,nan,0.0,2.0
2020,4,2020-04,0.6653879616850492,nan,nan,nan,Habitat Area (fraction below monthly threshold),Monthly Habitat Compression Index over 40-43.5N,nan,nan,0.0,2.0
2020,5,2020-05,0.0665489607977459,nan,nan,nan,Habitat Area (fraction below monthly threshold),Monthly Habitat Compression Index over 40-43.5N,nan,nan,0.0,2.0
2020,6,2020-06,0.3404079828264491,nan,nan,nan,Habitat Area (fraction below monthly threshold),Monthly Habitat Compression Index over 40-43.5N,nan,nan,0.0,2.0
2020,7,2020-07,0.4582119873173713,nan,nan,nan,Habitat Area (fraction below monthly threshold),Monthly Habitat Compression Index over 40-43.5N,nan,nan,0.0,2.0
2020,8,2020-08,0.4507468470729047,nan,nan,nan,Habitat Area (fraction below monthly threshold),Monthly Habitat Compression Index over 40-43.5N,nan,nan,0.0,2.0
2020,9,2020-09,0.2805311772709716,nan,nan,nan,Habitat Area (fraction below monthly threshold),Monthly Habitat Compression Index over 40-43.5N,nan,nan,0.0,2.0
2020,10,2020-10,0.2122556150198658,nan,nan,nan,Habitat Area (fraction below monthly threshold),Monthly Habitat Compression Index over 40-43.5N,nan,nan,0.0,2.0
2020,11,2020-11,0.7046835504282476,nan,nan,nan,Habitat Area (fraction below monthly threshold),Monthly Habitat Compression Index over 40-43.5N,nan,nan,0.0,2.0
2020,12,2020-12,0.8149904147781214,nan,nan,nan,Habitat Area (fraction below monthly threshold),Monthly Habitat Compression Index over 40-43.5N,nan,nan,0.0,2.0
2021,1,2021-01,0.5840564698439865,nan,nan,nan,Habitat Area (fraction below monthly threshold),Monthly Habitat Compression Index over 40-43.5N,nan,nan,0.0,2.0
2021,2,2021-02,0.8312716812265378,nan,nan,nan,Habitat Area (fraction below monthly threshold),Monthly Habitat Compression Index over 40-43.5N,nan,nan,0.0,2.0
2021,3,2021-03,0.643939202868756,nan,nan,nan,Habitat Area (fraction below monthly threshold),Monthly Habitat Compression Index over 40-43.5N,nan,nan,0.0,2.0
2021,4,2021-04,0.9953726760030194,nan,nan,nan,Habitat Area (fraction below monthly threshold),Monthly Habitat Compression Index over 40-43.5N,nan,nan,0.0,2.0
2021,5,2021-05,0.7007717058506276,nan,nan,nan,Habitat Area (fraction below monthly threshold),Monthly Habitat Compression Index over 40-43.5N,nan,nan,0.0,2.0
2021,6,2021-06,0.4524670974464652,nan,nan,nan,Habitat Area (fraction below monthly threshold),Monthly Habitat Compression Index over 40-43.5N,nan,nan,0.0,2.0
2021,7,2021-07,0.6779653186487687,nan,nan,nan,Habitat Area (fraction below monthly threshold),Monthly Habitat Compression Index over 40-43.5N,nan,nan,0.0,2.0
2021,8,2021-08,0.4700175806493752,nan,nan,nan,Habitat Area (fraction below monthly threshold),Monthly Habitat Compression Index over 40-43.5N,nan,nan,0.0,2.0
2021,9,2021-09,0.4921041077906124,nan,nan,nan,Habitat Area (fraction below monthly threshold),Monthly Habitat Compression Index over 40-43.5N,nan,nan,0.0,2.0
2021,10,2021-10,0.4827664699892334,nan,nan,nan,Habitat Area (fraction below monthly threshold),Monthly Habitat Compression Index over 40-43.5N,nan,nan,0.0,2.0
2021,11,2021-11,0.2834636043324362,nan,nan,nan,Habitat Area (fraction below monthly threshold),Monthly Habitat Compression Index over 40-43.5N,nan,nan,0.0,2.0
2021,12,2021-12,0.3615545414382283,nan,nan,nan,Habitat Area (fraction below monthly threshold),Monthly Habitat Compression Index over 40-43.5N,nan,nan,0.0,2.0
2022,1,2022-01,0.8098333721034,nan,nan,nan,Habitat Area (fraction below monthly threshold),Monthly Habitat Compression Index over 40-43.5N,nan,nan,0.0,2.0
2022,2,2022-02,1.0,nan,nan,nan,Habitat Area (fraction below monthly threshold),Monthly Habitat Compression Index over 40-43.5N,nan,nan,0.0,2.0
2022,3,2022-03,0.907846170987114,nan,nan,nan,Habitat Area (fraction below monthly threshold),Monthly Habitat Compression Index over 40-43.5N,nan,nan,0.0,2.0
2022,4,2022-04,0.9724968535298272,nan,nan,nan,Habitat Area (fraction below monthly threshold),Monthly Habitat Compression Index over 40-43.5N,nan,nan,0.0,2.0
2022,5,2022-05,0.4710887466038532,nan,nan,nan,Habitat Area (fraction below monthly threshold),Monthly Habitat Compression Index over 40-43.5N,nan,nan,0.0,2.0
2022,6,2022-06,0.304541468345324,nan,nan,nan,Habitat Area (fraction below monthly threshold),Monthly Habitat Compression Index over 40-43.5N,nan,nan,0.0,2.0
2022,7,2022-07,0.4054931748305459,nan,nan,nan,Habitat Area (fraction below monthly threshold),Monthly Habitat Compression Index over 40-43.5N,nan,nan,0.0,2.0
2022,8,2022-08,0.2942414695547569,nan,nan,nan,Habitat Area (fraction below monthly threshold),Monthly Habitat Compression Index over 40-43.5N,nan,nan,0.0,2.0
2022,9,2022-09,0.2838313609931059,nan,nan,nan,Habitat Area (fraction below monthly threshold),Monthly Habitat Compression Index over 40-43.5N,nan,nan,0.0,2.0
2022,10,2022-10,0.3182319127654855,nan,nan,nan,Habitat Area (fraction below monthly threshold),Monthly Habitat Compression Index over 40-43.5N,nan,nan,0.0,2.0
2022,11,2022-11,0.5193657904698566,nan,nan,nan,Habitat Area (fraction below monthly threshold),Monthly Habitat Compression Index over 40-43.5N,nan,nan,0.0,2.0
2022,12,2022-12,0.7612989641289676,nan,nan,nan,Habitat Area (fraction below monthly threshold),Monthly Habitat Compression Index over 40-43.5N,nan,nan,0.0,2.0
2023,1,2023-01,0.5227005126780291,nan,nan,nan,Habitat Area (fraction below monthly threshold),Monthly Habitat Compression Index over 40-43.5N,nan,nan,0.0,2.0
2023,2,2023-02,0.995368142137252,nan,nan,nan,Habitat Area (fraction below monthly threshold),Monthly Habitat Compression Index over 40-43.5N,nan,nan,0.0,2.0
2023,3,2023-03,1.0,nan,nan,nan,Habitat Area (fraction below monthly threshold),Monthly Habitat Compression Index over 40-43.5N,nan,nan,0.0,2.0
2023,4,2023-04,1.0,nan,nan,nan,Habitat Area (fraction below monthly threshold),Monthly Habitat Compression Index over 40-43.5N,nan,nan,0.0,2.0
2023,5,2023-05,0.4916203904889848,nan,nan,nan,Habitat Area (fraction below monthly threshold),Monthly Habitat Compression Index over 40-43.5N,nan,nan,0.0,2.0
2023,6,2023-06,0.7324752538864429,nan,nan,nan,Habitat Area (fraction below monthly threshold),Monthly Habitat Compression Index over 40-43.5N,nan,nan,0.0,2.0
2023,7,2023-07,0.5867274541538852,nan,nan,nan,Habitat Area (fraction below monthly threshold),Monthly Habitat Compression Index over 40-43.5N,nan,nan,0.0,2.0
2023,8,2023-08,0.2956832358822331,nan,nan,nan,Habitat Area (fraction below monthly threshold),Monthly Habitat Compression Index over 40-43.5N,nan,nan,0.0,2.0
2023,9,2023-09,0.2442679537441786,nan,nan,nan,Habitat Area (fraction below monthly threshold),Monthly Habitat Compression Index over 40-43.5N,nan,nan,0.0,2.0
2023,10,2023-10,0.2078009311147942,nan,nan,nan,Habitat Area (fraction below monthly threshold),Monthly Habitat Compression Index over 40-43.5N,nan,nan,0.0,2.0
2023,11,2023-11,0.0398869782935585,nan,nan,nan,Habitat Area (fraction below monthly threshold),Monthly Habitat Compression Index over 40-43.5N,nan,nan,0.0,2.0
2023,12,2023-12,0.0,nan,nan,nan,Habitat Area (fraction below monthly threshold),Monthly Habitat Compression Index over 40-43.5N,nan,nan,0.0,2.0
2024,1,2024-01,0.0,nan,nan,nan,Habitat Area (fraction below monthly threshold),Monthly Habitat Compression Index over 40-43.5N,nan,nan,0.0,2.0
2024,2,2024-02,0.0396834804724586,nan,nan,nan,Habitat Area (fraction below monthly threshold),Monthly Habitat Compression Index over 40-43.5N,nan,nan,0.0,2.0
2024,3,2024-03,0.0,nan,nan,nan,Habitat Area (fraction below monthly threshold),Monthly Habitat Compression Index over 40-43.5N,nan,nan,0.0,2.0
2024,4,2024-04,0.2247275053828481,nan,nan,nan,Habitat Area (fraction below monthly threshold),Monthly Habitat Compression Index over 40-43.5N,nan,nan,0.0,2.0
2024,5,2024-05,0.4964660899229353,nan,nan,nan,Habitat Area (fraction below monthly threshold),Monthly Habitat Compression Index over 40-43.5N,nan,nan,0.0,2.0
2024,6,2024-06,0.4545320840704658,nan,nan,nan,Habitat Area (fraction below monthly threshold),Monthly Habitat Compression Index over 40-43.5N,nan,nan,0.0,2.0
2024,7,2024-07,0.416819703782006,nan,nan,nan,Habitat Area (fraction below monthly threshold),Monthly Habitat Compression Index over 40-43.5N,nan,nan,0.0,2.0
2024,8,2024-08,0.2871490899626259,nan,nan,nan,Habitat Area (fraction below monthly threshold),Monthly Habitat Compression Index over 40-43.5N,nan,nan,0.0,2.0
2024,9,2024-09,0.4148459751970765,nan,nan,nan,Habitat Area (fraction below monthly threshold),Monthly Habitat Compression Index over 40-43.5N,nan,nan,0.0,2.0
2024,10,2024-10,0.5094631444805234,nan,nan,nan,Habitat Area (fraction below monthly threshold),Monthly Habitat Compression Index over 40-43.5N,nan,nan,0.0,2.0
2024,11,2024-11,0.4438412970782671,nan,nan,nan,Habitat Area (fraction below monthly threshold),Monthly Habitat Compression Index over 40-43.5N,nan,nan,0.0,2.0
2024,12,2024-12,0.3761548647013148,nan,nan,nan,Habitat Area (fraction below monthly threshold),Monthly Habitat Compression Index over 40-43.5N,nan,nan,0.0,2.0
2025,1,2025-01,0.2517290762403066,nan,nan,nan,Habitat Area (fraction below monthly threshold),Monthly Habitat Compression Index over 40-43.5N,nan,nan,0.0,2.0
2025,2,2025-02,0.9138440445281294,nan,nan,nan,Habitat Area (fraction below monthly threshold),Monthly Habitat Compression Index over 40-43.5N,nan,nan,0.0,2.0
2025,3,2025-03,0.5154644646683757,nan,nan,nan,Habitat Area (fraction below monthly threshold),Monthly Habitat Compression Index over 40-43.5N,nan,nan,0.0,2.0
2025,4,2025-04,0.4363051690879795,nan,nan,nan,Habitat Area (fraction below monthly threshold),Monthly Habitat Compression Index over 40-43.5N,nan,nan,0.0,2.0
2025,5,2025-05,0.4300168171681407,nan,nan,nan,Habitat Area (fraction below monthly threshold),Monthly Habitat Compression Index over 40-43.5N,nan,nan,0.0,2.0
2025,6,2025-06,0.5173618430013293,nan,nan,nan,Habitat Area (fraction below monthly threshold),Monthly Habitat Compression Index over 40-43.5N,nan,nan,0.0,2.0
2025,7,2025-07,0.2756467509859051,nan,nan,nan,Habitat Area (fraction below monthly threshold),Monthly Habitat Compression Index over 40-43.5N,nan,nan,0.0,2.0
2025,8,2025-08,0.2479922799534211,nan,nan,nan,Habitat Area (fraction below monthly threshold),Monthly Habitat Compression Index over 40-43.5N,nan,nan,0.0,2.0
2025,9,2025-09,0.2200769460659818,nan,nan,nan,Habitat Area (fraction below monthly threshold),Monthly Habitat Compression Index over 40-43.5N,nan,nan,0.0,2.0
2025,10,2025-10,0.1854325231393437,nan,nan,nan,Habitat Area (fraction below monthly threshold),Monthly Habitat Compression Index over 40-43.5N,nan,nan,0.0,2.0
2025,11,2025-11,0.0550020123825518,nan,nan,nan,Habitat Area (fraction below monthly threshold),Monthly Habitat Compression Index over 40-43.5N,nan,nan,0.0,2.0
2025,12,2025-12,0.0,nan,nan,nan,Habitat Area (fraction below monthly threshold),Monthly Habitat Compression Index over 40-43.5N,nan,nan,0.0,2.0
2026,1,2026-01,0.0105529825414519,nan,nan,nan,Habitat Area (fraction below monthly threshold),Monthly Habitat Compression Index over 40-43.5N,nan,nan,0.0,2.0
2026,2,2026-02,0.0058580462679317,nan,nan,nan,Habitat Area (fraction below monthly threshold),Monthly Habitat Compression Index over 40-43.5N,nan,nan,0.0,2.0
2026,3,2026-03,0.0257664736784753,nan,nan,nan,Habitat Area (fraction below monthly threshold),Monthly Habitat Compression Index over 40-43.5N,nan,nan,0.0,2.0
2026,4,2026-04,0.1210668356660285,nan,nan,nan,Habitat Area (fraction below monthly threshold),Monthly Habitat Compression Index over 40-43.5N,nan,nan,0.0,2.0
2026,5,2026-05,0.2318958268594256,nan,nan,nan,Habitat Area (fraction below monthly threshold),Monthly Habitat Compression Index over 40-43.5N,nan,nan,0.0,2.0
1980,1,1980-01,0.2196789733348077,nan,nan,nan,Habitat Area (fraction below monthly threshold),Monthly Habitat Compression Index over 35.5-40N,nan,nan,0.0,3.0
1980,2,1980-02,0.0445934688867756,nan,nan,nan,Habitat Area (fraction below monthly threshold),Monthly Habitat Compression Index over 35.5-40N,nan,nan,0.0,3.0
1980,3,1980-03,0.0,nan,nan,nan,Habitat Area (fraction below monthly threshold),Monthly Habitat Compression Index over 35.5-40N,nan,nan,0.0,3.0
1980,4,1980-04,0.0481974416693186,nan,nan,nan,Habitat Area (fraction below monthly threshold),Monthly Habitat Compression Index over 35.5-40N,nan,nan,0.0,3.0
1980,5,1980-05,0.2839499741760079,nan,nan,nan,Habitat Area (fraction below monthly threshold),Monthly Habitat Compression Index over 35.5-40N,nan,nan,0.0,3.0
1980,6,1980-06,0.0961492529211111,nan,nan,nan,Habitat Area (fraction below monthly threshold),Monthly Habitat Compression Index over 35.5-40N,nan,nan,0.0,3.0
1980,7,1980-07,0.0293076503782817,nan,nan,nan,Habitat Area (fraction below monthly threshold),Monthly Habitat Compression Index over 35.5-40N,nan,nan,0.0,3.0
1980,8,1980-08,0.2551335211276107,nan,nan,nan,Habitat Area (fraction below monthly threshold),Monthly Habitat Compression Index over 35.5-40N,nan,nan,0.0,3.0
1980,9,1980-09,0.1850837717086668,nan,nan,nan,Habitat Area (fraction below monthly threshold),Monthly Habitat Compression Index over 35.5-40N,nan,nan,0.0,3.0
1980,10,1980-10,0.2135922079080239,nan,nan,nan,Habitat Area (fraction below monthly threshold),Monthly Habitat Compression Index over 35.5-40N,nan,nan,0.0,3.0
1980,11,1980-11,0.1299967686906192,nan,nan,nan,Habitat Area (fraction below monthly threshold),Monthly Habitat Compression Index over 35.5-40N,nan,nan,0.0,3.0
1980,12,1980-12,0.0259422714733262,nan,nan,nan,Habitat Area (fraction below monthly threshold),Monthly Habitat Compression Index over 35.5-40N,nan,nan,0.0,3.0
1981,1,1981-01,0.0,nan,nan,nan,Habitat Area (fraction below monthly threshold),Monthly Habitat Compression Index over 35.5-40N,nan,nan,0.0,3.0
1981,2,1981-02,0.0,nan,nan,nan,Habitat Area (fraction below monthly threshold),Monthly Habitat Compression Index over 35.5-40N,nan,nan,0.0,3.0
1981,3,1981-03,0.0331306806363459,nan,nan,nan,Habitat Area (fraction below monthly threshold),Monthly Habitat Compression Index over 35.5-40N,nan,nan,0.0,3.0
1981,4,1981-04,0.2398941985149142,nan,nan,nan,Habitat Area (fraction below monthly threshold),Monthly Habitat Compression Index over 35.5-40N,nan,nan,0.0,3.0
1981,5,1981-05,0.3793482402369148,nan,nan,nan,Habitat Area (fraction below monthly threshold),Monthly Habitat Compression Index over 35.5-40N,nan,nan,0.0,3.0
1981,6,1981-06,0.1889109373785752,nan,nan,nan,Habitat Area (fraction below monthly threshold),Monthly Habitat Compression Index over 35.5-40N,nan,nan,0.0,3.0
1981,7,1981-07,0.4683167424649508,nan,nan,nan,Habitat Area (fraction below monthly threshold),Monthly Habitat Compression Index over 35.5-40N,nan,nan,0.0,3.0
1981,8,1981-08,0.2738291690773818,nan,nan,nan,Habitat Area (fraction below monthly threshold),Monthly Habitat Compression Index over 35.5-40N,nan,nan,0.0,3.0
1981,9,1981-09,0.6565810660138702,nan,nan,nan,Habitat Area (fraction below monthly threshold),Monthly Habitat Compression Index over 35.5-40N,nan,nan,0.0,3.0
1981,10,1981-10,0.4448008353689687,nan,nan,nan,Habitat Area (fraction below monthly threshold),Monthly Habitat Compression Index over 35.5-40N,nan,nan,0.0,3.0
1981,11,1981-11,0.0260759619011541,nan,nan,nan,Habitat Area (fraction below monthly threshold),Monthly Habitat Compression Index over 35.5-40N,nan,nan,0.0,3.0
1981,12,1981-12,0.0095297063164249,nan,nan,nan,Habitat Area (fraction below monthly threshold),Monthly Habitat Compression Index over 35.5-40N,nan,nan,0.0,3.0
1982,1,1982-01,0.9407806182478792,nan,nan,nan,Habitat Area (fraction below monthly threshold),Monthly Habitat Compression Index over 35.5-40N,nan,nan,0.0,3.0
1982,2,1982-02,0.4909470694651885,nan,nan,nan,Habitat Area (fraction below monthly threshold),Monthly Habitat Compression Index over 35.5-40N,nan,nan,0.0,3.0
1982,3,1982-03,0.3900550905195693,nan,nan,nan,Habitat Area (fraction below monthly threshold),Monthly Habitat Compression Index over 35.5-40N,nan,nan,0.0,3.0
1982,4,1982-04,0.1244804860696061,nan,nan,nan,Habitat Area (fraction below monthly threshold),Monthly Habitat Compression Index over 35.5-40N,nan,nan,0.0,3.0
1982,5,1982-05,0.7079383139101583,nan,nan,nan,Habitat Area (fraction below monthly threshold),Monthly Habitat Compression Index over 35.5-40N,nan,nan,0.0,3.0
1982,6,1982-06,0.5060069097027594,nan,nan,nan,Habitat Area (fraction below monthly threshold),Monthly Habitat Compression Index over 35.5-40N,nan,nan,0.0,3.0
1982,7,1982-07,0.3055559008213824,nan,nan,nan,Habitat Area (fraction below monthly threshold),Monthly Habitat Compression Index over 35.5-40N,nan,nan,0.0,3.0
1982,8,1982-08,0.4984405632020194,nan,nan,nan,Habitat Area (fraction below monthly threshold),Monthly Habitat Compression Index over 35.5-40N,nan,nan,0.0,3.0
1982,9,1982-09,0.2164917005004338,nan,nan,nan,Habitat Area (fraction below monthly threshold),Monthly Habitat Compression Index over 35.5-40N,nan,nan,0.0,3.0
1982,10,1982-10,0.1836821469239974,nan,nan,nan,Habitat Area (fraction below monthly threshold),Monthly Habitat Compression Index over 35.5-40N,nan,nan,0.0,3.0
1982,11,1982-11,0.0054139674368593,nan,nan,nan,Habitat Area (fraction below monthly threshold),Monthly Habitat Compression Index over 35.5-40N,nan,nan,0.0,3.0
1982,12,1982-12,0.0460023534529982,nan,nan,nan,Habitat Area (fraction below monthly threshold),Monthly Habitat Compression Index over 35.5-40N,nan,nan,0.0,3.0
1983,1,1983-01,0.1645547488864381,nan,nan,nan,Habitat Area (fraction below monthly threshold),Monthly Habitat Compression Index over 35.5-40N,nan,nan,0.0,3.0
1983,2,1983-02,0.098928850657566,nan,nan,nan,Habitat Area (fraction below monthly threshold),Monthly Habitat Compression Index over 35.5-40N,nan,nan,0.0,3.0
1983,3,1983-03,0.0,nan,nan,nan,Habitat Area (fraction below monthly threshold),Monthly Habitat Compression Index over 35.5-40N,nan,nan,0.0,3.0
1983,4,1983-04,0.0064509278836077,nan,nan,nan,Habitat Area (fraction below monthly threshold),Monthly Habitat Compression Index over 35.5-40N,nan,nan,0.0,3.0
1983,5,1983-05,0.0673861351738365,nan,nan,nan,Habitat Area (fraction below monthly threshold),Monthly Habitat Compression Index over 35.5-40N,nan,nan,0.0,3.0
1983,6,1983-06,0.1695618722919586,nan,nan,nan,Habitat Area (fraction below monthly threshold),Monthly Habitat Compression Index over 35.5-40N,nan,nan,0.0,3.0
1983,7,1983-07,0.1164376680225535,nan,nan,nan,Habitat Area (fraction below monthly threshold),Monthly Habitat Compression Index over 35.5-40N,nan,nan,0.0,3.0
1983,8,1983-08,0.0496449012400458,nan,nan,nan,Habitat Area (fraction below monthly threshold),Monthly Habitat Compression Index over 35.5-40N,nan,nan,0.0,3.0
1983,9,1983-09,0.0031888803930061,nan,nan,nan,Habitat Area (fraction below monthly threshold),Monthly Habitat Compression Index over 35.5-40N,nan,nan,0.0,3.0
1983,10,1983-10,0.0010578252554531,nan,nan,nan,Habitat Area (fraction below monthly threshold),Monthly Habitat Compression Index over 35.5-40N,nan,nan,0.0,3.0
1983,11,1983-11,0.0,nan,nan,nan,Habitat Area (fraction below monthly threshold),Monthly Habitat Compression Index over 35.5-40N,nan,nan,0.0,3.0
1983,12,1983-12,0.1008563191907605,nan,nan,nan,Habitat Area (fraction below monthly threshold),Monthly Habitat Compression Index over 35.5-40N,nan,nan,0.0,3.0
1984,1,1984-01,0.2915972004558202,nan,nan,nan,Habitat Area (fraction below monthly threshold),Monthly Habitat Compression Index over 35.5-40N,nan,nan,0.0,3.0
1984,2,1984-02,0.1218877365315369,nan,nan,nan,Habitat Area (fraction below monthly threshold),Monthly Habitat Compression Index over 35.5-40N,nan,nan,0.0,3.0
1984,3,1984-03,0.1366962172687438,nan,nan,nan,Habitat Area (fraction below monthly threshold),Monthly Habitat Compression Index over 35.5-40N,nan,nan,0.0,3.0
1984,4,1984-04,0.3276417594197541,nan,nan,nan,Habitat Area (fraction below monthly threshold),Monthly Habitat Compression Index over 35.5-40N,nan,nan,0.0,3.0
1984,5,1984-05,0.281458350909398,nan,nan,nan,Habitat Area (fraction below monthly threshold),Monthly Habitat Compression Index over 35.5-40N,nan,nan,0.0,3.0
1984,6,1984-06,0.3808002925478897,nan,nan,nan,Habitat Area (fraction below monthly threshold),Monthly Habitat Compression Index over 35.5-40N,nan,nan,0.0,3.0
1984,7,1984-07,0.1778454396439946,nan,nan,nan,Habitat Area (fraction below monthly threshold),Monthly Habitat Compression Index over 35.5-40N,nan,nan,0.0,3.0
1984,8,1984-08,0.1400447054955585,nan,nan,nan,Habitat Area (fraction below monthly threshold),Monthly Habitat Compression Index over 35.5-40N,nan,nan,0.0,3.0
1984,9,1984-09,0.1146499079741037,nan,nan,nan,Habitat Area (fraction below monthly threshold),Monthly Habitat Compression Index over 35.5-40N,nan,nan,0.0,3.0
1984,10,1984-10,0.3830505326682117,nan,nan,nan,Habitat Area (fraction below monthly threshold),Monthly Habitat Compression Index over 35.5-40N,nan,nan,0.0,3.0
1984,11,1984-11,0.3497783819761338,nan,nan,nan,Habitat Area (fraction below monthly threshold),Monthly Habitat Compression Index over 35.5-40N,nan,nan,0.0,3.0
1984,12,1984-12,0.2752904991744409,nan,nan,nan,Habitat Area (fraction below monthly threshold),Monthly Habitat Compression Index over 35.5-40N,nan,nan,0.0,3.0
1985,1,1985-01,0.5965669718585374,nan,nan,nan,Habitat Area (fraction below monthly threshold),Monthly Habitat Compression Index over 35.5-40N,nan,nan,0.0,3.0
1985,2,1985-02,0.7343990459491926,nan,nan,nan,Habitat Area (fraction below monthly threshold),Monthly Habitat Compression Index over 35.5-40N,nan,nan,0.0,3.0
1985,3,1985-03,0.9674204559779988,nan,nan,nan,Habitat Area (fraction below monthly threshold),Monthly Habitat Compression Index over 35.5-40N,nan,nan,0.0,3.0
1985,4,1985-04,0.6327457113884363,nan,nan,nan,Habitat Area (fraction below monthly threshold),Monthly Habitat Compression Index over 35.5-40N,nan,nan,0.0,3.0
1985,5,1985-05,0.5388875381168056,nan,nan,nan,Habitat Area (fraction below monthly threshold),Monthly Habitat Compression Index over 35.5-40N,nan,nan,0.0,3.0
1985,6,1985-06,0.1992404809169045,nan,nan,nan,Habitat Area (fraction below monthly threshold),Monthly Habitat Compression Index over 35.5-40N,nan,nan,0.0,3.0
1985,7,1985-07,0.4290496779736946,nan,nan,nan,Habitat Area (fraction below monthly threshold),Monthly Habitat Compression Index over 35.5-40N,nan,nan,0.0,3.0
1985,8,1985-08,0.3423997804338816,nan,nan,nan,Habitat Area (fraction below monthly threshold),Monthly Habitat Compression Index over 35.5-40N,nan,nan,0.0,3.0
1985,9,1985-09,0.2244455774252787,nan,nan,nan,Habitat Area (fraction below monthly threshold),Monthly Habitat Compression Index over 35.5-40N,nan,nan,0.0,3.0
1985,10,1985-10,0.5667954530081886,nan,nan,nan,Habitat Area (fraction below monthly threshold),Monthly Habitat Compression Index over 35.5-40N,nan,nan,0.0,3.0
1985,11,1985-11,0.952989205918276,nan,nan,nan,Habitat Area (fraction below monthly threshold),Monthly Habitat Compression Index over 35.5-40N,nan,nan,0.0,3.0
1985,12,1985-12,0.770716058877635,nan,nan,nan,Habitat Area (fraction below monthly threshold),Monthly Habitat Compression Index over 35.5-40N,nan,nan,0.0,3.0
1986,1,1986-01,0.5888196785396024,nan,nan,nan,Habitat Area (fraction below monthly threshold),Monthly Habitat Compression Index over 35.5-40N,nan,nan,0.0,3.0
1986,2,1986-02,0.2216095239849229,nan,nan,nan,Habitat Area (fraction below monthly threshold),Monthly Habitat Compression Index over 35.5-40N,nan,nan,0.0,3.0
1986,3,1986-03,0.0275482880006659,nan,nan,nan,Habitat Area (fraction below monthly threshold),Monthly Habitat Compression Index over 35.5-40N,nan,nan,0.0,3.0
1986,4,1986-04,0.1716199432797738,nan,nan,nan,Habitat Area (fraction below monthly threshold),Monthly Habitat Compression Index over 35.5-40N,nan,nan,0.0,3.0
1986,5,1986-05,0.4529800621993467,nan,nan,nan,Habitat Area (fraction below monthly threshold),Monthly Habitat Compression Index over 35.5-40N,nan,nan,0.0,3.0
1986,6,1986-06,0.1466474443305404,nan,nan,nan,Habitat Area (fraction below monthly threshold),Monthly Habitat Compression Index over 35.5-40N,nan,nan,0.0,3.0
1986,7,1986-07,0.4687174638591738,nan,nan,nan,Habitat Area (fraction below monthly threshold),Monthly Habitat Compression Index over 35.5-40N,nan,nan,0.0,3.0
1986,8,1986-08,0.6717748572190849,nan,nan,nan,Habitat Area (fraction below monthly threshold),Monthly Habitat Compression Index over 35.5-40N,nan,nan,0.0,3.0
1986,9,1986-09,0.3044588940048947,nan,nan,nan,Habitat Area (fraction below monthly threshold),Monthly Habitat Compression Index over 35.5-40N,nan,nan,0.0,3.0
1986,10,1986-10,0.4462419652563745,nan,nan,nan,Habitat Area (fraction below monthly threshold),Monthly Habitat Compression Index over 35.5-40N,nan,nan,0.0,3.0
1986,11,1986-11,0.2083476026255181,nan,nan,nan,Habitat Area (fraction below monthly threshold),Monthly Habitat Compression Index over 35.5-40N,nan,nan,0.0,3.0
1986,12,1986-12,0.0021568867227299,nan,nan,nan,Habitat Area (fraction below monthly threshold),Monthly Habitat Compression Index over 35.5-40N,nan,nan,0.0,3.0
1987,1,1987-01,0.2787304472563491,nan,nan,nan,Habitat Area (fraction below monthly threshold),Monthly Habitat Compression Index over 35.5-40N,nan,nan,0.0,3.0
1987,2,1987-02,0.1192311942886514,nan,nan,nan,Habitat Area (fraction below monthly threshold),Monthly Habitat Compression Index over 35.5-40N,nan,nan,0.0,3.0
1987,3,1987-03,0.3511851384651837,nan,nan,nan,Habitat Area (fraction below monthly threshold),Monthly Habitat Compression Index over 35.5-40N,nan,nan,0.0,3.0
1987,4,1987-04,0.1697630545661368,nan,nan,nan,Habitat Area (fraction below monthly threshold),Monthly Habitat Compression Index over 35.5-40N,nan,nan,0.0,3.0
1987,5,1987-05,0.2033674772287744,nan,nan,nan,Habitat Area (fraction below monthly threshold),Monthly Habitat Compression Index over 35.5-40N,nan,nan,0.0,3.0
1987,6,1987-06,0.2585050269447837,nan,nan,nan,Habitat Area (fraction below monthly threshold),Monthly Habitat Compression Index over 35.5-40N,nan,nan,0.0,3.0
1987,7,1987-07,0.1722373480646728,nan,nan,nan,Habitat Area (fraction below monthly threshold),Monthly Habitat Compression Index over 35.5-40N,nan,nan,0.0,3.0
1987,8,1987-08,0.4880697050868651,nan,nan,nan,Habitat Area (fraction below monthly threshold),Monthly Habitat Compression Index over 35.5-40N,nan,nan,0.0,3.0
1987,9,1987-09,0.2202389900821447,nan,nan,nan,Habitat Area (fraction below monthly threshold),Monthly Habitat Compression Index over 35.5-40N,nan,nan,0.0,3.0
1987,10,1987-10,0.2182700615686955,nan,nan,nan,Habitat Area (fraction below monthly threshold),Monthly Habitat Compression Index over 35.5-40N,nan,nan,0.0,3.0
1987,11,1987-11,0.0583406508412812,nan,nan,nan,Habitat Area (fraction below monthly threshold),Monthly Habitat Compression Index over 35.5-40N,nan,nan,0.0,3.0
1987,12,1987-12,0.2411035020319459,nan,nan,nan,Habitat Area (fraction below monthly threshold),Monthly Habitat Compression Index over 35.5-40N,nan,nan,0.0,3.0
1988,1,1988-01,0.915919325379718,nan,nan,nan,Habitat Area (fraction below monthly threshold),Monthly Habitat Compression Index over 35.5-40N,nan,nan,0.0,3.0
1988,2,1988-02,0.6615162677537743,nan,nan,nan,Habitat Area (fraction below monthly threshold),Monthly Habitat Compression Index over 35.5-40N,nan,nan,0.0,3.0
1988,3,1988-03,0.6206666416716528,nan,nan,nan,Habitat Area (fraction below monthly threshold),Monthly Habitat Compression Index over 35.5-40N,nan,nan,0.0,3.0
1988,4,1988-04,0.1785786305748497,nan,nan,nan,Habitat Area (fraction below monthly threshold),Monthly Habitat Compression Index over 35.5-40N,nan,nan,0.0,3.0
1988,5,1988-05,0.2597169072920492,nan,nan,nan,Habitat Area (fraction below monthly threshold),Monthly Habitat Compression Index over 35.5-40N,nan,nan,0.0,3.0
1988,6,1988-06,0.1737425506594964,nan,nan,nan,Habitat Area (fraction below monthly threshold),Monthly Habitat Compression Index over 35.5-40N,nan,nan,0.0,3.0
1988,7,1988-07,0.5439887973475823,nan,nan,nan,Habitat Area (fraction below monthly threshold),Monthly Habitat Compression Index over 35.5-40N,nan,nan,0.0,3.0
1988,8,1988-08,0.5254147224647612,nan,nan,nan,Habitat Area (fraction below monthly threshold),Monthly Habitat Compression Index over 35.5-40N,nan,nan,0.0,3.0
1988,9,1988-09,0.7292290533450878,nan,nan,nan,Habitat Area (fraction below monthly threshold),Monthly Habitat Compression Index over 35.5-40N,nan,nan,0.0,3.0
1988,10,1988-10,0.8592051430688439,nan,nan,nan,Habitat Area (fraction below monthly threshold),Monthly Habitat Compression Index over 35.5-40N,nan,nan,0.0,3.0
1988,11,1988-11,0.6709194420370083,nan,nan,nan,Habitat Area (fraction below monthly threshold),Monthly Habitat Compression Index over 35.5-40N,nan,nan,0.0,3.0
1988,12,1988-12,0.6914634456258918,nan,nan,nan,Habitat Area (fraction below monthly threshold),Monthly Habitat Compression Index over 35.5-40N,nan,nan,0.0,3.0
1989,1,1989-01,1.0,nan,nan,nan,Habitat Area (fraction below monthly threshold),Monthly Habitat Compression Index over 35.5-40N,nan,nan,0.0,3.0
1989,2,1989-02,1.0,nan,nan,nan,Habitat Area (fraction below monthly threshold),Monthly Habitat Compression Index over 35.5-40N,nan,nan,0.0,3.0
1989,3,1989-03,0.8790573900274546,nan,nan,nan,Habitat Area (fraction below monthly threshold),Monthly Habitat Compression Index over 35.5-40N,nan,nan,0.0,3.0
1989,4,1989-04,0.0821205647446239,nan,nan,nan,Habitat Area (fraction below monthly threshold),Monthly Habitat Compression Index over 35.5-40N,nan,nan,0.0,3.0
1989,5,1989-05,0.2011219050408139,nan,nan,nan,Habitat Area (fraction below monthly threshold),Monthly Habitat Compression Index over 35.5-40N,nan,nan,0.0,3.0
1989,6,1989-06,0.2883239508015767,nan,nan,nan,Habitat Area (fraction below monthly threshold),Monthly Habitat Compression Index over 35.5-40N,nan,nan,0.0,3.0
1989,7,1989-07,0.4488907241664998,nan,nan,nan,Habitat Area (fraction below monthly threshold),Monthly Habitat Compression Index over 35.5-40N,nan,nan,0.0,3.0
1989,8,1989-08,0.7192944334634652,nan,nan,nan,Habitat Area (fraction below monthly threshold),Monthly Habitat Compression Index over 35.5-40N,nan,nan,0.0,3.0
1989,9,1989-09,0.2531027873735742,nan,nan,nan,Habitat Area (fraction below monthly threshold),Monthly Habitat Compression Index over 35.5-40N,nan,nan,0.0,3.0
1989,10,1989-10,0.3252295629542897,nan,nan,nan,Habitat Area (fraction below monthly threshold),Monthly Habitat Compression Index over 35.5-40N,nan,nan,0.0,3.0
1989,11,1989-11,0.1683920438856754,nan,nan,nan,Habitat Area (fraction below monthly threshold),Monthly Habitat Compression Index over 35.5-40N,nan,nan,0.0,3.0
1989,12,1989-12,0.0138211043497644,nan,nan,nan,Habitat Area (fraction below monthly threshold),Monthly Habitat Compression Index over 35.5-40N,nan,nan,0.0,3.0
1990,1,1990-01,0.5920329808228826,nan,nan,nan,Habitat Area (fraction below monthly threshold),Monthly Habitat Compression Index over 35.5-40N,nan,nan,0.0,3.0
1990,2,1990-02,0.8399217266927494,nan,nan,nan,Habitat Area (fraction below monthly threshold),Monthly Habitat Compression Index over 35.5-40N,nan,nan,0.0,3.0
1990,3,1990-03,0.9764435976906372,nan,nan,nan,Habitat Area (fraction below monthly threshold),Monthly Habitat Compression Index over 35.5-40N,nan,nan,0.0,3.0
1990,4,1990-04,0.1581450927355655,nan,nan,nan,Habitat Area (fraction below monthly threshold),Monthly Habitat Compression Index over 35.5-40N,nan,nan,0.0,3.0
1990,5,1990-05,0.4803473814856888,nan,nan,nan,Habitat Area (fraction below monthly threshold),Monthly Habitat Compression Index over 35.5-40N,nan,nan,0.0,3.0
1990,6,1990-06,0.1302672845351461,nan,nan,nan,Habitat Area (fraction below monthly threshold),Monthly Habitat Compression Index over 35.5-40N,nan,nan,0.0,3.0
1990,7,1990-07,0.0947423951351368,nan,nan,nan,Habitat Area (fraction below monthly threshold),Monthly Habitat Compression Index over 35.5-40N,nan,nan,0.0,3.0
1990,8,1990-08,0.087976985042995,nan,nan,nan,Habitat Area (fraction below monthly threshold),Monthly Habitat Compression Index over 35.5-40N,nan,nan,0.0,3.0
1990,9,1990-09,0.037795290842652,nan,nan,nan,Habitat Area (fraction below monthly threshold),Monthly Habitat Compression Index over 35.5-40N,nan,nan,0.0,3.0
1990,10,1990-10,0.442798302855132,nan,nan,nan,Habitat Area (fraction below monthly threshold),Monthly Habitat Compression Index over 35.5-40N,nan,nan,0.0,3.0
1990,11,1990-11,0.4244273229676892,nan,nan,nan,Habitat Area (fraction below monthly threshold),Monthly Habitat Compression Index over 35.5-40N,nan,nan,0.0,3.0
1990,12,1990-12,0.6220350089716925,nan,nan,nan,Habitat Area (fraction below monthly threshold),Monthly Habitat Compression Index over 35.5-40N,nan,nan,0.0,3.0
1991,1,1991-01,0.9842877775809874,nan,nan,nan,Habitat Area (fraction below monthly threshold),Monthly Habitat Compression Index over 35.5-40N,nan,nan,0.0,3.0
1991,2,1991-02,0.7627367929334266,nan,nan,nan,Habitat Area (fraction below monthly threshold),Monthly Habitat Compression Index over 35.5-40N,nan,nan,0.0,3.0
1991,3,1991-03,0.7688827892813781,nan,nan,nan,Habitat Area (fraction below monthly threshold),Monthly Habitat Compression Index over 35.5-40N,nan,nan,0.0,3.0
1991,4,1991-04,0.7973368858529352,nan,nan,nan,Habitat Area (fraction below monthly threshold),Monthly Habitat Compression Index over 35.5-40N,nan,nan,0.0,3.0
1991,5,1991-05,0.9803575465912128,nan,nan,nan,Habitat Area (fraction below monthly threshold),Monthly Habitat Compression Index over 35.5-40N,nan,nan,0.0,3.0
1991,6,1991-06,0.8262097129893863,nan,nan,nan,Habitat Area (fraction below monthly threshold),Monthly Habitat Compression Index over 35.5-40N,nan,nan,0.0,3.0
1991,7,1991-07,0.5756283012175095,nan,nan,nan,Habitat Area (fraction below monthly threshold),Monthly Habitat Compression Index over 35.5-40N,nan,nan,0.0,3.0
1991,8,1991-08,0.2515398569975169,nan,nan,nan,Habitat Area (fraction below monthly threshold),Monthly Habitat Compression Index over 35.5-40N,nan,nan,0.0,3.0
1991,9,1991-09,0.2754670979585866,nan,nan,nan,Habitat Area (fraction below monthly threshold),Monthly Habitat Compression Index over 35.5-40N,nan,nan,0.0,3.0
1991,10,1991-10,0.307578866910938,nan,nan,nan,Habitat Area (fraction below monthly threshold),Monthly Habitat Compression Index over 35.5-40N,nan,nan,0.0,3.0
1991,11,1991-11,0.5123517192640101,nan,nan,nan,Habitat Area (fraction below monthly threshold),Monthly Habitat Compression Index over 35.5-40N,nan,nan,0.0,3.0
1991,12,1991-12,0.6695082897635511,nan,nan,nan,Habitat Area (fraction below monthly threshold),Monthly Habitat Compression Index over 35.5-40N,nan,nan,0.0,3.0
1992,1,1992-01,0.6548218536270706,nan,nan,nan,Habitat Area (fraction below monthly threshold),Monthly Habitat Compression Index over 35.5-40N,nan,nan,0.0,3.0
1992,2,1992-02,0.0021156505109063,nan,nan,nan,Habitat Area (fraction below monthly threshold),Monthly Habitat Compression Index over 35.5-40N,nan,nan,0.0,3.0
1992,3,1992-03,0.0,nan,nan,nan,Habitat Area (fraction below monthly threshold),Monthly Habitat Compression Index over 35.5-40N,nan,nan,0.0,3.0
1992,4,1992-04,0.0,nan,nan,nan,Habitat Area (fraction below monthly threshold),Monthly Habitat Compression Index over 35.5-40N,nan,nan,0.0,3.0
1992,5,1992-05,0.0,nan,nan,nan,Habitat Area (fraction below monthly threshold),Monthly Habitat Compression Index over 35.5-40N,nan,nan,0.0,3.0
1992,6,1992-06,0.048166559973857,nan,nan,nan,Habitat Area (fraction below monthly threshold),Monthly Habitat Compression Index over 35.5-40N,nan,nan,0.0,3.0
1992,7,1992-07,0.0288936074703159,nan,nan,nan,Habitat Area (fraction below monthly threshold),Monthly Habitat Compression Index over 35.5-40N,nan,nan,0.0,3.0
1992,8,1992-08,0.2601252674008898,nan,nan,nan,Habitat Area (fraction below monthly threshold),Monthly Habitat Compression Index over 35.5-40N,nan,nan,0.0,3.0
1992,9,1992-09,0.1742260149600372,nan,nan,nan,Habitat Area (fraction below monthly threshold),Monthly Habitat Compression Index over 35.5-40N,nan,nan,0.0,3.0
1992,10,1992-10,0.0519246316689656,nan,nan,nan,Habitat Area (fraction below monthly threshold),Monthly Habitat Compression Index over 35.5-40N,nan,nan,0.0,3.0
1992,11,1992-11,0.013777982254675,nan,nan,nan,Habitat Area (fraction below monthly threshold),Monthly Habitat Compression Index over 35.5-40N,nan,nan,0.0,3.0
1992,12,1992-12,0.0882001458748764,nan,nan,nan,Habitat Area (fraction below monthly threshold),Monthly Habitat Compression Index over 35.5-40N,nan,nan,0.0,3.0
1993,1,1993-01,0.5943643704821854,nan,nan,nan,Habitat Area (fraction below monthly threshold),Monthly Habitat Compression Index over 35.5-40N,nan,nan,0.0,3.0
1993,2,1993-02,0.1878320760767307,nan,nan,nan,Habitat Area (fraction below monthly threshold),Monthly Habitat Compression Index over 35.5-40N,nan,nan,0.0,3.0
1993,3,1993-03,0.0553086239294247,nan,nan,nan,Habitat Area (fraction below monthly threshold),Monthly Habitat Compression Index over 35.5-40N,nan,nan,0.0,3.0
1993,4,1993-04,0.0033207695079397,nan,nan,nan,Habitat Area (fraction below monthly threshold),Monthly Habitat Compression Index over 35.5-40N,nan,nan,0.0,3.0
1993,5,1993-05,0.0,nan,nan,nan,Habitat Area (fraction below monthly threshold),Monthly Habitat Compression Index over 35.5-40N,nan,nan,0.0,3.0
1993,6,1993-06,0.0336430746930475,nan,nan,nan,Habitat Area (fraction below monthly threshold),Monthly Habitat Compression Index over 35.5-40N,nan,nan,0.0,3.0
1993,7,1993-07,0.3208222582347551,nan,nan,nan,Habitat Area (fraction below monthly threshold),Monthly Habitat Compression Index over 35.5-40N,nan,nan,0.0,3.0
1993,8,1993-08,0.1873620027626378,nan,nan,nan,Habitat Area (fraction below monthly threshold),Monthly Habitat Compression Index over 35.5-40N,nan,nan,0.0,3.0
1993,9,1993-09,0.3042914833354281,nan,nan,nan,Habitat Area (fraction below monthly threshold),Monthly Habitat Compression Index over 35.5-40N,nan,nan,0.0,3.0
1993,10,1993-10,0.1643085441659927,nan,nan,nan,Habitat Area (fraction below monthly threshold),Monthly Habitat Compression Index over 35.5-40N,nan,nan,0.0,3.0
1993,11,1993-11,0.1786729375596919,nan,nan,nan,Habitat Area (fraction below monthly threshold),Monthly Habitat Compression Index over 35.5-40N,nan,nan,0.0,3.0
1993,12,1993-12,0.19969122558773,nan,nan,nan,Habitat Area (fraction below monthly threshold),Monthly Habitat Compression Index over 35.5-40N,nan,nan,0.0,3.0
1994,1,1994-01,0.0852865118044393,nan,nan,nan,Habitat Area (fraction below monthly threshold),Monthly Habitat Compression Index over 35.5-40N,nan,nan,0.0,3.0
1994,2,1994-02,0.2792821061549573,nan,nan,nan,Habitat Area (fraction below monthly threshold),Monthly Habitat Compression Index over 35.5-40N,nan,nan,0.0,3.0
1994,3,1994-03,0.0402391249663796,nan,nan,nan,Habitat Area (fraction below monthly threshold),Monthly Habitat Compression Index over 35.5-40N,nan,nan,0.0,3.0
1994,4,1994-04,0.144345145294762,nan,nan,nan,Habitat Area (fraction below monthly threshold),Monthly Habitat Compression Index over 35.5-40N,nan,nan,0.0,3.0
1994,5,1994-05,0.230947034107917,nan,nan,nan,Habitat Area (fraction below monthly threshold),Monthly Habitat Compression Index over 35.5-40N,nan,nan,0.0,3.0
1994,6,1994-06,0.2973250386301472,nan,nan,nan,Habitat Area (fraction below monthly threshold),Monthly Habitat Compression Index over 35.5-40N,nan,nan,0.0,3.0
1994,7,1994-07,0.496922044832543,nan,nan,nan,Habitat Area (fraction below monthly threshold),Monthly Habitat Compression Index over 35.5-40N,nan,nan,0.0,3.0
1994,8,1994-08,0.3044537467932597,nan,nan,nan,Habitat Area (fraction below monthly threshold),Monthly Habitat Compression Index over 35.5-40N,nan,nan,0.0,3.0
1994,9,1994-09,0.0638800015202263,nan,nan,nan,Habitat Area (fraction below monthly threshold),Monthly Habitat Compression Index over 35.5-40N,nan,nan,0.0,3.0
1994,10,1994-10,0.371550229060661,nan,nan,nan,Habitat Area (fraction below monthly threshold),Monthly Habitat Compression Index over 35.5-40N,nan,nan,0.0,3.0
1994,11,1994-11,0.7732398607819809,nan,nan,nan,Habitat Area (fraction below monthly threshold),Monthly Habitat Compression Index over 35.5-40N,nan,nan,0.0,3.0
1994,12,1994-12,0.6186106183249112,nan,nan,nan,Habitat Area (fraction below monthly threshold),Monthly Habitat Compression Index over 35.5-40N,nan,nan,0.0,3.0
1995,1,1995-01,0.7758299695956918,nan,nan,nan,Habitat Area (fraction below monthly threshold),Monthly Habitat Compression Index over 35.5-40N,nan,nan,0.0,3.0
1995,2,1995-02,0.0320592384058005,nan,nan,nan,Habitat Area (fraction below monthly threshold),Monthly Habitat Compression Index over 35.5-40N,nan,nan,0.0,3.0
1995,3,1995-03,0.0211673381590454,nan,nan,nan,Habitat Area (fraction below monthly threshold),Monthly Habitat Compression Index over 35.5-40N,nan,nan,0.0,3.0
1995,4,1995-04,0.064177479877405,nan,nan,nan,Habitat Area (fraction below monthly threshold),Monthly Habitat Compression Index over 35.5-40N,nan,nan,0.0,3.0
1995,5,1995-05,0.0961844974078715,nan,nan,nan,Habitat Area (fraction below monthly threshold),Monthly Habitat Compression Index over 35.5-40N,nan,nan,0.0,3.0
1995,6,1995-06,0.1539181337334738,nan,nan,nan,Habitat Area (fraction below monthly threshold),Monthly Habitat Compression Index over 35.5-40N,nan,nan,0.0,3.0
1995,7,1995-07,0.0270339614768611,nan,nan,nan,Habitat Area (fraction below monthly threshold),Monthly Habitat Compression Index over 35.5-40N,nan,nan,0.0,3.0
1995,8,1995-08,0.1214430661317265,nan,nan,nan,Habitat Area (fraction below monthly threshold),Monthly Habitat Compression Index over 35.5-40N,nan,nan,0.0,3.0
1995,9,1995-09,0.0293619901908808,nan,nan,nan,Habitat Area (fraction below monthly threshold),Monthly Habitat Compression Index over 35.5-40N,nan,nan,0.0,3.0
1995,10,1995-10,0.1204150576727672,nan,nan,nan,Habitat Area (fraction below monthly threshold),Monthly Habitat Compression Index over 35.5-40N,nan,nan,0.0,3.0
1995,11,1995-11,0.2168502255371294,nan,nan,nan,Habitat Area (fraction below monthly threshold),Monthly Habitat Compression Index over 35.5-40N,nan,nan,0.0,3.0
1995,12,1995-12,0.0021718570304227,nan,nan,nan,Habitat Area (fraction below monthly threshold),Monthly Habitat Compression Index over 35.5-40N,nan,nan,0.0,3.0
1996,1,1996-01,0.02169269347273,nan,nan,nan,Habitat Area (fraction below monthly threshold),Monthly Habitat Compression Index over 35.5-40N,nan,nan,0.0,3.0
1996,2,1996-02,0.0,nan,nan,nan,Habitat Area (fraction below monthly threshold),Monthly Habitat Compression Index over 35.5-40N,nan,nan,0.0,3.0
1996,3,1996-03,0.028664568711076,nan,nan,nan,Habitat Area (fraction below monthly threshold),Monthly Habitat Compression Index over 35.5-40N,nan,nan,0.0,3.0
1996,4,1996-04,0.0021171980894752,nan,nan,nan,Habitat Area (fraction below monthly threshold),Monthly Habitat Compression Index over 35.5-40N,nan,nan,0.0,3.0
1996,5,1996-05,0.1487738290641077,nan,nan,nan,Habitat Area (fraction below monthly threshold),Monthly Habitat Compression Index over 35.5-40N,nan,nan,0.0,3.0
1996,6,1996-06,0.5357557677572797,nan,nan,nan,Habitat Area (fraction below monthly threshold),Monthly Habitat Compression Index over 35.5-40N,nan,nan,0.0,3.0
1996,7,1996-07,0.4620073182576029,nan,nan,nan,Habitat Area (fraction below monthly threshold),Monthly Habitat Compression Index over 35.5-40N,nan,nan,0.0,3.0
1996,8,1996-08,0.6000983294178103,nan,nan,nan,Habitat Area (fraction below monthly threshold),Monthly Habitat Compression Index over 35.5-40N,nan,nan,0.0,3.0
1996,9,1996-09,0.4401197683513313,nan,nan,nan,Habitat Area (fraction below monthly threshold),Monthly Habitat Compression Index over 35.5-40N,nan,nan,0.0,3.0
1996,10,1996-10,0.4713442112378019,nan,nan,nan,Habitat Area (fraction below monthly threshold),Monthly Habitat Compression Index over 35.5-40N,nan,nan,0.0,3.0
1996,11,1996-11,0.4566652314602726,nan,nan,nan,Habitat Area (fraction below monthly threshold),Monthly Habitat Compression Index over 35.5-40N,nan,nan,0.0,3.0
1996,12,1996-12,0.1733176215497706,nan,nan,nan,Habitat Area (fraction below monthly threshold),Monthly Habitat Compression Index over 35.5-40N,nan,nan,0.0,3.0
1997,1,1997-01,0.3009269399939174,nan,nan,nan,Habitat Area (fraction below monthly threshold),Monthly Habitat Compression Index over 35.5-40N,nan,nan,0.0,3.0
1997,2,1997-02,0.2798706125189412,nan,nan,nan,Habitat Area (fraction below monthly threshold),Monthly Habitat Compression Index over 35.5-40N,nan,nan,0.0,3.0
1997,3,1997-03,0.6274590031889892,nan,nan,nan,Habitat Area (fraction below monthly threshold),Monthly Habitat Compression Index over 35.5-40N,nan,nan,0.0,3.0
1997,4,1997-04,0.1795919008874936,nan,nan,nan,Habitat Area (fraction below monthly threshold),Monthly Habitat Compression Index over 35.5-40N,nan,nan,0.0,3.0
1997,5,1997-05,0.0,nan,nan,nan,Habitat Area (fraction below monthly threshold),Monthly Habitat Compression Index over 35.5-40N,nan,nan,0.0,3.0
1997,6,1997-06,0.050815347982016,nan,nan,nan,Habitat Area (fraction below monthly threshold),Monthly Habitat Compression Index over 35.5-40N,nan,nan,0.0,3.0
1997,7,1997-07,0.1704611347295738,nan,nan,nan,Habitat Area (fraction below monthly threshold),Monthly Habitat Compression Index over 35.5-40N,nan,nan,0.0,3.0
1997,8,1997-08,0.0021171980894752,nan,nan,nan,Habitat Area (fraction below monthly threshold),Monthly Habitat Compression Index over 35.5-40N,nan,nan,0.0,3.0
1997,9,1997-09,0.0,nan,nan,nan,Habitat Area (fraction below monthly threshold),Monthly Habitat Compression Index over 35.5-40N,nan,nan,0.0,3.0
1997,10,1997-10,0.0511545865258942,nan,nan,nan,Habitat Area (fraction below monthly threshold),Monthly Habitat Compression Index over 35.5-40N,nan,nan,0.0,3.0
1997,11,1997-11,0.0,nan,nan,nan,Habitat Area (fraction below monthly threshold),Monthly Habitat Compression Index over 35.5-40N,nan,nan,0.0,3.0
1997,12,1997-12,0.0,nan,nan,nan,Habitat Area (fraction below monthly threshold),Monthly Habitat Compression Index over 35.5-40N,nan,nan,0.0,3.0
1998,1,1998-01,0.0,nan,nan,nan,Habitat Area (fraction below monthly threshold),Monthly Habitat Compression Index over 35.5-40N,nan,nan,0.0,3.0
1998,2,1998-02,0.0,nan,nan,nan,Habitat Area (fraction below monthly threshold),Monthly Habitat Compression Index over 35.5-40N,nan,nan,0.0,3.0
1998,3,1998-03,0.0,nan,nan,nan,Habitat Area (fraction below monthly threshold),Monthly Habitat Compression Index over 35.5-40N,nan,nan,0.0,3.0
1998,4,1998-04,0.0744768118164916,nan,nan,nan,Habitat Area (fraction below monthly threshold),Monthly Habitat Compression Index over 35.5-40N,nan,nan,0.0,3.0
1998,5,1998-05,0.0043029165281032,nan,nan,nan,Habitat Area (fraction below monthly threshold),Monthly Habitat Compression Index over 35.5-40N,nan,nan,0.0,3.0
1998,6,1998-06,0.0063837530583616,nan,nan,nan,Habitat Area (fraction below monthly threshold),Monthly Habitat Compression Index over 35.5-40N,nan,nan,0.0,3.0
1998,7,1998-07,0.196414319073002,nan,nan,nan,Habitat Area (fraction below monthly threshold),Monthly Habitat Compression Index over 35.5-40N,nan,nan,0.0,3.0
1998,8,1998-08,0.2339886279404346,nan,nan,nan,Habitat Area (fraction below monthly threshold),Monthly Habitat Compression Index over 35.5-40N,nan,nan,0.0,3.0
1998,9,1998-09,0.2367088852352403,nan,nan,nan,Habitat Area (fraction below monthly threshold),Monthly Habitat Compression Index over 35.5-40N,nan,nan,0.0,3.0
1998,10,1998-10,0.3881197029615513,nan,nan,nan,Habitat Area (fraction below monthly threshold),Monthly Habitat Compression Index over 35.5-40N,nan,nan,0.0,3.0
1998,11,1998-11,0.3671456236372219,nan,nan,nan,Habitat Area (fraction below monthly threshold),Monthly Habitat Compression Index over 35.5-40N,nan,nan,0.0,3.0
1998,12,1998-12,0.5830965420700842,nan,nan,nan,Habitat Area (fraction below monthly threshold),Monthly Habitat Compression Index over 35.5-40N,nan,nan,0.0,3.0
1999,1,1999-01,0.9787926809945328,nan,nan,nan,Habitat Area (fraction below monthly threshold),Monthly Habitat Compression Index over 35.5-40N,nan,nan,0.0,3.0
1999,2,1999-02,0.986520741923768,nan,nan,nan,Habitat Area (fraction below monthly threshold),Monthly Habitat Compression Index over 35.5-40N,nan,nan,0.0,3.0
1999,3,1999-03,0.99662738122869,nan,nan,nan,Habitat Area (fraction below monthly threshold),Monthly Habitat Compression Index over 35.5-40N,nan,nan,0.0,3.0
1999,4,1999-04,0.8635080764302575,nan,nan,nan,Habitat Area (fraction below monthly threshold),Monthly Habitat Compression Index over 35.5-40N,nan,nan,0.0,3.0
1999,5,1999-05,0.984266717484798,nan,nan,nan,Habitat Area (fraction below monthly threshold),Monthly Habitat Compression Index over 35.5-40N,nan,nan,0.0,3.0
1999,6,1999-06,0.7184070650415066,nan,nan,nan,Habitat Area (fraction below monthly threshold),Monthly Habitat Compression Index over 35.5-40N,nan,nan,0.0,3.0
1999,7,1999-07,0.5256811701719127,nan,nan,nan,Habitat Area (fraction below monthly threshold),Monthly Habitat Compression Index over 35.5-40N,nan,nan,0.0,3.0
1999,8,1999-08,0.2229066308060182,nan,nan,nan,Habitat Area (fraction below monthly threshold),Monthly Habitat Compression Index over 35.5-40N,nan,nan,0.0,3.0
1999,9,1999-09,0.3063531703629331,nan,nan,nan,Habitat Area (fraction below monthly threshold),Monthly Habitat Compression Index over 35.5-40N,nan,nan,0.0,3.0
1999,10,1999-10,0.510239104711088,nan,nan,nan,Habitat Area (fraction below monthly threshold),Monthly Habitat Compression Index over 35.5-40N,nan,nan,0.0,3.0
1999,11,1999-11,0.3758316155027489,nan,nan,nan,Habitat Area (fraction below monthly threshold),Monthly Habitat Compression Index over 35.5-40N,nan,nan,0.0,3.0
1999,12,1999-12,0.5169495677683803,nan,nan,nan,Habitat Area (fraction below monthly threshold),Monthly Habitat Compression Index over 35.5-40N,nan,nan,0.0,3.0
2000,1,2000-01,0.9842863831375962,nan,nan,nan,Habitat Area (fraction below monthly threshold),Monthly Habitat Compression Index over 35.5-40N,nan,nan,0.0,3.0
2000,2,2000-02,0.2926024682605135,nan,nan,nan,Habitat Area (fraction below monthly threshold),Monthly Habitat Compression Index over 35.5-40N,nan,nan,0.0,3.0
2000,3,2000-03,0.7214456330870227,nan,nan,nan,Habitat Area (fraction below monthly threshold),Monthly Habitat Compression Index over 35.5-40N,nan,nan,0.0,3.0
2000,4,2000-04,0.1269778741974254,nan,nan,nan,Habitat Area (fraction below monthly threshold),Monthly Habitat Compression Index over 35.5-40N,nan,nan,0.0,3.0
2000,5,2000-05,0.1523809059317001,nan,nan,nan,Habitat Area (fraction below monthly threshold),Monthly Habitat Compression Index over 35.5-40N,nan,nan,0.0,3.0
2000,6,2000-06,0.1928752049956752,nan,nan,nan,Habitat Area (fraction below monthly threshold),Monthly Habitat Compression Index over 35.5-40N,nan,nan,0.0,3.0
2000,7,2000-07,0.3163662135493582,nan,nan,nan,Habitat Area (fraction below monthly threshold),Monthly Habitat Compression Index over 35.5-40N,nan,nan,0.0,3.0
2000,8,2000-08,0.5068584980261862,nan,nan,nan,Habitat Area (fraction below monthly threshold),Monthly Habitat Compression Index over 35.5-40N,nan,nan,0.0,3.0
2000,9,2000-09,0.179903123544098,nan,nan,nan,Habitat Area (fraction below monthly threshold),Monthly Habitat Compression Index over 35.5-40N,nan,nan,0.0,3.0
2000,10,2000-10,0.3929913189499651,nan,nan,nan,Habitat Area (fraction below monthly threshold),Monthly Habitat Compression Index over 35.5-40N,nan,nan,0.0,3.0
2000,11,2000-11,0.7289204752331172,nan,nan,nan,Habitat Area (fraction below monthly threshold),Monthly Habitat Compression Index over 35.5-40N,nan,nan,0.0,3.0
2000,12,2000-12,0.3335207201983183,nan,nan,nan,Habitat Area (fraction below monthly threshold),Monthly Habitat Compression Index over 35.5-40N,nan,nan,0.0,3.0
2001,1,2001-01,0.907044552188988,nan,nan,nan,Habitat Area (fraction below monthly threshold),Monthly Habitat Compression Index over 35.5-40N,nan,nan,0.0,3.0
2001,2,2001-02,0.9752842810167208,nan,nan,nan,Habitat Area (fraction below monthly threshold),Monthly Habitat Compression Index over 35.5-40N,nan,nan,0.0,3.0
2001,3,2001-03,0.6638845898805379,nan,nan,nan,Habitat Area (fraction below monthly threshold),Monthly Habitat Compression Index over 35.5-40N,nan,nan,0.0,3.0
2001,4,2001-04,0.7141878221382908,nan,nan,nan,Habitat Area (fraction below monthly threshold),Monthly Habitat Compression Index over 35.5-40N,nan,nan,0.0,3.0
2001,5,2001-05,0.5748731246938139,nan,nan,nan,Habitat Area (fraction below monthly threshold),Monthly Habitat Compression Index over 35.5-40N,nan,nan,0.0,3.0
2001,6,2001-06,0.3627814088418948,nan,nan,nan,Habitat Area (fraction below monthly threshold),Monthly Habitat Compression Index over 35.5-40N,nan,nan,0.0,3.0
2001,7,2001-07,0.3167740953561757,nan,nan,nan,Habitat Area (fraction below monthly threshold),Monthly Habitat Compression Index over 35.5-40N,nan,nan,0.0,3.0
2001,8,2001-08,0.4162901318912395,nan,nan,nan,Habitat Area (fraction below monthly threshold),Monthly Habitat Compression Index over 35.5-40N,nan,nan,0.0,3.0
2001,9,2001-09,0.3236410393884344,nan,nan,nan,Habitat Area (fraction below monthly threshold),Monthly Habitat Compression Index over 35.5-40N,nan,nan,0.0,3.0
2001,10,2001-10,0.5561249383603623,nan,nan,nan,Habitat Area (fraction below monthly threshold),Monthly Habitat Compression Index over 35.5-40N,nan,nan,0.0,3.0
2001,11,2001-11,0.4241496128798367,nan,nan,nan,Habitat Area (fraction below monthly threshold),Monthly Habitat Compression Index over 35.5-40N,nan,nan,0.0,3.0
2001,12,2001-12,0.7854027298603314,nan,nan,nan,Habitat Area (fraction below monthly threshold),Monthly Habitat Compression Index over 35.5-40N,nan,nan,0.0,3.0
2002,1,2002-01,0.9955214461809933,nan,nan,nan,Habitat Area (fraction below monthly threshold),Monthly Habitat Compression Index over 35.5-40N,nan,nan,0.0,3.0
2002,2,2002-02,0.9194057086540822,nan,nan,nan,Habitat Area (fraction below monthly threshold),Monthly Habitat Compression Index over 35.5-40N,nan,nan,0.0,3.0
2002,3,2002-03,0.708180889206774,nan,nan,nan,Habitat Area (fraction below monthly threshold),Monthly Habitat Compression Index over 35.5-40N,nan,nan,0.0,3.0
2002,4,2002-04,0.4952775620045983,nan,nan,nan,Habitat Area (fraction below monthly threshold),Monthly Habitat Compression Index over 35.5-40N,nan,nan,0.0,3.0
2002,5,2002-05,0.8536090611136211,nan,nan,nan,Habitat Area (fraction below monthly threshold),Monthly Habitat Compression Index over 35.5-40N,nan,nan,0.0,3.0
2002,6,2002-06,0.5650601012317349,nan,nan,nan,Habitat Area (fraction below monthly threshold),Monthly Habitat Compression Index over 35.5-40N,nan,nan,0.0,3.0
2002,7,2002-07,0.298100553532235,nan,nan,nan,Habitat Area (fraction below monthly threshold),Monthly Habitat Compression Index over 35.5-40N,nan,nan,0.0,3.0
2002,8,2002-08,0.5743478380718744,nan,nan,nan,Habitat Area (fraction below monthly threshold),Monthly Habitat Compression Index over 35.5-40N,nan,nan,0.0,3.0
2002,9,2002-09,0.5272305858998998,nan,nan,nan,Habitat Area (fraction below monthly threshold),Monthly Habitat Compression Index over 35.5-40N,nan,nan,0.0,3.0
2002,10,2002-10,0.6742800767466569,nan,nan,nan,Habitat Area (fraction below monthly threshold),Monthly Habitat Compression Index over 35.5-40N,nan,nan,0.0,3.0
2002,11,2002-11,0.6180783734413424,nan,nan,nan,Habitat Area (fraction below monthly threshold),Monthly Habitat Compression Index over 35.5-40N,nan,nan,0.0,3.0
2002,12,2002-12,0.0434233852832811,nan,nan,nan,Habitat Area (fraction below monthly threshold),Monthly Habitat Compression Index over 35.5-40N,nan,nan,0.0,3.0
2003,1,2003-01,0.0138411064116326,nan,nan,nan,Habitat Area (fraction below monthly threshold),Monthly Habitat Compression Index over 35.5-40N,nan,nan,0.0,3.0
2003,2,2003-02,0.0105782525545316,nan,nan,nan,Habitat Area (fraction below monthly threshold),Monthly Habitat Compression Index over 35.5-40N,nan,nan,0.0,3.0
2003,3,2003-03,0.2868352553116137,nan,nan,nan,Habitat Area (fraction below monthly threshold),Monthly Habitat Compression Index over 35.5-40N,nan,nan,0.0,3.0
2003,4,2003-04,0.0724164076872531,nan,nan,nan,Habitat Area (fraction below monthly threshold),Monthly Habitat Compression Index over 35.5-40N,nan,nan,0.0,3.0
2003,5,2003-05,0.3293308599019383,nan,nan,nan,Habitat Area (fraction below monthly threshold),Monthly Habitat Compression Index over 35.5-40N,nan,nan,0.0,3.0
2003,6,2003-06,0.2990268524110527,nan,nan,nan,Habitat Area (fraction below monthly threshold),Monthly Habitat Compression Index over 35.5-40N,nan,nan,0.0,3.0
2003,7,2003-07,0.29769739656985,nan,nan,nan,Habitat Area (fraction below monthly threshold),Monthly Habitat Compression Index over 35.5-40N,nan,nan,0.0,3.0
2003,8,2003-08,0.0880170112250654,nan,nan,nan,Habitat Area (fraction below monthly threshold),Monthly Habitat Compression Index over 35.5-40N,nan,nan,0.0,3.0
2003,9,2003-09,0.1137147964187088,nan,nan,nan,Habitat Area (fraction below monthly threshold),Monthly Habitat Compression Index over 35.5-40N,nan,nan,0.0,3.0
2003,10,2003-10,0.5822273171091307,nan,nan,nan,Habitat Area (fraction below monthly threshold),Monthly Habitat Compression Index over 35.5-40N,nan,nan,0.0,3.0
2003,11,2003-11,0.4823054540821487,nan,nan,nan,Habitat Area (fraction below monthly threshold),Monthly Habitat Compression Index over 35.5-40N,nan,nan,0.0,3.0
2003,12,2003-12,0.2595465082691012,nan,nan,nan,Habitat Area (fraction below monthly threshold),Monthly Habitat Compression Index over 35.5-40N,nan,nan,0.0,3.0
2004,1,2004-01,0.7058525154104756,nan,nan,nan,Habitat Area (fraction below monthly threshold),Monthly Habitat Compression Index over 35.5-40N,nan,nan,0.0,3.0
2004,2,2004-02,0.4632872577156527,nan,nan,nan,Habitat Area (fraction below monthly threshold),Monthly Habitat Compression Index over 35.5-40N,nan,nan,0.0,3.0
2004,3,2004-03,0.3915170796725326,nan,nan,nan,Habitat Area (fraction below monthly threshold),Monthly Habitat Compression Index over 35.5-40N,nan,nan,0.0,3.0
2004,4,2004-04,0.1440408975322806,nan,nan,nan,Habitat Area (fraction below monthly threshold),Monthly Habitat Compression Index over 35.5-40N,nan,nan,0.0,3.0
2004,5,2004-05,0.138398365212844,nan,nan,nan,Habitat Area (fraction below monthly threshold),Monthly Habitat Compression Index over 35.5-40N,nan,nan,0.0,3.0
2004,6,2004-06,0.2667405423952418,nan,nan,nan,Habitat Area (fraction below monthly threshold),Monthly Habitat Compression Index over 35.5-40N,nan,nan,0.0,3.0
2004,7,2004-07,0.2169061995242356,nan,nan,nan,Habitat Area (fraction below monthly threshold),Monthly Habitat Compression Index over 35.5-40N,nan,nan,0.0,3.0
2004,8,2004-08,0.2531229301571133,nan,nan,nan,Habitat Area (fraction below monthly threshold),Monthly Habitat Compression Index over 35.5-40N,nan,nan,0.0,3.0
2004,9,2004-09,0.241930452792637,nan,nan,nan,Habitat Area (fraction below monthly threshold),Monthly Habitat Compression Index over 35.5-40N,nan,nan,0.0,3.0
2004,10,2004-10,0.3352040499819121,nan,nan,nan,Habitat Area (fraction below monthly threshold),Monthly Habitat Compression Index over 35.5-40N,nan,nan,0.0,3.0
2004,11,2004-11,0.4237747255556249,nan,nan,nan,Habitat Area (fraction below monthly threshold),Monthly Habitat Compression Index over 35.5-40N,nan,nan,0.0,3.0
2004,12,2004-12,0.486904870255588,nan,nan,nan,Habitat Area (fraction below monthly threshold),Monthly Habitat Compression Index over 35.5-40N,nan,nan,0.0,3.0
2005,1,2005-01,0.5022450774689765,nan,nan,nan,Habitat Area (fraction below monthly threshold),Monthly Habitat Compression Index over 35.5-40N,nan,nan,0.0,3.0
2005,2,2005-02,0.1412606636093725,nan,nan,nan,Habitat Area (fraction below monthly threshold),Monthly Habitat Compression Index over 35.5-40N,nan,nan,0.0,3.0
2005,3,2005-03,0.0615314326152369,nan,nan,nan,Habitat Area (fraction below monthly threshold),Monthly Habitat Compression Index over 35.5-40N,nan,nan,0.0,3.0
2005,4,2005-04,0.0954147201143822,nan,nan,nan,Habitat Area (fraction below monthly threshold),Monthly Habitat Compression Index over 35.5-40N,nan,nan,0.0,3.0
2005,5,2005-05,0.0,nan,nan,nan,Habitat Area (fraction below monthly threshold),Monthly Habitat Compression Index over 35.5-40N,nan,nan,0.0,3.0
2005,6,2005-06,0.2391815643081586,nan,nan,nan,Habitat Area (fraction below monthly threshold),Monthly Habitat Compression Index over 35.5-40N,nan,nan,0.0,3.0
2005,7,2005-07,0.353146976322515,nan,nan,nan,Habitat Area (fraction below monthly threshold),Monthly Habitat Compression Index over 35.5-40N,nan,nan,0.0,3.0
2005,8,2005-08,0.6201033399881332,nan,nan,nan,Habitat Area (fraction below monthly threshold),Monthly Habitat Compression Index over 35.5-40N,nan,nan,0.0,3.0
2005,9,2005-09,0.5451228502150384,nan,nan,nan,Habitat Area (fraction below monthly threshold),Monthly Habitat Compression Index over 35.5-40N,nan,nan,0.0,3.0
2005,10,2005-10,0.6623633860844291,nan,nan,nan,Habitat Area (fraction below monthly threshold),Monthly Habitat Compression Index over 35.5-40N,nan,nan,0.0,3.0
2005,11,2005-11,0.3326723092898635,nan,nan,nan,Habitat Area (fraction below monthly threshold),Monthly Habitat Compression Index over 35.5-40N,nan,nan,0.0,3.0
2005,12,2005-12,0.1814555508420338,nan,nan,nan,Habitat Area (fraction below monthly threshold),Monthly Habitat Compression Index over 35.5-40N,nan,nan,0.0,3.0
2006,1,2006-01,0.1465238533829775,nan,nan,nan,Habitat Area (fraction below monthly threshold),Monthly Habitat Compression Index over 35.5-40N,nan,nan,0.0,3.0
2006,2,2006-02,0.1569250710591712,nan,nan,nan,Habitat Area (fraction below monthly threshold),Monthly Habitat Compression Index over 35.5-40N,nan,nan,0.0,3.0
2006,3,2006-03,0.6943126583134511,nan,nan,nan,Habitat Area (fraction below monthly threshold),Monthly Habitat Compression Index over 35.5-40N,nan,nan,0.0,3.0
2006,4,2006-04,0.1105688540808604,nan,nan,nan,Habitat Area (fraction below monthly threshold),Monthly Habitat Compression Index over 35.5-40N,nan,nan,0.0,3.0
2006,5,2006-05,0.3101124514884301,nan,nan,nan,Habitat Area (fraction below monthly threshold),Monthly Habitat Compression Index over 35.5-40N,nan,nan,0.0,3.0
2006,6,2006-06,0.1374552276946218,nan,nan,nan,Habitat Area (fraction below monthly threshold),Monthly Habitat Compression Index over 35.5-40N,nan,nan,0.0,3.0
2006,7,2006-07,0.1996050874535539,nan,nan,nan,Habitat Area (fraction below monthly threshold),Monthly Habitat Compression Index over 35.5-40N,nan,nan,0.0,3.0
2006,8,2006-08,0.4125442947107157,nan,nan,nan,Habitat Area (fraction below monthly threshold),Monthly Habitat Compression Index over 35.5-40N,nan,nan,0.0,3.0
2006,9,2006-09,0.6828637916418429,nan,nan,nan,Habitat Area (fraction below monthly threshold),Monthly Habitat Compression Index over 35.5-40N,nan,nan,0.0,3.0
2006,10,2006-10,0.4357059072401428,nan,nan,nan,Habitat Area (fraction below monthly threshold),Monthly Habitat Compression Index over 35.5-40N,nan,nan,0.0,3.0
2006,11,2006-11,0.2412874427402198,nan,nan,nan,Habitat Area (fraction below monthly threshold),Monthly Habitat Compression Index over 35.5-40N,nan,nan,0.0,3.0
2006,12,2006-12,0.3830460774911473,nan,nan,nan,Habitat Area (fraction below monthly threshold),Monthly Habitat Compression Index over 35.5-40N,nan,nan,0.0,3.0
2007,1,2007-01,0.9955031749715864,nan,nan,nan,Habitat Area (fraction below monthly threshold),Monthly Habitat Compression Index over 35.5-40N,nan,nan,0.0,3.0
2007,2,2007-02,0.7790116903636631,nan,nan,nan,Habitat Area (fraction below monthly threshold),Monthly Habitat Compression Index over 35.5-40N,nan,nan,0.0,3.0
2007,3,2007-03,0.8066406145380532,nan,nan,nan,Habitat Area (fraction below monthly threshold),Monthly Habitat Compression Index over 35.5-40N,nan,nan,0.0,3.0
2007,4,2007-04,0.5850121535087396,nan,nan,nan,Habitat Area (fraction below monthly threshold),Monthly Habitat Compression Index over 35.5-40N,nan,nan,0.0,3.0
2007,5,2007-05,0.6368143210946853,nan,nan,nan,Habitat Area (fraction below monthly threshold),Monthly Habitat Compression Index over 35.5-40N,nan,nan,0.0,3.0
2007,6,2007-06,0.5133499937374179,nan,nan,nan,Habitat Area (fraction below monthly threshold),Monthly Habitat Compression Index over 35.5-40N,nan,nan,0.0,3.0
2007,7,2007-07,0.209070162803782,nan,nan,nan,Habitat Area (fraction below monthly threshold),Monthly Habitat Compression Index over 35.5-40N,nan,nan,0.0,3.0
2007,8,2007-08,0.2158064326919495,nan,nan,nan,Habitat Area (fraction below monthly threshold),Monthly Habitat Compression Index over 35.5-40N,nan,nan,0.0,3.0
2007,9,2007-09,0.2210302885809646,nan,nan,nan,Habitat Area (fraction below monthly threshold),Monthly Habitat Compression Index over 35.5-40N,nan,nan,0.0,3.0
2007,10,2007-10,0.5750421990148653,nan,nan,nan,Habitat Area (fraction below monthly threshold),Monthly Habitat Compression Index over 35.5-40N,nan,nan,0.0,3.0
2007,11,2007-11,0.6002098860990153,nan,nan,nan,Habitat Area (fraction below monthly threshold),Monthly Habitat Compression Index over 35.5-40N,nan,nan,0.0,3.0
2007,12,2007-12,0.9944058690292122,nan,nan,nan,Habitat Area (fraction below monthly threshold),Monthly Habitat Compression Index over 35.5-40N,nan,nan,0.0,3.0
2008,1,2008-01,1.0,nan,nan,nan,Habitat Area (fraction below monthly threshold),Monthly Habitat Compression Index over 35.5-40N,nan,nan,0.0,3.0
2008,2,2008-02,1.0,nan,nan,nan,Habitat Area (fraction below monthly threshold),Monthly Habitat Compression Index over 35.5-40N,nan,nan,0.0,3.0
2008,3,2008-03,1.0,nan,nan,nan,Habitat Area (fraction below monthly threshold),Monthly Habitat Compression Index over 35.5-40N,nan,nan,0.0,3.0
2008,4,2008-04,0.9240498745057708,nan,nan,nan,Habitat Area (fraction below monthly threshold),Monthly Habitat Compression Index over 35.5-40N,nan,nan,0.0,3.0
2008,5,2008-05,0.9372442766293744,nan,nan,nan,Habitat Area (fraction below monthly threshold),Monthly Habitat Compression Index over 35.5-40N,nan,nan,0.0,3.0
2008,6,2008-06,0.7083058804482558,nan,nan,nan,Habitat Area (fraction below monthly threshold),Monthly Habitat Compression Index over 35.5-40N,nan,nan,0.0,3.0
2008,7,2008-07,0.421897962168723,nan,nan,nan,Habitat Area (fraction below monthly threshold),Monthly Habitat Compression Index over 35.5-40N,nan,nan,0.0,3.0
2008,8,2008-08,0.5228139534804845,nan,nan,nan,Habitat Area (fraction below monthly threshold),Monthly Habitat Compression Index over 35.5-40N,nan,nan,0.0,3.0
2008,9,2008-09,0.5110251225374228,nan,nan,nan,Habitat Area (fraction below monthly threshold),Monthly Habitat Compression Index over 35.5-40N,nan,nan,0.0,3.0
2008,10,2008-10,0.6922846736755658,nan,nan,nan,Habitat Area (fraction below monthly threshold),Monthly Habitat Compression Index over 35.5-40N,nan,nan,0.0,3.0
2008,11,2008-11,0.3444201643867544,nan,nan,nan,Habitat Area (fraction below monthly threshold),Monthly Habitat Compression Index over 35.5-40N,nan,nan,0.0,3.0
2008,12,2008-12,0.3401163320789616,nan,nan,nan,Habitat Area (fraction below monthly threshold),Monthly Habitat Compression Index over 35.5-40N,nan,nan,0.0,3.0
2009,1,2009-01,0.9652381014502543,nan,nan,nan,Habitat Area (fraction below monthly threshold),Monthly Habitat Compression Index over 35.5-40N,nan,nan,0.0,3.0
2009,2,2009-02,0.7676341836765502,nan,nan,nan,Habitat Area (fraction below monthly threshold),Monthly Habitat Compression Index over 35.5-40N,nan,nan,0.0,3.0
2009,3,2009-03,0.933826397807344,nan,nan,nan,Habitat Area (fraction below monthly threshold),Monthly Habitat Compression Index over 35.5-40N,nan,nan,0.0,3.0
2009,4,2009-04,0.8296923537863806,nan,nan,nan,Habitat Area (fraction below monthly threshold),Monthly Habitat Compression Index over 35.5-40N,nan,nan,0.0,3.0
2009,5,2009-05,0.7939168992934454,nan,nan,nan,Habitat Area (fraction below monthly threshold),Monthly Habitat Compression Index over 35.5-40N,nan,nan,0.0,3.0
2009,6,2009-06,0.1345555622703505,nan,nan,nan,Habitat Area (fraction below monthly threshold),Monthly Habitat Compression Index over 35.5-40N,nan,nan,0.0,3.0
2009,7,2009-07,0.3056346578715096,nan,nan,nan,Habitat Area (fraction below monthly threshold),Monthly Habitat Compression Index over 35.5-40N,nan,nan,0.0,3.0
2009,8,2009-08,0.2483108766555453,nan,nan,nan,Habitat Area (fraction below monthly threshold),Monthly Habitat Compression Index over 35.5-40N,nan,nan,0.0,3.0
2009,9,2009-09,0.1438914828543549,nan,nan,nan,Habitat Area (fraction below monthly threshold),Monthly Habitat Compression Index over 35.5-40N,nan,nan,0.0,3.0
2009,10,2009-10,0.6877706986015968,nan,nan,nan,Habitat Area (fraction below monthly threshold),Monthly Habitat Compression Index over 35.5-40N,nan,nan,0.0,3.0
2009,11,2009-11,0.6191530048566869,nan,nan,nan,Habitat Area (fraction below monthly threshold),Monthly Habitat Compression Index over 35.5-40N,nan,nan,0.0,3.0
2009,12,2009-12,0.8868451094248354,nan,nan,nan,Habitat Area (fraction below monthly threshold),Monthly Habitat Compression Index over 35.5-40N,nan,nan,0.0,3.0
2010,1,2010-01,0.5977479875255297,nan,nan,nan,Habitat Area (fraction below monthly threshold),Monthly Habitat Compression Index over 35.5-40N,nan,nan,0.0,3.0
2010,2,2010-02,0.364079551607312,nan,nan,nan,Habitat Area (fraction below monthly threshold),Monthly Habitat Compression Index over 35.5-40N,nan,nan,0.0,3.0
2010,3,2010-03,0.3798912091697794,nan,nan,nan,Habitat Area (fraction below monthly threshold),Monthly Habitat Compression Index over 35.5-40N,nan,nan,0.0,3.0
2010,4,2010-04,0.299020474007304,nan,nan,nan,Habitat Area (fraction below monthly threshold),Monthly Habitat Compression Index over 35.5-40N,nan,nan,0.0,3.0
2010,5,2010-05,0.7508743962348455,nan,nan,nan,Habitat Area (fraction below monthly threshold),Monthly Habitat Compression Index over 35.5-40N,nan,nan,0.0,3.0
2010,6,2010-06,0.5533322311442846,nan,nan,nan,Habitat Area (fraction below monthly threshold),Monthly Habitat Compression Index over 35.5-40N,nan,nan,0.0,3.0
2010,7,2010-07,0.6152245631308729,nan,nan,nan,Habitat Area (fraction below monthly threshold),Monthly Habitat Compression Index over 35.5-40N,nan,nan,0.0,3.0
2010,8,2010-08,0.8449794766494829,nan,nan,nan,Habitat Area (fraction below monthly threshold),Monthly Habitat Compression Index over 35.5-40N,nan,nan,0.0,3.0
2010,9,2010-09,0.5241877837019888,nan,nan,nan,Habitat Area (fraction below monthly threshold),Monthly Habitat Compression Index over 35.5-40N,nan,nan,0.0,3.0
2010,10,2010-10,0.6471719652208878,nan,nan,nan,Habitat Area (fraction below monthly threshold),Monthly Habitat Compression Index over 35.5-40N,nan,nan,0.0,3.0
2010,11,2010-11,0.5652041878591706,nan,nan,nan,Habitat Area (fraction below monthly threshold),Monthly Habitat Compression Index over 35.5-40N,nan,nan,0.0,3.0
2010,12,2010-12,0.7018057876686955,nan,nan,nan,Habitat Area (fraction below monthly threshold),Monthly Habitat Compression Index over 35.5-40N,nan,nan,0.0,3.0
2011,1,2011-01,0.922933517834015,nan,nan,nan,Habitat Area (fraction below monthly threshold),Monthly Habitat Compression Index over 35.5-40N,nan,nan,0.0,3.0
2011,2,2011-02,0.7832478940119098,nan,nan,nan,Habitat Area (fraction below monthly threshold),Monthly Habitat Compression Index over 35.5-40N,nan,nan,0.0,3.0
2011,3,2011-03,0.7216427414410359,nan,nan,nan,Habitat Area (fraction below monthly threshold),Monthly Habitat Compression Index over 35.5-40N,nan,nan,0.0,3.0
2011,4,2011-04,0.5625832552835716,nan,nan,nan,Habitat Area (fraction below monthly threshold),Monthly Habitat Compression Index over 35.5-40N,nan,nan,0.0,3.0
2011,5,2011-05,0.5751197873300052,nan,nan,nan,Habitat Area (fraction below monthly threshold),Monthly Habitat Compression Index over 35.5-40N,nan,nan,0.0,3.0
2011,6,2011-06,0.4983893692324574,nan,nan,nan,Habitat Area (fraction below monthly threshold),Monthly Habitat Compression Index over 35.5-40N,nan,nan,0.0,3.0
2011,7,2011-07,0.5622996611059792,nan,nan,nan,Habitat Area (fraction below monthly threshold),Monthly Habitat Compression Index over 35.5-40N,nan,nan,0.0,3.0
2011,8,2011-08,0.5860593965927442,nan,nan,nan,Habitat Area (fraction below monthly threshold),Monthly Habitat Compression Index over 35.5-40N,nan,nan,0.0,3.0
2011,9,2011-09,0.4459727611269351,nan,nan,nan,Habitat Area (fraction below monthly threshold),Monthly Habitat Compression Index over 35.5-40N,nan,nan,0.0,3.0
2011,10,2011-10,0.2863625119274366,nan,nan,nan,Habitat Area (fraction below monthly threshold),Monthly Habitat Compression Index over 35.5-40N,nan,nan,0.0,3.0
2011,11,2011-11,0.6786252975888054,nan,nan,nan,Habitat Area (fraction below monthly threshold),Monthly Habitat Compression Index over 35.5-40N,nan,nan,0.0,3.0
2011,12,2011-12,0.7499136242432077,nan,nan,nan,Habitat Area (fraction below monthly threshold),Monthly Habitat Compression Index over 35.5-40N,nan,nan,0.0,3.0
2012,1,2012-01,0.9506163556338576,nan,nan,nan,Habitat Area (fraction below monthly threshold),Monthly Habitat Compression Index over 35.5-40N,nan,nan,0.0,3.0
2012,2,2012-02,0.943893582895904,nan,nan,nan,Habitat Area (fraction below monthly threshold),Monthly Habitat Compression Index over 35.5-40N,nan,nan,0.0,3.0
2012,3,2012-03,0.9876632193988466,nan,nan,nan,Habitat Area (fraction below monthly threshold),Monthly Habitat Compression Index over 35.5-40N,nan,nan,0.0,3.0
2012,4,2012-04,0.4915147352217126,nan,nan,nan,Habitat Area (fraction below monthly threshold),Monthly Habitat Compression Index over 35.5-40N,nan,nan,0.0,3.0
2012,5,2012-05,0.6747192116515428,nan,nan,nan,Habitat Area (fraction below monthly threshold),Monthly Habitat Compression Index over 35.5-40N,nan,nan,0.0,3.0
2012,6,2012-06,0.5866472580800519,nan,nan,nan,Habitat Area (fraction below monthly threshold),Monthly Habitat Compression Index over 35.5-40N,nan,nan,0.0,3.0
2012,7,2012-07,0.489593066795961,nan,nan,nan,Habitat Area (fraction below monthly threshold),Monthly Habitat Compression Index over 35.5-40N,nan,nan,0.0,3.0
2012,8,2012-08,0.5521582551390782,nan,nan,nan,Habitat Area (fraction below monthly threshold),Monthly Habitat Compression Index over 35.5-40N,nan,nan,0.0,3.0
2012,9,2012-09,0.5393106364452639,nan,nan,nan,Habitat Area (fraction below monthly threshold),Monthly Habitat Compression Index over 35.5-40N,nan,nan,0.0,3.0
2012,10,2012-10,0.4273201663165167,nan,nan,nan,Habitat Area (fraction below monthly threshold),Monthly Habitat Compression Index over 35.5-40N,nan,nan,0.0,3.0
2012,11,2012-11,0.0627382585810855,nan,nan,nan,Habitat Area (fraction below monthly threshold),Monthly Habitat Compression Index over 35.5-40N,nan,nan,0.0,3.0
2012,12,2012-12,0.008516323708078,nan,nan,nan,Habitat Area (fraction below monthly threshold),Monthly Habitat Compression Index over 35.5-40N,nan,nan,0.0,3.0
2013,1,2013-01,0.8578674704451029,nan,nan,nan,Habitat Area (fraction below monthly threshold),Monthly Habitat Compression Index over 35.5-40N,nan,nan,0.0,3.0
2013,2,2013-02,0.9449798215341578,nan,nan,nan,Habitat Area (fraction below monthly threshold),Monthly Habitat Compression Index over 35.5-40N,nan,nan,0.0,3.0
2013,3,2013-03,1.0,nan,nan,nan,Habitat Area (fraction below monthly threshold),Monthly Habitat Compression Index over 35.5-40N,nan,nan,0.0,3.0
2013,4,2013-04,0.6714646511687139,nan,nan,nan,Habitat Area (fraction below monthly threshold),Monthly Habitat Compression Index over 35.5-40N,nan,nan,0.0,3.0
2013,5,2013-05,0.411405436046687,nan,nan,nan,Habitat Area (fraction below monthly threshold),Monthly Habitat Compression Index over 35.5-40N,nan,nan,0.0,3.0
2013,6,2013-06,0.3498448719132779,nan,nan,nan,Habitat Area (fraction below monthly threshold),Monthly Habitat Compression Index over 35.5-40N,nan,nan,0.0,3.0
2013,7,2013-07,0.3311496434139082,nan,nan,nan,Habitat Area (fraction below monthly threshold),Monthly Habitat Compression Index over 35.5-40N,nan,nan,0.0,3.0
2013,8,2013-08,0.3533568602591562,nan,nan,nan,Habitat Area (fraction below monthly threshold),Monthly Habitat Compression Index over 35.5-40N,nan,nan,0.0,3.0
2013,9,2013-09,0.2090810982893112,nan,nan,nan,Habitat Area (fraction below monthly threshold),Monthly Habitat Compression Index over 35.5-40N,nan,nan,0.0,3.0
2013,10,2013-10,0.5530398968983457,nan,nan,nan,Habitat Area (fraction below monthly threshold),Monthly Habitat Compression Index over 35.5-40N,nan,nan,0.0,3.0
2013,11,2013-11,0.4275111606406493,nan,nan,nan,Habitat Area (fraction below monthly threshold),Monthly Habitat Compression Index over 35.5-40N,nan,nan,0.0,3.0
2013,12,2013-12,0.4599800250125022,nan,nan,nan,Habitat Area (fraction below monthly threshold),Monthly Habitat Compression Index over 35.5-40N,nan,nan,0.0,3.0
2014,1,2014-01,0.5724426149851995,nan,nan,nan,Habitat Area (fraction below monthly threshold),Monthly Habitat Compression Index over 35.5-40N,nan,nan,0.0,3.0
2014,2,2014-02,0.3478162598399725,nan,nan,nan,Habitat Area (fraction below monthly threshold),Monthly Habitat Compression Index over 35.5-40N,nan,nan,0.0,3.0
2014,3,2014-03,0.1591241774327052,nan,nan,nan,Habitat Area (fraction below monthly threshold),Monthly Habitat Compression Index over 35.5-40N,nan,nan,0.0,3.0
2014,4,2014-04,0.1417856606718373,nan,nan,nan,Habitat Area (fraction below monthly threshold),Monthly Habitat Compression Index over 35.5-40N,nan,nan,0.0,3.0
2014,5,2014-05,0.2430554911386777,nan,nan,nan,Habitat Area (fraction below monthly threshold),Monthly Habitat Compression Index over 35.5-40N,nan,nan,0.0,3.0
2014,6,2014-06,0.3262978178529461,nan,nan,nan,Habitat Area (fraction below monthly threshold),Monthly Habitat Compression Index over 35.5-40N,nan,nan,0.0,3.0
2014,7,2014-07,0.1818190075336574,nan,nan,nan,Habitat Area (fraction below monthly threshold),Monthly Habitat Compression Index over 35.5-40N,nan,nan,0.0,3.0
2014,8,2014-08,0.1959591273300171,nan,nan,nan,Habitat Area (fraction below monthly threshold),Monthly Habitat Compression Index over 35.5-40N,nan,nan,0.0,3.0
2014,9,2014-09,0.0351428959802859,nan,nan,nan,Habitat Area (fraction below monthly threshold),Monthly Habitat Compression Index over 35.5-40N,nan,nan,0.0,3.0
2014,10,2014-10,0.0053168598341275,nan,nan,nan,Habitat Area (fraction below monthly threshold),Monthly Habitat Compression Index over 35.5-40N,nan,nan,0.0,3.0
2014,11,2014-11,0.0,nan,nan,nan,Habitat Area (fraction below monthly threshold),Monthly Habitat Compression Index over 35.5-40N,nan,nan,0.0,3.0
2014,12,2014-12,0.0,nan,nan,nan,Habitat Area (fraction below monthly threshold),Monthly Habitat Compression Index over 35.5-40N,nan,nan,0.0,3.0
2015,1,2015-01,0.0010866729053499,nan,nan,nan,Habitat Area (fraction below monthly threshold),Monthly Habitat Compression Index over 35.5-40N,nan,nan,0.0,3.0
2015,2,2015-02,0.0,nan,nan,nan,Habitat Area (fraction below monthly threshold),Monthly Habitat Compression Index over 35.5-40N,nan,nan,0.0,3.0
2015,3,2015-03,0.0148296591896061,nan,nan,nan,Habitat Area (fraction below monthly threshold),Monthly Habitat Compression Index over 35.5-40N,nan,nan,0.0,3.0
2015,4,2015-04,0.1902870228849257,nan,nan,nan,Habitat Area (fraction below monthly threshold),Monthly Habitat Compression Index over 35.5-40N,nan,nan,0.0,3.0
2015,5,2015-05,0.2750577362463441,nan,nan,nan,Habitat Area (fraction below monthly threshold),Monthly Habitat Compression Index over 35.5-40N,nan,nan,0.0,3.0
2015,6,2015-06,0.2095103703601438,nan,nan,nan,Habitat Area (fraction below monthly threshold),Monthly Habitat Compression Index over 35.5-40N,nan,nan,0.0,3.0
2015,7,2015-07,0.1151617777380089,nan,nan,nan,Habitat Area (fraction below monthly threshold),Monthly Habitat Compression Index over 35.5-40N,nan,nan,0.0,3.0
2015,8,2015-08,0.0964724599566988,nan,nan,nan,Habitat Area (fraction below monthly threshold),Monthly Habitat Compression Index over 35.5-40N,nan,nan,0.0,3.0
2015,9,2015-09,0.1083754411275777,nan,nan,nan,Habitat Area (fraction below monthly threshold),Monthly Habitat Compression Index over 35.5-40N,nan,nan,0.0,3.0
2015,10,2015-10,0.039371413367994,nan,nan,nan,Habitat Area (fraction below monthly threshold),Monthly Habitat Compression Index over 35.5-40N,nan,nan,0.0,3.0
2015,11,2015-11,0.098773102820137,nan,nan,nan,Habitat Area (fraction below monthly threshold),Monthly Habitat Compression Index over 35.5-40N,nan,nan,0.0,3.0
2015,12,2015-12,0.0150394175666862,nan,nan,nan,Habitat Area (fraction below monthly threshold),Monthly Habitat Compression Index over 35.5-40N,nan,nan,0.0,3.0
2016,1,2016-01,0.0266371619329817,nan,nan,nan,Habitat Area (fraction below monthly threshold),Monthly Habitat Compression Index over 35.5-40N,nan,nan,0.0,3.0
2016,2,2016-02,0.0,nan,nan,nan,Habitat Area (fraction below monthly threshold),Monthly Habitat Compression Index over 35.5-40N,nan,nan,0.0,3.0
2016,3,2016-03,0.0,nan,nan,nan,Habitat Area (fraction below monthly threshold),Monthly Habitat Compression Index over 35.5-40N,nan,nan,0.0,3.0
2016,4,2016-04,0.0951435750516846,nan,nan,nan,Habitat Area (fraction below monthly threshold),Monthly Habitat Compression Index over 35.5-40N,nan,nan,0.0,3.0
2016,5,2016-05,0.1890890245640564,nan,nan,nan,Habitat Area (fraction below monthly threshold),Monthly Habitat Compression Index over 35.5-40N,nan,nan,0.0,3.0
2016,6,2016-06,0.2007451039702973,nan,nan,nan,Habitat Area (fraction below monthly threshold),Monthly Habitat Compression Index over 35.5-40N,nan,nan,0.0,3.0
2016,7,2016-07,0.3881149714466258,nan,nan,nan,Habitat Area (fraction below monthly threshold),Monthly Habitat Compression Index over 35.5-40N,nan,nan,0.0,3.0
2016,8,2016-08,0.3938809319180804,nan,nan,nan,Habitat Area (fraction below monthly threshold),Monthly Habitat Compression Index over 35.5-40N,nan,nan,0.0,3.0
2016,9,2016-09,0.3282982111867862,nan,nan,nan,Habitat Area (fraction below monthly threshold),Monthly Habitat Compression Index over 35.5-40N,nan,nan,0.0,3.0
2016,10,2016-10,0.2569408774689058,nan,nan,nan,Habitat Area (fraction below monthly threshold),Monthly Habitat Compression Index over 35.5-40N,nan,nan,0.0,3.0
2016,11,2016-11,0.0,nan,nan,nan,Habitat Area (fraction below monthly threshold),Monthly Habitat Compression Index over 35.5-40N,nan,nan,0.0,3.0
2016,12,2016-12,0.1753445914497656,nan,nan,nan,Habitat Area (fraction below monthly threshold),Monthly Habitat Compression Index over 35.5-40N,nan,nan,0.0,3.0
2017,1,2017-01,0.61088379746134,nan,nan,nan,Habitat Area (fraction below monthly threshold),Monthly Habitat Compression Index over 35.5-40N,nan,nan,0.0,3.0
2017,2,2017-02,0.2356949955937885,nan,nan,nan,Habitat Area (fraction below monthly threshold),Monthly Habitat Compression Index over 35.5-40N,nan,nan,0.0,3.0
2017,3,2017-03,0.1648528823797255,nan,nan,nan,Habitat Area (fraction below monthly threshold),Monthly Habitat Compression Index over 35.5-40N,nan,nan,0.0,3.0
2017,4,2017-04,0.0914000529260274,nan,nan,nan,Habitat Area (fraction below monthly threshold),Monthly Habitat Compression Index over 35.5-40N,nan,nan,0.0,3.0
2017,5,2017-05,0.3877711650640197,nan,nan,nan,Habitat Area (fraction below monthly threshold),Monthly Habitat Compression Index over 35.5-40N,nan,nan,0.0,3.0
2017,6,2017-06,0.2848125113557017,nan,nan,nan,Habitat Area (fraction below monthly threshold),Monthly Habitat Compression Index over 35.5-40N,nan,nan,0.0,3.0
2017,7,2017-07,0.4184914581829902,nan,nan,nan,Habitat Area (fraction below monthly threshold),Monthly Habitat Compression Index over 35.5-40N,nan,nan,0.0,3.0
2017,8,2017-08,0.2520516109518099,nan,nan,nan,Habitat Area (fraction below monthly threshold),Monthly Habitat Compression Index over 35.5-40N,nan,nan,0.0,3.0
2017,9,2017-09,0.1650049552758186,nan,nan,nan,Habitat Area (fraction below monthly threshold),Monthly Habitat Compression Index over 35.5-40N,nan,nan,0.0,3.0
2017,10,2017-10,0.5274225090972434,nan,nan,nan,Habitat Area (fraction below monthly threshold),Monthly Habitat Compression Index over 35.5-40N,nan,nan,0.0,3.0
2017,11,2017-11,0.0856812049801649,nan,nan,nan,Habitat Area (fraction below monthly threshold),Monthly Habitat Compression Index over 35.5-40N,nan,nan,0.0,3.0
2017,12,2017-12,0.0492524231263604,nan,nan,nan,Habitat Area (fraction below monthly threshold),Monthly Habitat Compression Index over 35.5-40N,nan,nan,0.0,3.0
2018,1,2018-01,0.06187139772138,nan,nan,nan,Habitat Area (fraction below monthly threshold),Monthly Habitat Compression Index over 35.5-40N,nan,nan,0.0,3.0
2018,2,2018-02,0.2069356035525281,nan,nan,nan,Habitat Area (fraction below monthly threshold),Monthly Habitat Compression Index over 35.5-40N,nan,nan,0.0,3.0
2018,3,2018-03,0.5300926473010257,nan,nan,nan,Habitat Area (fraction below monthly threshold),Monthly Habitat Compression Index over 35.5-40N,nan,nan,0.0,3.0
2018,4,2018-04,0.1580422692531762,nan,nan,nan,Habitat Area (fraction below monthly threshold),Monthly Habitat Compression Index over 35.5-40N,nan,nan,0.0,3.0
2018,5,2018-05,0.2893509406257361,nan,nan,nan,Habitat Area (fraction below monthly threshold),Monthly Habitat Compression Index over 35.5-40N,nan,nan,0.0,3.0
2018,6,2018-06,0.3562002048263876,nan,nan,nan,Habitat Area (fraction below monthly threshold),Monthly Habitat Compression Index over 35.5-40N,nan,nan,0.0,3.0
2018,7,2018-07,0.2445279223446674,nan,nan,nan,Habitat Area (fraction below monthly threshold),Monthly Habitat Compression Index over 35.5-40N,nan,nan,0.0,3.0
2018,8,2018-08,0.3926435485455718,nan,nan,nan,Habitat Area (fraction below monthly threshold),Monthly Habitat Compression Index over 35.5-40N,nan,nan,0.0,3.0
2018,9,2018-09,0.3927316447598647,nan,nan,nan,Habitat Area (fraction below monthly threshold),Monthly Habitat Compression Index over 35.5-40N,nan,nan,0.0,3.0
2018,10,2018-10,0.2076163309941471,nan,nan,nan,Habitat Area (fraction below monthly threshold),Monthly Habitat Compression Index over 35.5-40N,nan,nan,0.0,3.0
2018,11,2018-11,0.1983854684989661,nan,nan,nan,Habitat Area (fraction below monthly threshold),Monthly Habitat Compression Index over 35.5-40N,nan,nan,0.0,3.0
2018,12,2018-12,0.0,nan,nan,nan,Habitat Area (fraction below monthly threshold),Monthly Habitat Compression Index over 35.5-40N,nan,nan,0.0,3.0
2019,1,2019-01,0.2132232441173912,nan,nan,nan,Habitat Area (fraction below monthly threshold),Monthly Habitat Compression Index over 35.5-40N,nan,nan,0.0,3.0
2019,2,2019-02,0.110509846425031,nan,nan,nan,Habitat Area (fraction below monthly threshold),Monthly Habitat Compression Index over 35.5-40N,nan,nan,0.0,3.0
2019,3,2019-03,0.3111065165651686,nan,nan,nan,Habitat Area (fraction below monthly threshold),Monthly Habitat Compression Index over 35.5-40N,nan,nan,0.0,3.0
2019,4,2019-04,0.1179355533199048,nan,nan,nan,Habitat Area (fraction below monthly threshold),Monthly Habitat Compression Index over 35.5-40N,nan,nan,0.0,3.0
2019,5,2019-05,0.2283426297724864,nan,nan,nan,Habitat Area (fraction below monthly threshold),Monthly Habitat Compression Index over 35.5-40N,nan,nan,0.0,3.0
2019,6,2019-06,0.3910361104566056,nan,nan,nan,Habitat Area (fraction below monthly threshold),Monthly Habitat Compression Index over 35.5-40N,nan,nan,0.0,3.0
2019,7,2019-07,0.4019686857770996,nan,nan,nan,Habitat Area (fraction below monthly threshold),Monthly Habitat Compression Index over 35.5-40N,nan,nan,0.0,3.0
2019,8,2019-08,0.3115806485146324,nan,nan,nan,Habitat Area (fraction below monthly threshold),Monthly Habitat Compression Index over 35.5-40N,nan,nan,0.0,3.0
2019,9,2019-09,0.1835774973697328,nan,nan,nan,Habitat Area (fraction below monthly threshold),Monthly Habitat Compression Index over 35.5-40N,nan,nan,0.0,3.0
2019,10,2019-10,0.482530508817849,nan,nan,nan,Habitat Area (fraction below monthly threshold),Monthly Habitat Compression Index over 35.5-40N,nan,nan,0.0,3.0
2019,11,2019-11,0.3713514643703569,nan,nan,nan,Habitat Area (fraction below monthly threshold),Monthly Habitat Compression Index over 35.5-40N,nan,nan,0.0,3.0
2019,12,2019-12,0.1253223689669891,nan,nan,nan,Habitat Area (fraction below monthly threshold),Monthly Habitat Compression Index over 35.5-40N,nan,nan,0.0,3.0
2020,1,2020-01,0.4934912154340561,nan,nan,nan,Habitat Area (fraction below monthly threshold),Monthly Habitat Compression Index over 35.5-40N,nan,nan,0.0,3.0
2020,2,2020-02,0.5668460735512287,nan,nan,nan,Habitat Area (fraction below monthly threshold),Monthly Habitat Compression Index over 35.5-40N,nan,nan,0.0,3.0
2020,3,2020-03,0.5144499764340216,nan,nan,nan,Habitat Area (fraction below monthly threshold),Monthly Habitat Compression Index over 35.5-40N,nan,nan,0.0,3.0
2020,4,2020-04,0.2384573459527091,nan,nan,nan,Habitat Area (fraction below monthly threshold),Monthly Habitat Compression Index over 35.5-40N,nan,nan,0.0,3.0
2020,5,2020-05,0.1800103367212774,nan,nan,nan,Habitat Area (fraction below monthly threshold),Monthly Habitat Compression Index over 35.5-40N,nan,nan,0.0,3.0
2020,6,2020-06,0.2749352114460264,nan,nan,nan,Habitat Area (fraction below monthly threshold),Monthly Habitat Compression Index over 35.5-40N,nan,nan,0.0,3.0
2020,7,2020-07,0.507427862167735,nan,nan,nan,Habitat Area (fraction below monthly threshold),Monthly Habitat Compression Index over 35.5-40N,nan,nan,0.0,3.0
2020,8,2020-08,0.3832074812514763,nan,nan,nan,Habitat Area (fraction below monthly threshold),Monthly Habitat Compression Index over 35.5-40N,nan,nan,0.0,3.0
2020,9,2020-09,0.2342838573827008,nan,nan,nan,Habitat Area (fraction below monthly threshold),Monthly Habitat Compression Index over 35.5-40N,nan,nan,0.0,3.0
2020,10,2020-10,0.2830169875547583,nan,nan,nan,Habitat Area (fraction below monthly threshold),Monthly Habitat Compression Index over 35.5-40N,nan,nan,0.0,3.0
2020,11,2020-11,0.5862309119060327,nan,nan,nan,Habitat Area (fraction below monthly threshold),Monthly Habitat Compression Index over 35.5-40N,nan,nan,0.0,3.0
2020,12,2020-12,0.789163092420285,nan,nan,nan,Habitat Area (fraction below monthly threshold),Monthly Habitat Compression Index over 35.5-40N,nan,nan,0.0,3.0
2021,1,2021-01,0.7968774866137786,nan,nan,nan,Habitat Area (fraction below monthly threshold),Monthly Habitat Compression Index over 35.5-40N,nan,nan,0.0,3.0
2021,2,2021-02,0.7272950505425623,nan,nan,nan,Habitat Area (fraction below monthly threshold),Monthly Habitat Compression Index over 35.5-40N,nan,nan,0.0,3.0
2021,3,2021-03,0.9741642922495576,nan,nan,nan,Habitat Area (fraction below monthly threshold),Monthly Habitat Compression Index over 35.5-40N,nan,nan,0.0,3.0
2021,4,2021-04,0.8092538413141653,nan,nan,nan,Habitat Area (fraction below monthly threshold),Monthly Habitat Compression Index over 35.5-40N,nan,nan,0.0,3.0
2021,5,2021-05,0.845996460098046,nan,nan,nan,Habitat Area (fraction below monthly threshold),Monthly Habitat Compression Index over 35.5-40N,nan,nan,0.0,3.0
2021,6,2021-06,0.3538757985867832,nan,nan,nan,Habitat Area (fraction below monthly threshold),Monthly Habitat Compression Index over 35.5-40N,nan,nan,0.0,3.0
2021,7,2021-07,0.6069061260248724,nan,nan,nan,Habitat Area (fraction below monthly threshold),Monthly Habitat Compression Index over 35.5-40N,nan,nan,0.0,3.0
2021,8,2021-08,0.5714573537992417,nan,nan,nan,Habitat Area (fraction below monthly threshold),Monthly Habitat Compression Index over 35.5-40N,nan,nan,0.0,3.0
2021,9,2021-09,0.4669003829150345,nan,nan,nan,Habitat Area (fraction below monthly threshold),Monthly Habitat Compression Index over 35.5-40N,nan,nan,0.0,3.0
2021,10,2021-10,0.6547124468622201,nan,nan,nan,Habitat Area (fraction below monthly threshold),Monthly Habitat Compression Index over 35.5-40N,nan,nan,0.0,3.0
2021,11,2021-11,0.1335217730501545,nan,nan,nan,Habitat Area (fraction below monthly threshold),Monthly Habitat Compression Index over 35.5-40N,nan,nan,0.0,3.0
2021,12,2021-12,0.3404025035817486,nan,nan,nan,Habitat Area (fraction below monthly threshold),Monthly Habitat Compression Index over 35.5-40N,nan,nan,0.0,3.0
2022,1,2022-01,0.5845010499740791,nan,nan,nan,Habitat Area (fraction below monthly threshold),Monthly Habitat Compression Index over 35.5-40N,nan,nan,0.0,3.0
2022,2,2022-02,0.56899750658056,nan,nan,nan,Habitat Area (fraction below monthly threshold),Monthly Habitat Compression Index over 35.5-40N,nan,nan,0.0,3.0
2022,3,2022-03,0.7529671736584099,nan,nan,nan,Habitat Area (fraction below monthly threshold),Monthly Habitat Compression Index over 35.5-40N,nan,nan,0.0,3.0
2022,4,2022-04,0.6841257594422507,nan,nan,nan,Habitat Area (fraction below monthly threshold),Monthly Habitat Compression Index over 35.5-40N,nan,nan,0.0,3.0
2022,5,2022-05,0.6697027760927782,nan,nan,nan,Habitat Area (fraction below monthly threshold),Monthly Habitat Compression Index over 35.5-40N,nan,nan,0.0,3.0
2022,6,2022-06,0.4097811306743896,nan,nan,nan,Habitat Area (fraction below monthly threshold),Monthly Habitat Compression Index over 35.5-40N,nan,nan,0.0,3.0
2022,7,2022-07,0.4473282088613431,nan,nan,nan,Habitat Area (fraction below monthly threshold),Monthly Habitat Compression Index over 35.5-40N,nan,nan,0.0,3.0
2022,8,2022-08,0.3545216743594857,nan,nan,nan,Habitat Area (fraction below monthly threshold),Monthly Habitat Compression Index over 35.5-40N,nan,nan,0.0,3.0
2022,9,2022-09,0.1932104826816732,nan,nan,nan,Habitat Area (fraction below monthly threshold),Monthly Habitat Compression Index over 35.5-40N,nan,nan,0.0,3.0
2022,10,2022-10,0.3548633396358074,nan,nan,nan,Habitat Area (fraction below monthly threshold),Monthly Habitat Compression Index over 35.5-40N,nan,nan,0.0,3.0
2022,11,2022-11,0.4632324128305004,nan,nan,nan,Habitat Area (fraction below monthly threshold),Monthly Habitat Compression Index over 35.5-40N,nan,nan,0.0,3.0
2022,12,2022-12,0.4662817821585951,nan,nan,nan,Habitat Area (fraction below monthly threshold),Monthly Habitat Compression Index over 35.5-40N,nan,nan,0.0,3.0
2023,1,2023-01,0.6410206676515846,nan,nan,nan,Habitat Area (fraction below monthly threshold),Monthly Habitat Compression Index over 35.5-40N,nan,nan,0.0,3.0
2023,2,2023-02,0.8588820687317952,nan,nan,nan,Habitat Area (fraction below monthly threshold),Monthly Habitat Compression Index over 35.5-40N,nan,nan,0.0,3.0
2023,3,2023-03,0.969678684234432,nan,nan,nan,Habitat Area (fraction below monthly threshold),Monthly Habitat Compression Index over 35.5-40N,nan,nan,0.0,3.0
2023,4,2023-04,0.7731738977327085,nan,nan,nan,Habitat Area (fraction below monthly threshold),Monthly Habitat Compression Index over 35.5-40N,nan,nan,0.0,3.0
2023,5,2023-05,0.4398388656168354,nan,nan,nan,Habitat Area (fraction below monthly threshold),Monthly Habitat Compression Index over 35.5-40N,nan,nan,0.0,3.0
2023,6,2023-06,0.4485278922627067,nan,nan,nan,Habitat Area (fraction below monthly threshold),Monthly Habitat Compression Index over 35.5-40N,nan,nan,0.0,3.0
2023,7,2023-07,0.6153497368304124,nan,nan,nan,Habitat Area (fraction below monthly threshold),Monthly Habitat Compression Index over 35.5-40N,nan,nan,0.0,3.0
2023,8,2023-08,0.3920477036618328,nan,nan,nan,Habitat Area (fraction below monthly threshold),Monthly Habitat Compression Index over 35.5-40N,nan,nan,0.0,3.0
2023,9,2023-09,0.2405586680932737,nan,nan,nan,Habitat Area (fraction below monthly threshold),Monthly Habitat Compression Index over 35.5-40N,nan,nan,0.0,3.0
2023,10,2023-10,0.1726369162772228,nan,nan,nan,Habitat Area (fraction below monthly threshold),Monthly Habitat Compression Index over 35.5-40N,nan,nan,0.0,3.0
2023,11,2023-11,0.0302106932539065,nan,nan,nan,Habitat Area (fraction below monthly threshold),Monthly Habitat Compression Index over 35.5-40N,nan,nan,0.0,3.0
2023,12,2023-12,0.0,nan,nan,nan,Habitat Area (fraction below monthly threshold),Monthly Habitat Compression Index over 35.5-40N,nan,nan,0.0,3.0
2024,1,2024-01,0.0074522972521645,nan,nan,nan,Habitat Area (fraction below monthly threshold),Monthly Habitat Compression Index over 35.5-40N,nan,nan,0.0,3.0
2024,2,2024-02,0.0,nan,nan,nan,Habitat Area (fraction below monthly threshold),Monthly Habitat Compression Index over 35.5-40N,nan,nan,0.0,3.0
2024,3,2024-03,0.0212151806687818,nan,nan,nan,Habitat Area (fraction below monthly threshold),Monthly Habitat Compression Index over 35.5-40N,nan,nan,0.0,3.0
2024,4,2024-04,0.1491369586709383,nan,nan,nan,Habitat Area (fraction below monthly threshold),Monthly Habitat Compression Index over 35.5-40N,nan,nan,0.0,3.0
2024,5,2024-05,0.5551054018725786,nan,nan,nan,Habitat Area (fraction below monthly threshold),Monthly Habitat Compression Index over 35.5-40N,nan,nan,0.0,3.0
2024,6,2024-06,0.5563276111431494,nan,nan,nan,Habitat Area (fraction below monthly threshold),Monthly Habitat Compression Index over 35.5-40N,nan,nan,0.0,3.0
2024,7,2024-07,0.4038868974140107,nan,nan,nan,Habitat Area (fraction below monthly threshold),Monthly Habitat Compression Index over 35.5-40N,nan,nan,0.0,3.0
2024,8,2024-08,0.4545301611406478,nan,nan,nan,Habitat Area (fraction below monthly threshold),Monthly Habitat Compression Index over 35.5-40N,nan,nan,0.0,3.0
2024,9,2024-09,0.3394781800583729,nan,nan,nan,Habitat Area (fraction below monthly threshold),Monthly Habitat Compression Index over 35.5-40N,nan,nan,0.0,3.0
2024,10,2024-10,0.3742046090801271,nan,nan,nan,Habitat Area (fraction below monthly threshold),Monthly Habitat Compression Index over 35.5-40N,nan,nan,0.0,3.0
2024,11,2024-11,0.433669084077726,nan,nan,nan,Habitat Area (fraction below monthly threshold),Monthly Habitat Compression Index over 35.5-40N,nan,nan,0.0,3.0
2024,12,2024-12,0.102932095376321,nan,nan,nan,Habitat Area (fraction below monthly threshold),Monthly Habitat Compression Index over 35.5-40N,nan,nan,0.0,3.0
2025,1,2025-01,0.4987083019059271,nan,nan,nan,Habitat Area (fraction below monthly threshold),Monthly Habitat Compression Index over 35.5-40N,nan,nan,0.0,3.0
2025,2,2025-02,0.5323549306559834,nan,nan,nan,Habitat Area (fraction below monthly threshold),Monthly Habitat Compression Index over 35.5-40N,nan,nan,0.0,3.0
2025,3,2025-03,0.6372431447462257,nan,nan,nan,Habitat Area (fraction below monthly threshold),Monthly Habitat Compression Index over 35.5-40N,nan,nan,0.0,3.0
2025,4,2025-04,0.3115170606240592,nan,nan,nan,Habitat Area (fraction below monthly threshold),Monthly Habitat Compression Index over 35.5-40N,nan,nan,0.0,3.0
2025,5,2025-05,0.4681742738493619,nan,nan,nan,Habitat Area (fraction below monthly threshold),Monthly Habitat Compression Index over 35.5-40N,nan,nan,0.0,3.0
2025,6,2025-06,0.3348654041497104,nan,nan,nan,Habitat Area (fraction below monthly threshold),Monthly Habitat Compression Index over 35.5-40N,nan,nan,0.0,3.0
2025,7,2025-07,0.160185873837994,nan,nan,nan,Habitat Area (fraction below monthly threshold),Monthly Habitat Compression Index over 35.5-40N,nan,nan,0.0,3.0
2025,8,2025-08,0.3393853792713656,nan,nan,nan,Habitat Area (fraction below monthly threshold),Monthly Habitat Compression Index over 35.5-40N,nan,nan,0.0,3.0
2025,9,2025-09,0.1177655195872478,nan,nan,nan,Habitat Area (fraction below monthly threshold),Monthly Habitat Compression Index over 35.5-40N,nan,nan,0.0,3.0
2025,10,2025-10,0.1150624750125722,nan,nan,nan,Habitat Area (fraction below monthly threshold),Monthly Habitat Compression Index over 35.5-40N,nan,nan,0.0,3.0
2025,11,2025-11,0.0985851219160608,nan,nan,nan,Habitat Area (fraction below monthly threshold),Monthly Habitat Compression Index over 35.5-40N,nan,nan,0.0,3.0
2025,12,2025-12,0.0095543868083786,nan,nan,nan,Habitat Area (fraction below monthly threshold),Monthly Habitat Compression Index over 35.5-40N,nan,nan,0.0,3.0
2026,1,2026-01,0.0255929212371001,nan,nan,nan,Habitat Area (fraction below monthly threshold),Monthly Habitat Compression Index over 35.5-40N,nan,nan,0.0,3.0
2026,2,2026-02,0.0,nan,nan,nan,Habitat Area (fraction below monthly threshold),Monthly Habitat Compression Index over 35.5-40N,nan,nan,0.0,3.0
2026,3,2026-03,0.1668789717663467,nan,nan,nan,Habitat Area (fraction below monthly threshold),Monthly Habitat Compression Index over 35.5-40N,nan,nan,0.0,3.0
2026,4,2026-04,0.0042467056484593,nan,nan,nan,Habitat Area (fraction below monthly threshold),Monthly Habitat Compression Index over 35.5-40N,nan,nan,0.0,3.0
2026,5,2026-05,0.2060939946417705,nan,nan,nan,Habitat Area (fraction below monthly threshold),Monthly Habitat Compression Index over 35.5-40N,nan,nan,0.0,3.0
1980,1,1980-01,0.3931193992099746,nan,nan,nan,Habitat Area (fraction below monthly threshold),Monthly Habitat Compression Index over 30-35.5N,nan,nan,0.0,4.0
1980,2,1980-02,0.1788628186563137,nan,nan,nan,Habitat Area (fraction below monthly threshold),Monthly Habitat Compression Index over 30-35.5N,nan,nan,0.0,4.0
1980,3,1980-03,0.2256413585771954,nan,nan,nan,Habitat Area (fraction below monthly threshold),Monthly Habitat Compression Index over 30-35.5N,nan,nan,0.0,4.0
1980,4,1980-04,0.3500016003731108,nan,nan,nan,Habitat Area (fraction below monthly threshold),Monthly Habitat Compression Index over 30-35.5N,nan,nan,0.0,4.0
1980,5,1980-05,0.4398783459116338,nan,nan,nan,Habitat Area (fraction below monthly threshold),Monthly Habitat Compression Index over 30-35.5N,nan,nan,0.0,4.0
1980,6,1980-06,0.6034204099728914,nan,nan,nan,Habitat Area (fraction below monthly threshold),Monthly Habitat Compression Index over 30-35.5N,nan,nan,0.0,4.0
1980,7,1980-07,0.5015676648371091,nan,nan,nan,Habitat Area (fraction below monthly threshold),Monthly Habitat Compression Index over 30-35.5N,nan,nan,0.0,4.0
1980,8,1980-08,0.4401708647439601,nan,nan,nan,Habitat Area (fraction below monthly threshold),Monthly Habitat Compression Index over 30-35.5N,nan,nan,0.0,4.0
1980,9,1980-09,0.5255380890516608,nan,nan,nan,Habitat Area (fraction below monthly threshold),Monthly Habitat Compression Index over 30-35.5N,nan,nan,0.0,4.0
1980,10,1980-10,0.5373188625556746,nan,nan,nan,Habitat Area (fraction below monthly threshold),Monthly Habitat Compression Index over 30-35.5N,nan,nan,0.0,4.0
1980,11,1980-11,0.5981299756978444,nan,nan,nan,Habitat Area (fraction below monthly threshold),Monthly Habitat Compression Index over 30-35.5N,nan,nan,0.0,4.0
1980,12,1980-12,0.4264228613775806,nan,nan,nan,Habitat Area (fraction below monthly threshold),Monthly Habitat Compression Index over 30-35.5N,nan,nan,0.0,4.0
1981,1,1981-01,0.2780827099947719,nan,nan,nan,Habitat Area (fraction below monthly threshold),Monthly Habitat Compression Index over 30-35.5N,nan,nan,0.0,4.0
1981,2,1981-02,0.2930965085154016,nan,nan,nan,Habitat Area (fraction below monthly threshold),Monthly Habitat Compression Index over 30-35.5N,nan,nan,0.0,4.0
1981,3,1981-03,0.1797058378523752,nan,nan,nan,Habitat Area (fraction below monthly threshold),Monthly Habitat Compression Index over 30-35.5N,nan,nan,0.0,4.0
1981,4,1981-04,0.4596965582846377,nan,nan,nan,Habitat Area (fraction below monthly threshold),Monthly Habitat Compression Index over 30-35.5N,nan,nan,0.0,4.0
1981,5,1981-05,0.3747047918422978,nan,nan,nan,Habitat Area (fraction below monthly threshold),Monthly Habitat Compression Index over 30-35.5N,nan,nan,0.0,4.0
1981,6,1981-06,0.3460278956937306,nan,nan,nan,Habitat Area (fraction below monthly threshold),Monthly Habitat Compression Index over 30-35.5N,nan,nan,0.0,4.0
1981,7,1981-07,0.3350737838117932,nan,nan,nan,Habitat Area (fraction below monthly threshold),Monthly Habitat Compression Index over 30-35.5N,nan,nan,0.0,4.0
1981,8,1981-08,0.4043714773248086,nan,nan,nan,Habitat Area (fraction below monthly threshold),Monthly Habitat Compression Index over 30-35.5N,nan,nan,0.0,4.0
1981,9,1981-09,0.4688528597831793,nan,nan,nan,Habitat Area (fraction below monthly threshold),Monthly Habitat Compression Index over 30-35.5N,nan,nan,0.0,4.0
1981,10,1981-10,0.524904298463145,nan,nan,nan,Habitat Area (fraction below monthly threshold),Monthly Habitat Compression Index over 30-35.5N,nan,nan,0.0,4.0
1981,11,1981-11,0.5104360144269988,nan,nan,nan,Habitat Area (fraction below monthly threshold),Monthly Habitat Compression Index over 30-35.5N,nan,nan,0.0,4.0
1981,12,1981-12,0.4612708624085219,nan,nan,nan,Habitat Area (fraction below monthly threshold),Monthly Habitat Compression Index over 30-35.5N,nan,nan,0.0,4.0
1982,1,1982-01,0.7288919747763033,nan,nan,nan,Habitat Area (fraction below monthly threshold),Monthly Habitat Compression Index over 30-35.5N,nan,nan,0.0,4.0
1982,2,1982-02,0.5282953673525294,nan,nan,nan,Habitat Area (fraction below monthly threshold),Monthly Habitat Compression Index over 30-35.5N,nan,nan,0.0,4.0
1982,3,1982-03,0.4884101695206111,nan,nan,nan,Habitat Area (fraction below monthly threshold),Monthly Habitat Compression Index over 30-35.5N,nan,nan,0.0,4.0
1982,4,1982-04,0.4790011182571612,nan,nan,nan,Habitat Area (fraction below monthly threshold),Monthly Habitat Compression Index over 30-35.5N,nan,nan,0.0,4.0
1982,5,1982-05,0.4869399319050936,nan,nan,nan,Habitat Area (fraction below monthly threshold),Monthly Habitat Compression Index over 30-35.5N,nan,nan,0.0,4.0
1982,6,1982-06,0.7674768148881935,nan,nan,nan,Habitat Area (fraction below monthly threshold),Monthly Habitat Compression Index over 30-35.5N,nan,nan,0.0,4.0
1982,7,1982-07,0.7263824093942418,nan,nan,nan,Habitat Area (fraction below monthly threshold),Monthly Habitat Compression Index over 30-35.5N,nan,nan,0.0,4.0
1982,8,1982-08,0.5816227045708406,nan,nan,nan,Habitat Area (fraction below monthly threshold),Monthly Habitat Compression Index over 30-35.5N,nan,nan,0.0,4.0
1982,9,1982-09,0.4322493561567864,nan,nan,nan,Habitat Area (fraction below monthly threshold),Monthly Habitat Compression Index over 30-35.5N,nan,nan,0.0,4.0
1982,10,1982-10,0.3693746153115253,nan,nan,nan,Habitat Area (fraction below monthly threshold),Monthly Habitat Compression Index over 30-35.5N,nan,nan,0.0,4.0
1982,11,1982-11,0.3216680922669708,nan,nan,nan,Habitat Area (fraction below monthly threshold),Monthly Habitat Compression Index over 30-35.5N,nan,nan,0.0,4.0
1982,12,1982-12,0.4221683301105655,nan,nan,nan,Habitat Area (fraction below monthly threshold),Monthly Habitat Compression Index over 30-35.5N,nan,nan,0.0,4.0
1983,1,1983-01,0.1922259660392512,nan,nan,nan,Habitat Area (fraction below monthly threshold),Monthly Habitat Compression Index over 30-35.5N,nan,nan,0.0,4.0
1983,2,1983-02,0.0132278234315348,nan,nan,nan,Habitat Area (fraction below monthly threshold),Monthly Habitat Compression Index over 30-35.5N,nan,nan,0.0,4.0
1983,3,1983-03,0.069378544777658,nan,nan,nan,Habitat Area (fraction below monthly threshold),Monthly Habitat Compression Index over 30-35.5N,nan,nan,0.0,4.0
1983,4,1983-04,0.302214947983542,nan,nan,nan,Habitat Area (fraction below monthly threshold),Monthly Habitat Compression Index over 30-35.5N,nan,nan,0.0,4.0
1983,5,1983-05,0.4602728586021243,nan,nan,nan,Habitat Area (fraction below monthly threshold),Monthly Habitat Compression Index over 30-35.5N,nan,nan,0.0,4.0
1983,6,1983-06,0.3893570980329515,nan,nan,nan,Habitat Area (fraction below monthly threshold),Monthly Habitat Compression Index over 30-35.5N,nan,nan,0.0,4.0
1983,7,1983-07,0.4768180343036542,nan,nan,nan,Habitat Area (fraction below monthly threshold),Monthly Habitat Compression Index over 30-35.5N,nan,nan,0.0,4.0
1983,8,1983-08,0.3501095599987862,nan,nan,nan,Habitat Area (fraction below monthly threshold),Monthly Habitat Compression Index over 30-35.5N,nan,nan,0.0,4.0
1983,9,1983-09,0.2088104652243037,nan,nan,nan,Habitat Area (fraction below monthly threshold),Monthly Habitat Compression Index over 30-35.5N,nan,nan,0.0,4.0
1983,10,1983-10,0.0388792565455872,nan,nan,nan,Habitat Area (fraction below monthly threshold),Monthly Habitat Compression Index over 30-35.5N,nan,nan,0.0,4.0
1983,11,1983-11,0.139592442957891,nan,nan,nan,Habitat Area (fraction below monthly threshold),Monthly Habitat Compression Index over 30-35.5N,nan,nan,0.0,4.0
1983,12,1983-12,0.3804653056668753,nan,nan,nan,Habitat Area (fraction below monthly threshold),Monthly Habitat Compression Index over 30-35.5N,nan,nan,0.0,4.0
1984,1,1984-01,0.38937248355847,nan,nan,nan,Habitat Area (fraction below monthly threshold),Monthly Habitat Compression Index over 30-35.5N,nan,nan,0.0,4.0
1984,2,1984-02,0.3352407386525731,nan,nan,nan,Habitat Area (fraction below monthly threshold),Monthly Habitat Compression Index over 30-35.5N,nan,nan,0.0,4.0
1984,3,1984-03,0.3273124761408201,nan,nan,nan,Habitat Area (fraction below monthly threshold),Monthly Habitat Compression Index over 30-35.5N,nan,nan,0.0,4.0
1984,4,1984-04,0.410536535322581,nan,nan,nan,Habitat Area (fraction below monthly threshold),Monthly Habitat Compression Index over 30-35.5N,nan,nan,0.0,4.0
1984,5,1984-05,0.4600506594936873,nan,nan,nan,Habitat Area (fraction below monthly threshold),Monthly Habitat Compression Index over 30-35.5N,nan,nan,0.0,4.0
1984,6,1984-06,0.3998359688110263,nan,nan,nan,Habitat Area (fraction below monthly threshold),Monthly Habitat Compression Index over 30-35.5N,nan,nan,0.0,4.0
1984,7,1984-07,0.3816582129447376,nan,nan,nan,Habitat Area (fraction below monthly threshold),Monthly Habitat Compression Index over 30-35.5N,nan,nan,0.0,4.0
1984,8,1984-08,0.2983752266750383,nan,nan,nan,Habitat Area (fraction below monthly threshold),Monthly Habitat Compression Index over 30-35.5N,nan,nan,0.0,4.0
1984,9,1984-09,0.1450649959099534,nan,nan,nan,Habitat Area (fraction below monthly threshold),Monthly Habitat Compression Index over 30-35.5N,nan,nan,0.0,4.0
1984,10,1984-10,0.3892306605451007,nan,nan,nan,Habitat Area (fraction below monthly threshold),Monthly Habitat Compression Index over 30-35.5N,nan,nan,0.0,4.0
1984,11,1984-11,0.5265337527149889,nan,nan,nan,Habitat Area (fraction below monthly threshold),Monthly Habitat Compression Index over 30-35.5N,nan,nan,0.0,4.0
1984,12,1984-12,0.6950228011135239,nan,nan,nan,Habitat Area (fraction below monthly threshold),Monthly Habitat Compression Index over 30-35.5N,nan,nan,0.0,4.0
1985,1,1985-01,0.7473842625868541,nan,nan,nan,Habitat Area (fraction below monthly threshold),Monthly Habitat Compression Index over 30-35.5N,nan,nan,0.0,4.0
1985,2,1985-02,0.7053632574568128,nan,nan,nan,Habitat Area (fraction below monthly threshold),Monthly Habitat Compression Index over 30-35.5N,nan,nan,0.0,4.0
1985,3,1985-03,0.7750521957140499,nan,nan,nan,Habitat Area (fraction below monthly threshold),Monthly Habitat Compression Index over 30-35.5N,nan,nan,0.0,4.0
1985,4,1985-04,0.5011843701010875,nan,nan,nan,Habitat Area (fraction below monthly threshold),Monthly Habitat Compression Index over 30-35.5N,nan,nan,0.0,4.0
1985,5,1985-05,0.558474970996683,nan,nan,nan,Habitat Area (fraction below monthly threshold),Monthly Habitat Compression Index over 30-35.5N,nan,nan,0.0,4.0
1985,6,1985-06,0.5207274254416562,nan,nan,nan,Habitat Area (fraction below monthly threshold),Monthly Habitat Compression Index over 30-35.5N,nan,nan,0.0,4.0
1985,7,1985-07,0.4340313871401384,nan,nan,nan,Habitat Area (fraction below monthly threshold),Monthly Habitat Compression Index over 30-35.5N,nan,nan,0.0,4.0
1985,8,1985-08,0.4498808363027987,nan,nan,nan,Habitat Area (fraction below monthly threshold),Monthly Habitat Compression Index over 30-35.5N,nan,nan,0.0,4.0
1985,9,1985-09,0.4234795807796752,nan,nan,nan,Habitat Area (fraction below monthly threshold),Monthly Habitat Compression Index over 30-35.5N,nan,nan,0.0,4.0
1985,10,1985-10,0.3749558541649964,nan,nan,nan,Habitat Area (fraction below monthly threshold),Monthly Habitat Compression Index over 30-35.5N,nan,nan,0.0,4.0
1985,11,1985-11,0.5558444044938664,nan,nan,nan,Habitat Area (fraction below monthly threshold),Monthly Habitat Compression Index over 30-35.5N,nan,nan,0.0,4.0
1985,12,1985-12,0.7507753942402138,nan,nan,nan,Habitat Area (fraction below monthly threshold),Monthly Habitat Compression Index over 30-35.5N,nan,nan,0.0,4.0
1986,1,1986-01,0.4478525891812117,nan,nan,nan,Habitat Area (fraction below monthly threshold),Monthly Habitat Compression Index over 30-35.5N,nan,nan,0.0,4.0
1986,2,1986-02,0.3803359748730688,nan,nan,nan,Habitat Area (fraction below monthly threshold),Monthly Habitat Compression Index over 30-35.5N,nan,nan,0.0,4.0
1986,3,1986-03,0.3345459168775343,nan,nan,nan,Habitat Area (fraction below monthly threshold),Monthly Habitat Compression Index over 30-35.5N,nan,nan,0.0,4.0
1986,4,1986-04,0.3653322628489437,nan,nan,nan,Habitat Area (fraction below monthly threshold),Monthly Habitat Compression Index over 30-35.5N,nan,nan,0.0,4.0
1986,5,1986-05,0.4813501189622345,nan,nan,nan,Habitat Area (fraction below monthly threshold),Monthly Habitat Compression Index over 30-35.5N,nan,nan,0.0,4.0
1986,6,1986-06,0.4826161089684863,nan,nan,nan,Habitat Area (fraction below monthly threshold),Monthly Habitat Compression Index over 30-35.5N,nan,nan,0.0,4.0
1986,7,1986-07,0.4548902036062519,nan,nan,nan,Habitat Area (fraction below monthly threshold),Monthly Habitat Compression Index over 30-35.5N,nan,nan,0.0,4.0
1986,8,1986-08,0.511457558987934,nan,nan,nan,Habitat Area (fraction below monthly threshold),Monthly Habitat Compression Index over 30-35.5N,nan,nan,0.0,4.0
1986,9,1986-09,0.5585839841747816,nan,nan,nan,Habitat Area (fraction below monthly threshold),Monthly Habitat Compression Index over 30-35.5N,nan,nan,0.0,4.0
1986,10,1986-10,0.4232919952847976,nan,nan,nan,Habitat Area (fraction below monthly threshold),Monthly Habitat Compression Index over 30-35.5N,nan,nan,0.0,4.0
1986,11,1986-11,0.363105465650006,nan,nan,nan,Habitat Area (fraction below monthly threshold),Monthly Habitat Compression Index over 30-35.5N,nan,nan,0.0,4.0
1986,12,1986-12,0.1971105800924475,nan,nan,nan,Habitat Area (fraction below monthly threshold),Monthly Habitat Compression Index over 30-35.5N,nan,nan,0.0,4.0
1987,1,1987-01,0.4016403479849427,nan,nan,nan,Habitat Area (fraction below monthly threshold),Monthly Habitat Compression Index over 30-35.5N,nan,nan,0.0,4.0
1987,2,1987-02,0.3747589039237292,nan,nan,nan,Habitat Area (fraction below monthly threshold),Monthly Habitat Compression Index over 30-35.5N,nan,nan,0.0,4.0
1987,3,1987-03,0.4256090631481923,nan,nan,nan,Habitat Area (fraction below monthly threshold),Monthly Habitat Compression Index over 30-35.5N,nan,nan,0.0,4.0
1987,4,1987-04,0.4113959325019054,nan,nan,nan,Habitat Area (fraction below monthly threshold),Monthly Habitat Compression Index over 30-35.5N,nan,nan,0.0,4.0
1987,5,1987-05,0.3979082956983162,nan,nan,nan,Habitat Area (fraction below monthly threshold),Monthly Habitat Compression Index over 30-35.5N,nan,nan,0.0,4.0
1987,6,1987-06,0.5006077176771707,nan,nan,nan,Habitat Area (fraction below monthly threshold),Monthly Habitat Compression Index over 30-35.5N,nan,nan,0.0,4.0
1987,7,1987-07,0.7657307166080564,nan,nan,nan,Habitat Area (fraction below monthly threshold),Monthly Habitat Compression Index over 30-35.5N,nan,nan,0.0,4.0
1987,8,1987-08,0.5134590987141733,nan,nan,nan,Habitat Area (fraction below monthly threshold),Monthly Habitat Compression Index over 30-35.5N,nan,nan,0.0,4.0
1987,9,1987-09,0.4587469202390358,nan,nan,nan,Habitat Area (fraction below monthly threshold),Monthly Habitat Compression Index over 30-35.5N,nan,nan,0.0,4.0
1987,10,1987-10,0.3012271023268287,nan,nan,nan,Habitat Area (fraction below monthly threshold),Monthly Habitat Compression Index over 30-35.5N,nan,nan,0.0,4.0
1987,11,1987-11,0.3239965764831279,nan,nan,nan,Habitat Area (fraction below monthly threshold),Monthly Habitat Compression Index over 30-35.5N,nan,nan,0.0,4.0
1987,12,1987-12,0.5272841920321205,nan,nan,nan,Habitat Area (fraction below monthly threshold),Monthly Habitat Compression Index over 30-35.5N,nan,nan,0.0,4.0
1988,1,1988-01,0.8466651051657711,nan,nan,nan,Habitat Area (fraction below monthly threshold),Monthly Habitat Compression Index over 30-35.5N,nan,nan,0.0,4.0
1988,2,1988-02,0.4844424841284661,nan,nan,nan,Habitat Area (fraction below monthly threshold),Monthly Habitat Compression Index over 30-35.5N,nan,nan,0.0,4.0
1988,3,1988-03,0.401993300076863,nan,nan,nan,Habitat Area (fraction below monthly threshold),Monthly Habitat Compression Index over 30-35.5N,nan,nan,0.0,4.0
1988,4,1988-04,0.3121469858852874,nan,nan,nan,Habitat Area (fraction below monthly threshold),Monthly Habitat Compression Index over 30-35.5N,nan,nan,0.0,4.0
1988,5,1988-05,0.5143537361982342,nan,nan,nan,Habitat Area (fraction below monthly threshold),Monthly Habitat Compression Index over 30-35.5N,nan,nan,0.0,4.0
1988,6,1988-06,0.5900798218055971,nan,nan,nan,Habitat Area (fraction below monthly threshold),Monthly Habitat Compression Index over 30-35.5N,nan,nan,0.0,4.0
1988,7,1988-07,0.5121826614260647,nan,nan,nan,Habitat Area (fraction below monthly threshold),Monthly Habitat Compression Index over 30-35.5N,nan,nan,0.0,4.0
1988,8,1988-08,0.464697539147356,nan,nan,nan,Habitat Area (fraction below monthly threshold),Monthly Habitat Compression Index over 30-35.5N,nan,nan,0.0,4.0
1988,9,1988-09,0.4671883380764732,nan,nan,nan,Habitat Area (fraction below monthly threshold),Monthly Habitat Compression Index over 30-35.5N,nan,nan,0.0,4.0
1988,10,1988-10,0.4455103899542054,nan,nan,nan,Habitat Area (fraction below monthly threshold),Monthly Habitat Compression Index over 30-35.5N,nan,nan,0.0,4.0
1988,11,1988-11,0.732490973812858,nan,nan,nan,Habitat Area (fraction below monthly threshold),Monthly Habitat Compression Index over 30-35.5N,nan,nan,0.0,4.0
1988,12,1988-12,0.7654012056135515,nan,nan,nan,Habitat Area (fraction below monthly threshold),Monthly Habitat Compression Index over 30-35.5N,nan,nan,0.0,4.0
1989,1,1989-01,0.9719926111035412,nan,nan,nan,Habitat Area (fraction below monthly threshold),Monthly Habitat Compression Index over 30-35.5N,nan,nan,0.0,4.0
1989,2,1989-02,0.9063729078569186,nan,nan,nan,Habitat Area (fraction below monthly threshold),Monthly Habitat Compression Index over 30-35.5N,nan,nan,0.0,4.0
1989,3,1989-03,0.6351923026174963,nan,nan,nan,Habitat Area (fraction below monthly threshold),Monthly Habitat Compression Index over 30-35.5N,nan,nan,0.0,4.0
1989,4,1989-04,0.395448705732454,nan,nan,nan,Habitat Area (fraction below monthly threshold),Monthly Habitat Compression Index over 30-35.5N,nan,nan,0.0,4.0
1989,5,1989-05,0.480988216612206,nan,nan,nan,Habitat Area (fraction below monthly threshold),Monthly Habitat Compression Index over 30-35.5N,nan,nan,0.0,4.0
1989,6,1989-06,0.5235143088767877,nan,nan,nan,Habitat Area (fraction below monthly threshold),Monthly Habitat Compression Index over 30-35.5N,nan,nan,0.0,4.0
1989,7,1989-07,0.4800270637791811,nan,nan,nan,Habitat Area (fraction below monthly threshold),Monthly Habitat Compression Index over 30-35.5N,nan,nan,0.0,4.0
1989,8,1989-08,0.4632546015754236,nan,nan,nan,Habitat Area (fraction below monthly threshold),Monthly Habitat Compression Index over 30-35.5N,nan,nan,0.0,4.0
1989,9,1989-09,0.4991648191674702,nan,nan,nan,Habitat Area (fraction below monthly threshold),Monthly Habitat Compression Index over 30-35.5N,nan,nan,0.0,4.0
1989,10,1989-10,0.4854246632514485,nan,nan,nan,Habitat Area (fraction below monthly threshold),Monthly Habitat Compression Index over 30-35.5N,nan,nan,0.0,4.0
1989,11,1989-11,0.4183628315983275,nan,nan,nan,Habitat Area (fraction below monthly threshold),Monthly Habitat Compression Index over 30-35.5N,nan,nan,0.0,4.0
1989,12,1989-12,0.2363874310312484,nan,nan,nan,Habitat Area (fraction below monthly threshold),Monthly Habitat Compression Index over 30-35.5N,nan,nan,0.0,4.0
1990,1,1990-01,0.4334829807959063,nan,nan,nan,Habitat Area (fraction below monthly threshold),Monthly Habitat Compression Index over 30-35.5N,nan,nan,0.0,4.0
1990,2,1990-02,0.5968714909609331,nan,nan,nan,Habitat Area (fraction below monthly threshold),Monthly Habitat Compression Index over 30-35.5N,nan,nan,0.0,4.0
1990,3,1990-03,0.5401503327509345,nan,nan,nan,Habitat Area (fraction below monthly threshold),Monthly Habitat Compression Index over 30-35.5N,nan,nan,0.0,4.0
1990,4,1990-04,0.3923744400619691,nan,nan,nan,Habitat Area (fraction below monthly threshold),Monthly Habitat Compression Index over 30-35.5N,nan,nan,0.0,4.0
1990,5,1990-05,0.4528021030236204,nan,nan,nan,Habitat Area (fraction below monthly threshold),Monthly Habitat Compression Index over 30-35.5N,nan,nan,0.0,4.0
1990,6,1990-06,0.4623592756467667,nan,nan,nan,Habitat Area (fraction below monthly threshold),Monthly Habitat Compression Index over 30-35.5N,nan,nan,0.0,4.0
1990,7,1990-07,0.3934229509040433,nan,nan,nan,Habitat Area (fraction below monthly threshold),Monthly Habitat Compression Index over 30-35.5N,nan,nan,0.0,4.0
1990,8,1990-08,0.4301218662602042,nan,nan,nan,Habitat Area (fraction below monthly threshold),Monthly Habitat Compression Index over 30-35.5N,nan,nan,0.0,4.0
1990,9,1990-09,0.4346738845393332,nan,nan,nan,Habitat Area (fraction below monthly threshold),Monthly Habitat Compression Index over 30-35.5N,nan,nan,0.0,4.0
1990,10,1990-10,0.3336001017580908,nan,nan,nan,Habitat Area (fraction below monthly threshold),Monthly Habitat Compression Index over 30-35.5N,nan,nan,0.0,4.0
1990,11,1990-11,0.3694285333457309,nan,nan,nan,Habitat Area (fraction below monthly threshold),Monthly Habitat Compression Index over 30-35.5N,nan,nan,0.0,4.0
1990,12,1990-12,0.408276886410874,nan,nan,nan,Habitat Area (fraction below monthly threshold),Monthly Habitat Compression Index over 30-35.5N,nan,nan,0.0,4.0
1991,1,1991-01,0.5137600046194059,nan,nan,nan,Habitat Area (fraction below monthly threshold),Monthly Habitat Compression Index over 30-35.5N,nan,nan,0.0,4.0
1991,2,1991-02,0.3471083356415388,nan,nan,nan,Habitat Area (fraction below monthly threshold),Monthly Habitat Compression Index over 30-35.5N,nan,nan,0.0,4.0
1991,3,1991-03,0.5338575675364436,nan,nan,nan,Habitat Area (fraction below monthly threshold),Monthly Habitat Compression Index over 30-35.5N,nan,nan,0.0,4.0
1991,4,1991-04,0.5133733898165188,nan,nan,nan,Habitat Area (fraction below monthly threshold),Monthly Habitat Compression Index over 30-35.5N,nan,nan,0.0,4.0
1991,5,1991-05,0.8375611432086465,nan,nan,nan,Habitat Area (fraction below monthly threshold),Monthly Habitat Compression Index over 30-35.5N,nan,nan,0.0,4.0
1991,6,1991-06,0.8026871594857905,nan,nan,nan,Habitat Area (fraction below monthly threshold),Monthly Habitat Compression Index over 30-35.5N,nan,nan,0.0,4.0
1991,7,1991-07,0.869955254350245,nan,nan,nan,Habitat Area (fraction below monthly threshold),Monthly Habitat Compression Index over 30-35.5N,nan,nan,0.0,4.0
1991,8,1991-08,0.8896554456168931,nan,nan,nan,Habitat Area (fraction below monthly threshold),Monthly Habitat Compression Index over 30-35.5N,nan,nan,0.0,4.0
1991,9,1991-09,0.800351498356426,nan,nan,nan,Habitat Area (fraction below monthly threshold),Monthly Habitat Compression Index over 30-35.5N,nan,nan,0.0,4.0
1991,10,1991-10,0.4813421547354549,nan,nan,nan,Habitat Area (fraction below monthly threshold),Monthly Habitat Compression Index over 30-35.5N,nan,nan,0.0,4.0
1991,11,1991-11,0.4685459200029762,nan,nan,nan,Habitat Area (fraction below monthly threshold),Monthly Habitat Compression Index over 30-35.5N,nan,nan,0.0,4.0
1991,12,1991-12,0.5656684103102368,nan,nan,nan,Habitat Area (fraction below monthly threshold),Monthly Habitat Compression Index over 30-35.5N,nan,nan,0.0,4.0
1992,1,1992-01,0.5011164090052711,nan,nan,nan,Habitat Area (fraction below monthly threshold),Monthly Habitat Compression Index over 30-35.5N,nan,nan,0.0,4.0
1992,2,1992-02,0.29423612264998,nan,nan,nan,Habitat Area (fraction below monthly threshold),Monthly Habitat Compression Index over 30-35.5N,nan,nan,0.0,4.0
1992,3,1992-03,0.1717283749092446,nan,nan,nan,Habitat Area (fraction below monthly threshold),Monthly Habitat Compression Index over 30-35.5N,nan,nan,0.0,4.0
1992,4,1992-04,0.0288483248001872,nan,nan,nan,Habitat Area (fraction below monthly threshold),Monthly Habitat Compression Index over 30-35.5N,nan,nan,0.0,4.0
1992,5,1992-05,0.1970425801645943,nan,nan,nan,Habitat Area (fraction below monthly threshold),Monthly Habitat Compression Index over 30-35.5N,nan,nan,0.0,4.0
1992,6,1992-06,0.2488503419921398,nan,nan,nan,Habitat Area (fraction below monthly threshold),Monthly Habitat Compression Index over 30-35.5N,nan,nan,0.0,4.0
1992,7,1992-07,0.3263756211224415,nan,nan,nan,Habitat Area (fraction below monthly threshold),Monthly Habitat Compression Index over 30-35.5N,nan,nan,0.0,4.0
1992,8,1992-08,0.380674708847437,nan,nan,nan,Habitat Area (fraction below monthly threshold),Monthly Habitat Compression Index over 30-35.5N,nan,nan,0.0,4.0
1992,9,1992-09,0.3917193687243639,nan,nan,nan,Habitat Area (fraction below monthly threshold),Monthly Habitat Compression Index over 30-35.5N,nan,nan,0.0,4.0
1992,10,1992-10,0.2845420006464478,nan,nan,nan,Habitat Area (fraction below monthly threshold),Monthly Habitat Compression Index over 30-35.5N,nan,nan,0.0,4.0
1992,11,1992-11,0.1999783211689509,nan,nan,nan,Habitat Area (fraction below monthly threshold),Monthly Habitat Compression Index over 30-35.5N,nan,nan,0.0,4.0
1992,12,1992-12,0.3437017533161546,nan,nan,nan,Habitat Area (fraction below monthly threshold),Monthly Habitat Compression Index over 30-35.5N,nan,nan,0.0,4.0
1993,1,1993-01,0.5203215486162907,nan,nan,nan,Habitat Area (fraction below monthly threshold),Monthly Habitat Compression Index over 30-35.5N,nan,nan,0.0,4.0
1993,2,1993-02,0.2798499473864144,nan,nan,nan,Habitat Area (fraction below monthly threshold),Monthly Habitat Compression Index over 30-35.5N,nan,nan,0.0,4.0
1993,3,1993-03,0.2647870784189494,nan,nan,nan,Habitat Area (fraction below monthly threshold),Monthly Habitat Compression Index over 30-35.5N,nan,nan,0.0,4.0
1993,4,1993-04,0.350282827109368,nan,nan,nan,Habitat Area (fraction below monthly threshold),Monthly Habitat Compression Index over 30-35.5N,nan,nan,0.0,4.0
1993,5,1993-05,0.3739664191293995,nan,nan,nan,Habitat Area (fraction below monthly threshold),Monthly Habitat Compression Index over 30-35.5N,nan,nan,0.0,4.0
1993,6,1993-06,0.3439319709572546,nan,nan,nan,Habitat Area (fraction below monthly threshold),Monthly Habitat Compression Index over 30-35.5N,nan,nan,0.0,4.0
1993,7,1993-07,0.3370860782995604,nan,nan,nan,Habitat Area (fraction below monthly threshold),Monthly Habitat Compression Index over 30-35.5N,nan,nan,0.0,4.0
1993,8,1993-08,0.5363671966069821,nan,nan,nan,Habitat Area (fraction below monthly threshold),Monthly Habitat Compression Index over 30-35.5N,nan,nan,0.0,4.0
1993,9,1993-09,0.5092173521165184,nan,nan,nan,Habitat Area (fraction below monthly threshold),Monthly Habitat Compression Index over 30-35.5N,nan,nan,0.0,4.0
1993,10,1993-10,0.3432278778788285,nan,nan,nan,Habitat Area (fraction below monthly threshold),Monthly Habitat Compression Index over 30-35.5N,nan,nan,0.0,4.0
1993,11,1993-11,0.3050116368755037,nan,nan,nan,Habitat Area (fraction below monthly threshold),Monthly Habitat Compression Index over 30-35.5N,nan,nan,0.0,4.0
1993,12,1993-12,0.3423202143794163,nan,nan,nan,Habitat Area (fraction below monthly threshold),Monthly Habitat Compression Index over 30-35.5N,nan,nan,0.0,4.0
1994,1,1994-01,0.3670643892102015,nan,nan,nan,Habitat Area (fraction below monthly threshold),Monthly Habitat Compression Index over 30-35.5N,nan,nan,0.0,4.0
1994,2,1994-02,0.3287615262053371,nan,nan,nan,Habitat Area (fraction below monthly threshold),Monthly Habitat Compression Index over 30-35.5N,nan,nan,0.0,4.0
1994,3,1994-03,0.2986692645266378,nan,nan,nan,Habitat Area (fraction below monthly threshold),Monthly Habitat Compression Index over 30-35.5N,nan,nan,0.0,4.0
1994,4,1994-04,0.4239626021797965,nan,nan,nan,Habitat Area (fraction below monthly threshold),Monthly Habitat Compression Index over 30-35.5N,nan,nan,0.0,4.0
1994,5,1994-05,0.5019636967075364,nan,nan,nan,Habitat Area (fraction below monthly threshold),Monthly Habitat Compression Index over 30-35.5N,nan,nan,0.0,4.0
1994,6,1994-06,0.4242318151322099,nan,nan,nan,Habitat Area (fraction below monthly threshold),Monthly Habitat Compression Index over 30-35.5N,nan,nan,0.0,4.0
1994,7,1994-07,0.5117818674467024,nan,nan,nan,Habitat Area (fraction below monthly threshold),Monthly Habitat Compression Index over 30-35.5N,nan,nan,0.0,4.0
1994,8,1994-08,0.4237953014688555,nan,nan,nan,Habitat Area (fraction below monthly threshold),Monthly Habitat Compression Index over 30-35.5N,nan,nan,0.0,4.0
1994,9,1994-09,0.4355072161965594,nan,nan,nan,Habitat Area (fraction below monthly threshold),Monthly Habitat Compression Index over 30-35.5N,nan,nan,0.0,4.0
1994,10,1994-10,0.4504265857539457,nan,nan,nan,Habitat Area (fraction below monthly threshold),Monthly Habitat Compression Index over 30-35.5N,nan,nan,0.0,4.0
1994,11,1994-11,0.7355219794050197,nan,nan,nan,Habitat Area (fraction below monthly threshold),Monthly Habitat Compression Index over 30-35.5N,nan,nan,0.0,4.0
1994,12,1994-12,0.7291081054766516,nan,nan,nan,Habitat Area (fraction below monthly threshold),Monthly Habitat Compression Index over 30-35.5N,nan,nan,0.0,4.0
1995,1,1995-01,0.7295991878652435,nan,nan,nan,Habitat Area (fraction below monthly threshold),Monthly Habitat Compression Index over 30-35.5N,nan,nan,0.0,4.0
1995,2,1995-02,0.1520958889855691,nan,nan,nan,Habitat Area (fraction below monthly threshold),Monthly Habitat Compression Index over 30-35.5N,nan,nan,0.0,4.0
1995,3,1995-03,0.223633295882718,nan,nan,nan,Habitat Area (fraction below monthly threshold),Monthly Habitat Compression Index over 30-35.5N,nan,nan,0.0,4.0
1995,4,1995-04,0.452516903368175,nan,nan,nan,Habitat Area (fraction below monthly threshold),Monthly Habitat Compression Index over 30-35.5N,nan,nan,0.0,4.0
1995,5,1995-05,0.6220374605060675,nan,nan,nan,Habitat Area (fraction below monthly threshold),Monthly Habitat Compression Index over 30-35.5N,nan,nan,0.0,4.0
1995,6,1995-06,0.5490993324887674,nan,nan,nan,Habitat Area (fraction below monthly threshold),Monthly Habitat Compression Index over 30-35.5N,nan,nan,0.0,4.0
1995,7,1995-07,0.4601068845214892,nan,nan,nan,Habitat Area (fraction below monthly threshold),Monthly Habitat Compression Index over 30-35.5N,nan,nan,0.0,4.0
1995,8,1995-08,0.4188142729728283,nan,nan,nan,Habitat Area (fraction below monthly threshold),Monthly Habitat Compression Index over 30-35.5N,nan,nan,0.0,4.0
1995,9,1995-09,0.4252472257437926,nan,nan,nan,Habitat Area (fraction below monthly threshold),Monthly Habitat Compression Index over 30-35.5N,nan,nan,0.0,4.0
1995,10,1995-10,0.3220585831054139,nan,nan,nan,Habitat Area (fraction below monthly threshold),Monthly Habitat Compression Index over 30-35.5N,nan,nan,0.0,4.0
1995,11,1995-11,0.3746561370183267,nan,nan,nan,Habitat Area (fraction below monthly threshold),Monthly Habitat Compression Index over 30-35.5N,nan,nan,0.0,4.0
1995,12,1995-12,0.378959670184968,nan,nan,nan,Habitat Area (fraction below monthly threshold),Monthly Habitat Compression Index over 30-35.5N,nan,nan,0.0,4.0
1996,1,1996-01,0.408958730861315,nan,nan,nan,Habitat Area (fraction below monthly threshold),Monthly Habitat Compression Index over 30-35.5N,nan,nan,0.0,4.0
1996,2,1996-02,0.2322630657466644,nan,nan,nan,Habitat Area (fraction below monthly threshold),Monthly Habitat Compression Index over 30-35.5N,nan,nan,0.0,4.0
1996,3,1996-03,0.2868317462911193,nan,nan,nan,Habitat Area (fraction below monthly threshold),Monthly Habitat Compression Index over 30-35.5N,nan,nan,0.0,4.0
1996,4,1996-04,0.3411292738136295,nan,nan,nan,Habitat Area (fraction below monthly threshold),Monthly Habitat Compression Index over 30-35.5N,nan,nan,0.0,4.0
1996,5,1996-05,0.3759817068427969,nan,nan,nan,Habitat Area (fraction below monthly threshold),Monthly Habitat Compression Index over 30-35.5N,nan,nan,0.0,4.0
1996,6,1996-06,0.4195516167857979,nan,nan,nan,Habitat Area (fraction below monthly threshold),Monthly Habitat Compression Index over 30-35.5N,nan,nan,0.0,4.0
1996,7,1996-07,0.4107708147393973,nan,nan,nan,Habitat Area (fraction below monthly threshold),Monthly Habitat Compression Index over 30-35.5N,nan,nan,0.0,4.0
1996,8,1996-08,0.4267895049318072,nan,nan,nan,Habitat Area (fraction below monthly threshold),Monthly Habitat Compression Index over 30-35.5N,nan,nan,0.0,4.0
1996,9,1996-09,0.4222040587269557,nan,nan,nan,Habitat Area (fraction below monthly threshold),Monthly Habitat Compression Index over 30-35.5N,nan,nan,0.0,4.0
1996,10,1996-10,0.4806776344985558,nan,nan,nan,Habitat Area (fraction below monthly threshold),Monthly Habitat Compression Index over 30-35.5N,nan,nan,0.0,4.0
1996,11,1996-11,0.6613310760724458,nan,nan,nan,Habitat Area (fraction below monthly threshold),Monthly Habitat Compression Index over 30-35.5N,nan,nan,0.0,4.0
1996,12,1996-12,0.5650570901991199,nan,nan,nan,Habitat Area (fraction below monthly threshold),Monthly Habitat Compression Index over 30-35.5N,nan,nan,0.0,4.0
1997,1,1997-01,0.5377932052721267,nan,nan,nan,Habitat Area (fraction below monthly threshold),Monthly Habitat Compression Index over 30-35.5N,nan,nan,0.0,4.0
1997,2,1997-02,0.4573324499904919,nan,nan,nan,Habitat Area (fraction below monthly threshold),Monthly Habitat Compression Index over 30-35.5N,nan,nan,0.0,4.0
1997,3,1997-03,0.4082168332485136,nan,nan,nan,Habitat Area (fraction below monthly threshold),Monthly Habitat Compression Index over 30-35.5N,nan,nan,0.0,4.0
1997,4,1997-04,0.4041797114507172,nan,nan,nan,Habitat Area (fraction below monthly threshold),Monthly Habitat Compression Index over 30-35.5N,nan,nan,0.0,4.0
1997,5,1997-05,0.3489254328205591,nan,nan,nan,Habitat Area (fraction below monthly threshold),Monthly Habitat Compression Index over 30-35.5N,nan,nan,0.0,4.0
1997,6,1997-06,0.3672587167899006,nan,nan,nan,Habitat Area (fraction below monthly threshold),Monthly Habitat Compression Index over 30-35.5N,nan,nan,0.0,4.0
1997,7,1997-07,0.3870873381116217,nan,nan,nan,Habitat Area (fraction below monthly threshold),Monthly Habitat Compression Index over 30-35.5N,nan,nan,0.0,4.0
1997,8,1997-08,0.2990445065569015,nan,nan,nan,Habitat Area (fraction below monthly threshold),Monthly Habitat Compression Index over 30-35.5N,nan,nan,0.0,4.0
1997,9,1997-09,0.2041233289037433,nan,nan,nan,Habitat Area (fraction below monthly threshold),Monthly Habitat Compression Index over 30-35.5N,nan,nan,0.0,4.0
1997,10,1997-10,0.1058167056216141,nan,nan,nan,Habitat Area (fraction below monthly threshold),Monthly Habitat Compression Index over 30-35.5N,nan,nan,0.0,4.0
1997,11,1997-11,0.0,nan,nan,nan,Habitat Area (fraction below monthly threshold),Monthly Habitat Compression Index over 30-35.5N,nan,nan,0.0,4.0
1997,12,1997-12,0.0,nan,nan,nan,Habitat Area (fraction below monthly threshold),Monthly Habitat Compression Index over 30-35.5N,nan,nan,0.0,4.0
1998,1,1998-01,0.0476324099964559,nan,nan,nan,Habitat Area (fraction below monthly threshold),Monthly Habitat Compression Index over 30-35.5N,nan,nan,0.0,4.0
1998,2,1998-02,0.0584054273879748,nan,nan,nan,Habitat Area (fraction below monthly threshold),Monthly Habitat Compression Index over 30-35.5N,nan,nan,0.0,4.0
1998,3,1998-03,0.1794847820063272,nan,nan,nan,Habitat Area (fraction below monthly threshold),Monthly Habitat Compression Index over 30-35.5N,nan,nan,0.0,4.0
1998,4,1998-04,0.3738457570946005,nan,nan,nan,Habitat Area (fraction below monthly threshold),Monthly Habitat Compression Index over 30-35.5N,nan,nan,0.0,4.0
1998,5,1998-05,0.4400469143214454,nan,nan,nan,Habitat Area (fraction below monthly threshold),Monthly Habitat Compression Index over 30-35.5N,nan,nan,0.0,4.0
1998,6,1998-06,0.4062221609865367,nan,nan,nan,Habitat Area (fraction below monthly threshold),Monthly Habitat Compression Index over 30-35.5N,nan,nan,0.0,4.0
1998,7,1998-07,0.4398548360517884,nan,nan,nan,Habitat Area (fraction below monthly threshold),Monthly Habitat Compression Index over 30-35.5N,nan,nan,0.0,4.0
1998,8,1998-08,0.3817250326053077,nan,nan,nan,Habitat Area (fraction below monthly threshold),Monthly Habitat Compression Index over 30-35.5N,nan,nan,0.0,4.0
1998,9,1998-09,0.3729583426751378,nan,nan,nan,Habitat Area (fraction below monthly threshold),Monthly Habitat Compression Index over 30-35.5N,nan,nan,0.0,4.0
1998,10,1998-10,0.433902245424234,nan,nan,nan,Habitat Area (fraction below monthly threshold),Monthly Habitat Compression Index over 30-35.5N,nan,nan,0.0,4.0
1998,11,1998-11,0.6235275507460898,nan,nan,nan,Habitat Area (fraction below monthly threshold),Monthly Habitat Compression Index over 30-35.5N,nan,nan,0.0,4.0
1998,12,1998-12,0.8581449568230589,nan,nan,nan,Habitat Area (fraction below monthly threshold),Monthly Habitat Compression Index over 30-35.5N,nan,nan,0.0,4.0
1999,1,1999-01,0.7946030660892275,nan,nan,nan,Habitat Area (fraction below monthly threshold),Monthly Habitat Compression Index over 30-35.5N,nan,nan,0.0,4.0
1999,2,1999-02,0.7128752242268754,nan,nan,nan,Habitat Area (fraction below monthly threshold),Monthly Habitat Compression Index over 30-35.5N,nan,nan,0.0,4.0
1999,3,1999-03,0.8372146639271751,nan,nan,nan,Habitat Area (fraction below monthly threshold),Monthly Habitat Compression Index over 30-35.5N,nan,nan,0.0,4.0
1999,4,1999-04,0.7860946464196502,nan,nan,nan,Habitat Area (fraction below monthly threshold),Monthly Habitat Compression Index over 30-35.5N,nan,nan,0.0,4.0
1999,5,1999-05,0.888877968864405,nan,nan,nan,Habitat Area (fraction below monthly threshold),Monthly Habitat Compression Index over 30-35.5N,nan,nan,0.0,4.0
1999,6,1999-06,0.8004360580228399,nan,nan,nan,Habitat Area (fraction below monthly threshold),Monthly Habitat Compression Index over 30-35.5N,nan,nan,0.0,4.0
1999,7,1999-07,0.5108771591198461,nan,nan,nan,Habitat Area (fraction below monthly threshold),Monthly Habitat Compression Index over 30-35.5N,nan,nan,0.0,4.0
1999,8,1999-08,0.7497617789106217,nan,nan,nan,Habitat Area (fraction below monthly threshold),Monthly Habitat Compression Index over 30-35.5N,nan,nan,0.0,4.0
1999,9,1999-09,0.6855073728095084,nan,nan,nan,Habitat Area (fraction below monthly threshold),Monthly Habitat Compression Index over 30-35.5N,nan,nan,0.0,4.0
1999,10,1999-10,0.4887354982449989,nan,nan,nan,Habitat Area (fraction below monthly threshold),Monthly Habitat Compression Index over 30-35.5N,nan,nan,0.0,4.0
1999,11,1999-11,0.5562896382588409,nan,nan,nan,Habitat Area (fraction below monthly threshold),Monthly Habitat Compression Index over 30-35.5N,nan,nan,0.0,4.0
1999,12,1999-12,0.7137375012067279,nan,nan,nan,Habitat Area (fraction below monthly threshold),Monthly Habitat Compression Index over 30-35.5N,nan,nan,0.0,4.0
2000,1,2000-01,0.7041506861048406,nan,nan,nan,Habitat Area (fraction below monthly threshold),Monthly Habitat Compression Index over 30-35.5N,nan,nan,0.0,4.0
2000,2,2000-02,0.4972345029590471,nan,nan,nan,Habitat Area (fraction below monthly threshold),Monthly Habitat Compression Index over 30-35.5N,nan,nan,0.0,4.0
2000,3,2000-03,0.5663051282228219,nan,nan,nan,Habitat Area (fraction below monthly threshold),Monthly Habitat Compression Index over 30-35.5N,nan,nan,0.0,4.0
2000,4,2000-04,0.4377327131498009,nan,nan,nan,Habitat Area (fraction below monthly threshold),Monthly Habitat Compression Index over 30-35.5N,nan,nan,0.0,4.0
2000,5,2000-05,0.4595269180507964,nan,nan,nan,Habitat Area (fraction below monthly threshold),Monthly Habitat Compression Index over 30-35.5N,nan,nan,0.0,4.0
2000,6,2000-06,0.3746367655954591,nan,nan,nan,Habitat Area (fraction below monthly threshold),Monthly Habitat Compression Index over 30-35.5N,nan,nan,0.0,4.0
2000,7,2000-07,0.4143066368180748,nan,nan,nan,Habitat Area (fraction below monthly threshold),Monthly Habitat Compression Index over 30-35.5N,nan,nan,0.0,4.0
2000,8,2000-08,0.4491241655356731,nan,nan,nan,Habitat Area (fraction below monthly threshold),Monthly Habitat Compression Index over 30-35.5N,nan,nan,0.0,4.0
2000,9,2000-09,0.4282968459545684,nan,nan,nan,Habitat Area (fraction below monthly threshold),Monthly Habitat Compression Index over 30-35.5N,nan,nan,0.0,4.0
2000,10,2000-10,0.4361571718976452,nan,nan,nan,Habitat Area (fraction below monthly threshold),Monthly Habitat Compression Index over 30-35.5N,nan,nan,0.0,4.0
2000,11,2000-11,0.7853987419922623,nan,nan,nan,Habitat Area (fraction below monthly threshold),Monthly Habitat Compression Index over 30-35.5N,nan,nan,0.0,4.0
2000,12,2000-12,0.6459617398584592,nan,nan,nan,Habitat Area (fraction below monthly threshold),Monthly Habitat Compression Index over 30-35.5N,nan,nan,0.0,4.0
2001,1,2001-01,0.6727092431097907,nan,nan,nan,Habitat Area (fraction below monthly threshold),Monthly Habitat Compression Index over 30-35.5N,nan,nan,0.0,4.0
2001,2,2001-02,0.7836529390056481,nan,nan,nan,Habitat Area (fraction below monthly threshold),Monthly Habitat Compression Index over 30-35.5N,nan,nan,0.0,4.0
2001,3,2001-03,0.5621878307075611,nan,nan,nan,Habitat Area (fraction below monthly threshold),Monthly Habitat Compression Index over 30-35.5N,nan,nan,0.0,4.0
2001,4,2001-04,0.657689162642829,nan,nan,nan,Habitat Area (fraction below monthly threshold),Monthly Habitat Compression Index over 30-35.5N,nan,nan,0.0,4.0
2001,5,2001-05,0.4095852574525087,nan,nan,nan,Habitat Area (fraction below monthly threshold),Monthly Habitat Compression Index over 30-35.5N,nan,nan,0.0,4.0
2001,6,2001-06,0.3718540388771139,nan,nan,nan,Habitat Area (fraction below monthly threshold),Monthly Habitat Compression Index over 30-35.5N,nan,nan,0.0,4.0
2001,7,2001-07,0.4378787363717148,nan,nan,nan,Habitat Area (fraction below monthly threshold),Monthly Habitat Compression Index over 30-35.5N,nan,nan,0.0,4.0
2001,8,2001-08,0.5703593946147281,nan,nan,nan,Habitat Area (fraction below monthly threshold),Monthly Habitat Compression Index over 30-35.5N,nan,nan,0.0,4.0
2001,9,2001-09,0.6189984162487013,nan,nan,nan,Habitat Area (fraction below monthly threshold),Monthly Habitat Compression Index over 30-35.5N,nan,nan,0.0,4.0
2001,10,2001-10,0.5042354077491144,nan,nan,nan,Habitat Area (fraction below monthly threshold),Monthly Habitat Compression Index over 30-35.5N,nan,nan,0.0,4.0
2001,11,2001-11,0.5109297482688989,nan,nan,nan,Habitat Area (fraction below monthly threshold),Monthly Habitat Compression Index over 30-35.5N,nan,nan,0.0,4.0
2001,12,2001-12,0.7377756467173651,nan,nan,nan,Habitat Area (fraction below monthly threshold),Monthly Habitat Compression Index over 30-35.5N,nan,nan,0.0,4.0
2002,1,2002-01,0.6714230584068863,nan,nan,nan,Habitat Area (fraction below monthly threshold),Monthly Habitat Compression Index over 30-35.5N,nan,nan,0.0,4.0
2002,2,2002-02,0.6588030596317214,nan,nan,nan,Habitat Area (fraction below monthly threshold),Monthly Habitat Compression Index over 30-35.5N,nan,nan,0.0,4.0
2002,3,2002-03,0.6605548121996335,nan,nan,nan,Habitat Area (fraction below monthly threshold),Monthly Habitat Compression Index over 30-35.5N,nan,nan,0.0,4.0
2002,4,2002-04,0.5856967547171955,nan,nan,nan,Habitat Area (fraction below monthly threshold),Monthly Habitat Compression Index over 30-35.5N,nan,nan,0.0,4.0
2002,5,2002-05,0.6968473294416271,nan,nan,nan,Habitat Area (fraction below monthly threshold),Monthly Habitat Compression Index over 30-35.5N,nan,nan,0.0,4.0
2002,6,2002-06,0.5397962528141891,nan,nan,nan,Habitat Area (fraction below monthly threshold),Monthly Habitat Compression Index over 30-35.5N,nan,nan,0.0,4.0
2002,7,2002-07,0.6398535337632871,nan,nan,nan,Habitat Area (fraction below monthly threshold),Monthly Habitat Compression Index over 30-35.5N,nan,nan,0.0,4.0
2002,8,2002-08,0.6838720994170684,nan,nan,nan,Habitat Area (fraction below monthly threshold),Monthly Habitat Compression Index over 30-35.5N,nan,nan,0.0,4.0
2002,9,2002-09,0.5448314941551127,nan,nan,nan,Habitat Area (fraction below monthly threshold),Monthly Habitat Compression Index over 30-35.5N,nan,nan,0.0,4.0
2002,10,2002-10,0.6038866176630874,nan,nan,nan,Habitat Area (fraction below monthly threshold),Monthly Habitat Compression Index over 30-35.5N,nan,nan,0.0,4.0
2002,11,2002-11,0.570587875442123,nan,nan,nan,Habitat Area (fraction below monthly threshold),Monthly Habitat Compression Index over 30-35.5N,nan,nan,0.0,4.0
2002,12,2002-12,0.4351924483604323,nan,nan,nan,Habitat Area (fraction below monthly threshold),Monthly Habitat Compression Index over 30-35.5N,nan,nan,0.0,4.0
2003,1,2003-01,0.3249957199906695,nan,nan,nan,Habitat Area (fraction below monthly threshold),Monthly Habitat Compression Index over 30-35.5N,nan,nan,0.0,4.0
2003,2,2003-02,0.3504222142011864,nan,nan,nan,Habitat Area (fraction below monthly threshold),Monthly Habitat Compression Index over 30-35.5N,nan,nan,0.0,4.0
2003,3,2003-03,0.4772668070375164,nan,nan,nan,Habitat Area (fraction below monthly threshold),Monthly Habitat Compression Index over 30-35.5N,nan,nan,0.0,4.0
2003,4,2003-04,0.5637491393272639,nan,nan,nan,Habitat Area (fraction below monthly threshold),Monthly Habitat Compression Index over 30-35.5N,nan,nan,0.0,4.0
2003,5,2003-05,0.6318161139530099,nan,nan,nan,Habitat Area (fraction below monthly threshold),Monthly Habitat Compression Index over 30-35.5N,nan,nan,0.0,4.0
2003,6,2003-06,0.6710788232575313,nan,nan,nan,Habitat Area (fraction below monthly threshold),Monthly Habitat Compression Index over 30-35.5N,nan,nan,0.0,4.0
2003,7,2003-07,0.4222851195650944,nan,nan,nan,Habitat Area (fraction below monthly threshold),Monthly Habitat Compression Index over 30-35.5N,nan,nan,0.0,4.0
2003,8,2003-08,0.4375277045330392,nan,nan,nan,Habitat Area (fraction below monthly threshold),Monthly Habitat Compression Index over 30-35.5N,nan,nan,0.0,4.0
2003,9,2003-09,0.4895923610211445,nan,nan,nan,Habitat Area (fraction below monthly threshold),Monthly Habitat Compression Index over 30-35.5N,nan,nan,0.0,4.0
2003,10,2003-10,0.4588385890900454,nan,nan,nan,Habitat Area (fraction below monthly threshold),Monthly Habitat Compression Index over 30-35.5N,nan,nan,0.0,4.0
2003,11,2003-11,0.5286747749099762,nan,nan,nan,Habitat Area (fraction below monthly threshold),Monthly Habitat Compression Index over 30-35.5N,nan,nan,0.0,4.0
2003,12,2003-12,0.5437171392919381,nan,nan,nan,Habitat Area (fraction below monthly threshold),Monthly Habitat Compression Index over 30-35.5N,nan,nan,0.0,4.0
2004,1,2004-01,0.6388763412964886,nan,nan,nan,Habitat Area (fraction below monthly threshold),Monthly Habitat Compression Index over 30-35.5N,nan,nan,0.0,4.0
2004,2,2004-02,0.6381522298799456,nan,nan,nan,Habitat Area (fraction below monthly threshold),Monthly Habitat Compression Index over 30-35.5N,nan,nan,0.0,4.0
2004,3,2004-03,0.4688080318897489,nan,nan,nan,Habitat Area (fraction below monthly threshold),Monthly Habitat Compression Index over 30-35.5N,nan,nan,0.0,4.0
2004,4,2004-04,0.4178652525481784,nan,nan,nan,Habitat Area (fraction below monthly threshold),Monthly Habitat Compression Index over 30-35.5N,nan,nan,0.0,4.0
2004,5,2004-05,0.4345346018551978,nan,nan,nan,Habitat Area (fraction below monthly threshold),Monthly Habitat Compression Index over 30-35.5N,nan,nan,0.0,4.0
2004,6,2004-06,0.4777112171229172,nan,nan,nan,Habitat Area (fraction below monthly threshold),Monthly Habitat Compression Index over 30-35.5N,nan,nan,0.0,4.0
2004,7,2004-07,0.4361395902066728,nan,nan,nan,Habitat Area (fraction below monthly threshold),Monthly Habitat Compression Index over 30-35.5N,nan,nan,0.0,4.0
2004,8,2004-08,0.4730516720089384,nan,nan,nan,Habitat Area (fraction below monthly threshold),Monthly Habitat Compression Index over 30-35.5N,nan,nan,0.0,4.0
2004,9,2004-09,0.388716967850325,nan,nan,nan,Habitat Area (fraction below monthly threshold),Monthly Habitat Compression Index over 30-35.5N,nan,nan,0.0,4.0
2004,10,2004-10,0.4416476686330957,nan,nan,nan,Habitat Area (fraction below monthly threshold),Monthly Habitat Compression Index over 30-35.5N,nan,nan,0.0,4.0
2004,11,2004-11,0.4817591645506617,nan,nan,nan,Habitat Area (fraction below monthly threshold),Monthly Habitat Compression Index over 30-35.5N,nan,nan,0.0,4.0
2004,12,2004-12,0.4869230589169657,nan,nan,nan,Habitat Area (fraction below monthly threshold),Monthly Habitat Compression Index over 30-35.5N,nan,nan,0.0,4.0
2005,1,2005-01,0.4606755092719126,nan,nan,nan,Habitat Area (fraction below monthly threshold),Monthly Habitat Compression Index over 30-35.5N,nan,nan,0.0,4.0
2005,2,2005-02,0.3559099923390106,nan,nan,nan,Habitat Area (fraction below monthly threshold),Monthly Habitat Compression Index over 30-35.5N,nan,nan,0.0,4.0
2005,3,2005-03,0.3046606465774991,nan,nan,nan,Habitat Area (fraction below monthly threshold),Monthly Habitat Compression Index over 30-35.5N,nan,nan,0.0,4.0
2005,4,2005-04,0.4719705779327603,nan,nan,nan,Habitat Area (fraction below monthly threshold),Monthly Habitat Compression Index over 30-35.5N,nan,nan,0.0,4.0
2005,5,2005-05,0.3750917943827694,nan,nan,nan,Habitat Area (fraction below monthly threshold),Monthly Habitat Compression Index over 30-35.5N,nan,nan,0.0,4.0
2005,6,2005-06,0.5074625628631809,nan,nan,nan,Habitat Area (fraction below monthly threshold),Monthly Habitat Compression Index over 30-35.5N,nan,nan,0.0,4.0
2005,7,2005-07,0.5753356555026796,nan,nan,nan,Habitat Area (fraction below monthly threshold),Monthly Habitat Compression Index over 30-35.5N,nan,nan,0.0,4.0
2005,8,2005-08,0.4787349115683877,nan,nan,nan,Habitat Area (fraction below monthly threshold),Monthly Habitat Compression Index over 30-35.5N,nan,nan,0.0,4.0
2005,9,2005-09,0.5396025685667232,nan,nan,nan,Habitat Area (fraction below monthly threshold),Monthly Habitat Compression Index over 30-35.5N,nan,nan,0.0,4.0
2005,10,2005-10,0.5566430483715467,nan,nan,nan,Habitat Area (fraction below monthly threshold),Monthly Habitat Compression Index over 30-35.5N,nan,nan,0.0,4.0
2005,11,2005-11,0.5671030024924236,nan,nan,nan,Habitat Area (fraction below monthly threshold),Monthly Habitat Compression Index over 30-35.5N,nan,nan,0.0,4.0
2005,12,2005-12,0.6580082903042871,nan,nan,nan,Habitat Area (fraction below monthly threshold),Monthly Habitat Compression Index over 30-35.5N,nan,nan,0.0,4.0
2006,1,2006-01,0.7205094602926764,nan,nan,nan,Habitat Area (fraction below monthly threshold),Monthly Habitat Compression Index over 30-35.5N,nan,nan,0.0,4.0
2006,2,2006-02,0.5328975672240146,nan,nan,nan,Habitat Area (fraction below monthly threshold),Monthly Habitat Compression Index over 30-35.5N,nan,nan,0.0,4.0
2006,3,2006-03,0.801659552018057,nan,nan,nan,Habitat Area (fraction below monthly threshold),Monthly Habitat Compression Index over 30-35.5N,nan,nan,0.0,4.0
2006,4,2006-04,0.4844890716357549,nan,nan,nan,Habitat Area (fraction below monthly threshold),Monthly Habitat Compression Index over 30-35.5N,nan,nan,0.0,4.0
2006,5,2006-05,0.4529319661605933,nan,nan,nan,Habitat Area (fraction below monthly threshold),Monthly Habitat Compression Index over 30-35.5N,nan,nan,0.0,4.0
2006,6,2006-06,0.4180835523087367,nan,nan,nan,Habitat Area (fraction below monthly threshold),Monthly Habitat Compression Index over 30-35.5N,nan,nan,0.0,4.0
2006,7,2006-07,0.4032507263018718,nan,nan,nan,Habitat Area (fraction below monthly threshold),Monthly Habitat Compression Index over 30-35.5N,nan,nan,0.0,4.0
2006,8,2006-08,0.3834194708234158,nan,nan,nan,Habitat Area (fraction below monthly threshold),Monthly Habitat Compression Index over 30-35.5N,nan,nan,0.0,4.0
2006,9,2006-09,0.4923415563958437,nan,nan,nan,Habitat Area (fraction below monthly threshold),Monthly Habitat Compression Index over 30-35.5N,nan,nan,0.0,4.0
2006,10,2006-10,0.500779624172555,nan,nan,nan,Habitat Area (fraction below monthly threshold),Monthly Habitat Compression Index over 30-35.5N,nan,nan,0.0,4.0
2006,11,2006-11,0.4139829848096431,nan,nan,nan,Habitat Area (fraction below monthly threshold),Monthly Habitat Compression Index over 30-35.5N,nan,nan,0.0,4.0
2006,12,2006-12,0.4567543670739223,nan,nan,nan,Habitat Area (fraction below monthly threshold),Monthly Habitat Compression Index over 30-35.5N,nan,nan,0.0,4.0
2007,1,2007-01,0.6220639262490962,nan,nan,nan,Habitat Area (fraction below monthly threshold),Monthly Habitat Compression Index over 30-35.5N,nan,nan,0.0,4.0
2007,2,2007-02,0.4654565242377613,nan,nan,nan,Habitat Area (fraction below monthly threshold),Monthly Habitat Compression Index over 30-35.5N,nan,nan,0.0,4.0
2007,3,2007-03,0.5453756690604944,nan,nan,nan,Habitat Area (fraction below monthly threshold),Monthly Habitat Compression Index over 30-35.5N,nan,nan,0.0,4.0
2007,4,2007-04,0.5248224029696079,nan,nan,nan,Habitat Area (fraction below monthly threshold),Monthly Habitat Compression Index over 30-35.5N,nan,nan,0.0,4.0
2007,5,2007-05,0.5626171867848511,nan,nan,nan,Habitat Area (fraction below monthly threshold),Monthly Habitat Compression Index over 30-35.5N,nan,nan,0.0,4.0
2007,6,2007-06,0.5481479567101218,nan,nan,nan,Habitat Area (fraction below monthly threshold),Monthly Habitat Compression Index over 30-35.5N,nan,nan,0.0,4.0
2007,7,2007-07,0.4562711214736077,nan,nan,nan,Habitat Area (fraction below monthly threshold),Monthly Habitat Compression Index over 30-35.5N,nan,nan,0.0,4.0
2007,8,2007-08,0.4454440150049737,nan,nan,nan,Habitat Area (fraction below monthly threshold),Monthly Habitat Compression Index over 30-35.5N,nan,nan,0.0,4.0
2007,9,2007-09,0.5469092325314302,nan,nan,nan,Habitat Area (fraction below monthly threshold),Monthly Habitat Compression Index over 30-35.5N,nan,nan,0.0,4.0
2007,10,2007-10,0.5977742623771685,nan,nan,nan,Habitat Area (fraction below monthly threshold),Monthly Habitat Compression Index over 30-35.5N,nan,nan,0.0,4.0
2007,11,2007-11,0.6065399399896674,nan,nan,nan,Habitat Area (fraction below monthly threshold),Monthly Habitat Compression Index over 30-35.5N,nan,nan,0.0,4.0
2007,12,2007-12,0.7639765988478153,nan,nan,nan,Habitat Area (fraction below monthly threshold),Monthly Habitat Compression Index over 30-35.5N,nan,nan,0.0,4.0
2008,1,2008-01,0.9736363423107518,nan,nan,nan,Habitat Area (fraction below monthly threshold),Monthly Habitat Compression Index over 30-35.5N,nan,nan,0.0,4.0
2008,2,2008-02,0.9671028641623312,nan,nan,nan,Habitat Area (fraction below monthly threshold),Monthly Habitat Compression Index over 30-35.5N,nan,nan,0.0,4.0
2008,3,2008-03,0.6779927583494629,nan,nan,nan,Habitat Area (fraction below monthly threshold),Monthly Habitat Compression Index over 30-35.5N,nan,nan,0.0,4.0
2008,4,2008-04,0.6340323546809241,nan,nan,nan,Habitat Area (fraction below monthly threshold),Monthly Habitat Compression Index over 30-35.5N,nan,nan,0.0,4.0
2008,5,2008-05,0.6009626505572891,nan,nan,nan,Habitat Area (fraction below monthly threshold),Monthly Habitat Compression Index over 30-35.5N,nan,nan,0.0,4.0
2008,6,2008-06,0.4562635008816053,nan,nan,nan,Habitat Area (fraction below monthly threshold),Monthly Habitat Compression Index over 30-35.5N,nan,nan,0.0,4.0
2008,7,2008-07,0.4022956521226548,nan,nan,nan,Habitat Area (fraction below monthly threshold),Monthly Habitat Compression Index over 30-35.5N,nan,nan,0.0,4.0
2008,8,2008-08,0.4232997440230509,nan,nan,nan,Habitat Area (fraction below monthly threshold),Monthly Habitat Compression Index over 30-35.5N,nan,nan,0.0,4.0
2008,9,2008-09,0.4300193556134977,nan,nan,nan,Habitat Area (fraction below monthly threshold),Monthly Habitat Compression Index over 30-35.5N,nan,nan,0.0,4.0
2008,10,2008-10,0.4594905562575218,nan,nan,nan,Habitat Area (fraction below monthly threshold),Monthly Habitat Compression Index over 30-35.5N,nan,nan,0.0,4.0
2008,11,2008-11,0.4948537109721831,nan,nan,nan,Habitat Area (fraction below monthly threshold),Monthly Habitat Compression Index over 30-35.5N,nan,nan,0.0,4.0
2008,12,2008-12,0.569786478663891,nan,nan,nan,Habitat Area (fraction below monthly threshold),Monthly Habitat Compression Index over 30-35.5N,nan,nan,0.0,4.0
2009,1,2009-01,0.7190611934383188,nan,nan,nan,Habitat Area (fraction below monthly threshold),Monthly Habitat Compression Index over 30-35.5N,nan,nan,0.0,4.0
2009,2,2009-02,0.6907951968751259,nan,nan,nan,Habitat Area (fraction below monthly threshold),Monthly Habitat Compression Index over 30-35.5N,nan,nan,0.0,4.0
2009,3,2009-03,0.6637120739348326,nan,nan,nan,Habitat Area (fraction below monthly threshold),Monthly Habitat Compression Index over 30-35.5N,nan,nan,0.0,4.0
2009,4,2009-04,0.5635810458795518,nan,nan,nan,Habitat Area (fraction below monthly threshold),Monthly Habitat Compression Index over 30-35.5N,nan,nan,0.0,4.0
2009,5,2009-05,0.5416328332272763,nan,nan,nan,Habitat Area (fraction below monthly threshold),Monthly Habitat Compression Index over 30-35.5N,nan,nan,0.0,4.0
2009,6,2009-06,0.4658580871908809,nan,nan,nan,Habitat Area (fraction below monthly threshold),Monthly Habitat Compression Index over 30-35.5N,nan,nan,0.0,4.0
2009,7,2009-07,0.4078331300517775,nan,nan,nan,Habitat Area (fraction below monthly threshold),Monthly Habitat Compression Index over 30-35.5N,nan,nan,0.0,4.0
2009,8,2009-08,0.542943161194836,nan,nan,nan,Habitat Area (fraction below monthly threshold),Monthly Habitat Compression Index over 30-35.5N,nan,nan,0.0,4.0
2009,9,2009-09,0.4332906024418932,nan,nan,nan,Habitat Area (fraction below monthly threshold),Monthly Habitat Compression Index over 30-35.5N,nan,nan,0.0,4.0
2009,10,2009-10,0.4539753379012672,nan,nan,nan,Habitat Area (fraction below monthly threshold),Monthly Habitat Compression Index over 30-35.5N,nan,nan,0.0,4.0
2009,11,2009-11,0.4765406036742763,nan,nan,nan,Habitat Area (fraction below monthly threshold),Monthly Habitat Compression Index over 30-35.5N,nan,nan,0.0,4.0
2009,12,2009-12,0.5881668619884795,nan,nan,nan,Habitat Area (fraction below monthly threshold),Monthly Habitat Compression Index over 30-35.5N,nan,nan,0.0,4.0
2010,1,2010-01,0.4700235320288553,nan,nan,nan,Habitat Area (fraction below monthly threshold),Monthly Habitat Compression Index over 30-35.5N,nan,nan,0.0,4.0
2010,2,2010-02,0.390692349650575,nan,nan,nan,Habitat Area (fraction below monthly threshold),Monthly Habitat Compression Index over 30-35.5N,nan,nan,0.0,4.0
2010,3,2010-03,0.4960316069965712,nan,nan,nan,Habitat Area (fraction below monthly threshold),Monthly Habitat Compression Index over 30-35.5N,nan,nan,0.0,4.0
2010,4,2010-04,0.5482150626446801,nan,nan,nan,Habitat Area (fraction below monthly threshold),Monthly Habitat Compression Index over 30-35.5N,nan,nan,0.0,4.0
2010,5,2010-05,0.7287012922453706,nan,nan,nan,Habitat Area (fraction below monthly threshold),Monthly Habitat Compression Index over 30-35.5N,nan,nan,0.0,4.0
2010,6,2010-06,0.8169135884749854,nan,nan,nan,Habitat Area (fraction below monthly threshold),Monthly Habitat Compression Index over 30-35.5N,nan,nan,0.0,4.0
2010,7,2010-07,0.9272374920396388,nan,nan,nan,Habitat Area (fraction below monthly threshold),Monthly Habitat Compression Index over 30-35.5N,nan,nan,0.0,4.0
2010,8,2010-08,0.9518942179614628,nan,nan,nan,Habitat Area (fraction below monthly threshold),Monthly Habitat Compression Index over 30-35.5N,nan,nan,0.0,4.0
2010,9,2010-09,0.9438175249526738,nan,nan,nan,Habitat Area (fraction below monthly threshold),Monthly Habitat Compression Index over 30-35.5N,nan,nan,0.0,4.0
2010,10,2010-10,0.6404498198777747,nan,nan,nan,Habitat Area (fraction below monthly threshold),Monthly Habitat Compression Index over 30-35.5N,nan,nan,0.0,4.0
2010,11,2010-11,0.767565357728661,nan,nan,nan,Habitat Area (fraction below monthly threshold),Monthly Habitat Compression Index over 30-35.5N,nan,nan,0.0,4.0
2010,12,2010-12,0.8411442993919866,nan,nan,nan,Habitat Area (fraction below monthly threshold),Monthly Habitat Compression Index over 30-35.5N,nan,nan,0.0,4.0
2011,1,2011-01,0.910482963827065,nan,nan,nan,Habitat Area (fraction below monthly threshold),Monthly Habitat Compression Index over 30-35.5N,nan,nan,0.0,4.0
2011,2,2011-02,0.8458902464432989,nan,nan,nan,Habitat Area (fraction below monthly threshold),Monthly Habitat Compression Index over 30-35.5N,nan,nan,0.0,4.0
2011,3,2011-03,0.7653391486685784,nan,nan,nan,Habitat Area (fraction below monthly threshold),Monthly Habitat Compression Index over 30-35.5N,nan,nan,0.0,4.0
2011,4,2011-04,0.5099571843457789,nan,nan,nan,Habitat Area (fraction below monthly threshold),Monthly Habitat Compression Index over 30-35.5N,nan,nan,0.0,4.0
2011,5,2011-05,0.5576253887703455,nan,nan,nan,Habitat Area (fraction below monthly threshold),Monthly Habitat Compression Index over 30-35.5N,nan,nan,0.0,4.0
2011,6,2011-06,0.6810973494623044,nan,nan,nan,Habitat Area (fraction below monthly threshold),Monthly Habitat Compression Index over 30-35.5N,nan,nan,0.0,4.0
2011,7,2011-07,0.5211945284418542,nan,nan,nan,Habitat Area (fraction below monthly threshold),Monthly Habitat Compression Index over 30-35.5N,nan,nan,0.0,4.0
2011,8,2011-08,0.7653918553694091,nan,nan,nan,Habitat Area (fraction below monthly threshold),Monthly Habitat Compression Index over 30-35.5N,nan,nan,0.0,4.0
2011,9,2011-09,0.8922354642261332,nan,nan,nan,Habitat Area (fraction below monthly threshold),Monthly Habitat Compression Index over 30-35.5N,nan,nan,0.0,4.0
2011,10,2011-10,0.7209601965611813,nan,nan,nan,Habitat Area (fraction below monthly threshold),Monthly Habitat Compression Index over 30-35.5N,nan,nan,0.0,4.0
2011,11,2011-11,0.7116719100949594,nan,nan,nan,Habitat Area (fraction below monthly threshold),Monthly Habitat Compression Index over 30-35.5N,nan,nan,0.0,4.0
2011,12,2011-12,0.7653705731624002,nan,nan,nan,Habitat Area (fraction below monthly threshold),Monthly Habitat Compression Index over 30-35.5N,nan,nan,0.0,4.0
2012,1,2012-01,0.6917712888494237,nan,nan,nan,Habitat Area (fraction below monthly threshold),Monthly Habitat Compression Index over 30-35.5N,nan,nan,0.0,4.0
2012,2,2012-02,0.5830511972523038,nan,nan,nan,Habitat Area (fraction below monthly threshold),Monthly Habitat Compression Index over 30-35.5N,nan,nan,0.0,4.0
2012,3,2012-03,0.8025120657399396,nan,nan,nan,Habitat Area (fraction below monthly threshold),Monthly Habitat Compression Index over 30-35.5N,nan,nan,0.0,4.0
2012,4,2012-04,0.649433574928179,nan,nan,nan,Habitat Area (fraction below monthly threshold),Monthly Habitat Compression Index over 30-35.5N,nan,nan,0.0,4.0
2012,5,2012-05,0.5083006880766664,nan,nan,nan,Habitat Area (fraction below monthly threshold),Monthly Habitat Compression Index over 30-35.5N,nan,nan,0.0,4.0
2012,6,2012-06,0.6285853987189863,nan,nan,nan,Habitat Area (fraction below monthly threshold),Monthly Habitat Compression Index over 30-35.5N,nan,nan,0.0,4.0
2012,7,2012-07,0.6719697968429192,nan,nan,nan,Habitat Area (fraction below monthly threshold),Monthly Habitat Compression Index over 30-35.5N,nan,nan,0.0,4.0
2012,8,2012-08,0.4755397066102348,nan,nan,nan,Habitat Area (fraction below monthly threshold),Monthly Habitat Compression Index over 30-35.5N,nan,nan,0.0,4.0
2012,9,2012-09,0.4002421497972618,nan,nan,nan,Habitat Area (fraction below monthly threshold),Monthly Habitat Compression Index over 30-35.5N,nan,nan,0.0,4.0
2012,10,2012-10,0.3352610999446656,nan,nan,nan,Habitat Area (fraction below monthly threshold),Monthly Habitat Compression Index over 30-35.5N,nan,nan,0.0,4.0
2012,11,2012-11,0.4198876749036964,nan,nan,nan,Habitat Area (fraction below monthly threshold),Monthly Habitat Compression Index over 30-35.5N,nan,nan,0.0,4.0
2012,12,2012-12,0.342985797061087,nan,nan,nan,Habitat Area (fraction below monthly threshold),Monthly Habitat Compression Index over 30-35.5N,nan,nan,0.0,4.0
2013,1,2013-01,0.7631078833122188,nan,nan,nan,Habitat Area (fraction below monthly threshold),Monthly Habitat Compression Index over 30-35.5N,nan,nan,0.0,4.0
2013,2,2013-02,0.7534324560550952,nan,nan,nan,Habitat Area (fraction below monthly threshold),Monthly Habitat Compression Index over 30-35.5N,nan,nan,0.0,4.0
2013,3,2013-03,0.6044580968909802,nan,nan,nan,Habitat Area (fraction below monthly threshold),Monthly Habitat Compression Index over 30-35.5N,nan,nan,0.0,4.0
2013,4,2013-04,0.4790707034499341,nan,nan,nan,Habitat Area (fraction below monthly threshold),Monthly Habitat Compression Index over 30-35.5N,nan,nan,0.0,4.0
2013,5,2013-05,0.4276142861218971,nan,nan,nan,Habitat Area (fraction below monthly threshold),Monthly Habitat Compression Index over 30-35.5N,nan,nan,0.0,4.0
2013,6,2013-06,0.4205910489815272,nan,nan,nan,Habitat Area (fraction below monthly threshold),Monthly Habitat Compression Index over 30-35.5N,nan,nan,0.0,4.0
2013,7,2013-07,0.4430507354753092,nan,nan,nan,Habitat Area (fraction below monthly threshold),Monthly Habitat Compression Index over 30-35.5N,nan,nan,0.0,4.0
2013,8,2013-08,0.6073889596204765,nan,nan,nan,Habitat Area (fraction below monthly threshold),Monthly Habitat Compression Index over 30-35.5N,nan,nan,0.0,4.0
2013,9,2013-09,0.4790453040683122,nan,nan,nan,Habitat Area (fraction below monthly threshold),Monthly Habitat Compression Index over 30-35.5N,nan,nan,0.0,4.0
2013,10,2013-10,0.4359767581318788,nan,nan,nan,Habitat Area (fraction below monthly threshold),Monthly Habitat Compression Index over 30-35.5N,nan,nan,0.0,4.0
2013,11,2013-11,0.4353330114191802,nan,nan,nan,Habitat Area (fraction below monthly threshold),Monthly Habitat Compression Index over 30-35.5N,nan,nan,0.0,4.0
2013,12,2013-12,0.4757678644811736,nan,nan,nan,Habitat Area (fraction below monthly threshold),Monthly Habitat Compression Index over 30-35.5N,nan,nan,0.0,4.0
2014,1,2014-01,0.383798958787001,nan,nan,nan,Habitat Area (fraction below monthly threshold),Monthly Habitat Compression Index over 30-35.5N,nan,nan,0.0,4.0
2014,2,2014-02,0.3931529379807856,nan,nan,nan,Habitat Area (fraction below monthly threshold),Monthly Habitat Compression Index over 30-35.5N,nan,nan,0.0,4.0
2014,3,2014-03,0.3226011253945184,nan,nan,nan,Habitat Area (fraction below monthly threshold),Monthly Habitat Compression Index over 30-35.5N,nan,nan,0.0,4.0
2014,4,2014-04,0.3430824029864154,nan,nan,nan,Habitat Area (fraction below monthly threshold),Monthly Habitat Compression Index over 30-35.5N,nan,nan,0.0,4.0
2014,5,2014-05,0.3471293707829514,nan,nan,nan,Habitat Area (fraction below monthly threshold),Monthly Habitat Compression Index over 30-35.5N,nan,nan,0.0,4.0
2014,6,2014-06,0.3614471243648638,nan,nan,nan,Habitat Area (fraction below monthly threshold),Monthly Habitat Compression Index over 30-35.5N,nan,nan,0.0,4.0
2014,7,2014-07,0.2797784144593446,nan,nan,nan,Habitat Area (fraction below monthly threshold),Monthly Habitat Compression Index over 30-35.5N,nan,nan,0.0,4.0
2014,8,2014-08,0.3160934757065113,nan,nan,nan,Habitat Area (fraction below monthly threshold),Monthly Habitat Compression Index over 30-35.5N,nan,nan,0.0,4.0
2014,9,2014-09,0.2585620105114958,nan,nan,nan,Habitat Area (fraction below monthly threshold),Monthly Habitat Compression Index over 30-35.5N,nan,nan,0.0,4.0
2014,10,2014-10,0.0669667513131043,nan,nan,nan,Habitat Area (fraction below monthly threshold),Monthly Habitat Compression Index over 30-35.5N,nan,nan,0.0,4.0
2014,11,2014-11,0.1270774432955116,nan,nan,nan,Habitat Area (fraction below monthly threshold),Monthly Habitat Compression Index over 30-35.5N,nan,nan,0.0,4.0
2014,12,2014-12,0.0,nan,nan,nan,Habitat Area (fraction below monthly threshold),Monthly Habitat Compression Index over 30-35.5N,nan,nan,0.0,4.0
2015,1,2015-01,0.0077678124403487,nan,nan,nan,Habitat Area (fraction below monthly threshold),Monthly Habitat Compression Index over 30-35.5N,nan,nan,0.0,4.0
2015,2,2015-02,0.0,nan,nan,nan,Habitat Area (fraction below monthly threshold),Monthly Habitat Compression Index over 30-35.5N,nan,nan,0.0,4.0
2015,3,2015-03,0.0249515961160099,nan,nan,nan,Habitat Area (fraction below monthly threshold),Monthly Habitat Compression Index over 30-35.5N,nan,nan,0.0,4.0
2015,4,2015-04,0.1650502130543891,nan,nan,nan,Habitat Area (fraction below monthly threshold),Monthly Habitat Compression Index over 30-35.5N,nan,nan,0.0,4.0
2015,5,2015-05,0.3875465739478223,nan,nan,nan,Habitat Area (fraction below monthly threshold),Monthly Habitat Compression Index over 30-35.5N,nan,nan,0.0,4.0
2015,6,2015-06,0.3907736966356274,nan,nan,nan,Habitat Area (fraction below monthly threshold),Monthly Habitat Compression Index over 30-35.5N,nan,nan,0.0,4.0
2015,7,2015-07,0.1918652400306018,nan,nan,nan,Habitat Area (fraction below monthly threshold),Monthly Habitat Compression Index over 30-35.5N,nan,nan,0.0,4.0
2015,8,2015-08,0.2068411854140569,nan,nan,nan,Habitat Area (fraction below monthly threshold),Monthly Habitat Compression Index over 30-35.5N,nan,nan,0.0,4.0
2015,9,2015-09,0.0653098681586057,nan,nan,nan,Habitat Area (fraction below monthly threshold),Monthly Habitat Compression Index over 30-35.5N,nan,nan,0.0,4.0
2015,10,2015-10,0.010108207243468,nan,nan,nan,Habitat Area (fraction below monthly threshold),Monthly Habitat Compression Index over 30-35.5N,nan,nan,0.0,4.0
2015,11,2015-11,0.222870879601335,nan,nan,nan,Habitat Area (fraction below monthly threshold),Monthly Habitat Compression Index over 30-35.5N,nan,nan,0.0,4.0
2015,12,2015-12,0.1964156539770202,nan,nan,nan,Habitat Area (fraction below monthly threshold),Monthly Habitat Compression Index over 30-35.5N,nan,nan,0.0,4.0
2016,1,2016-01,0.3589847115841401,nan,nan,nan,Habitat Area (fraction below monthly threshold),Monthly Habitat Compression Index over 30-35.5N,nan,nan,0.0,4.0
2016,2,2016-02,0.2015445869037432,nan,nan,nan,Habitat Area (fraction below monthly threshold),Monthly Habitat Compression Index over 30-35.5N,nan,nan,0.0,4.0
2016,3,2016-03,0.2361906864749961,nan,nan,nan,Habitat Area (fraction below monthly threshold),Monthly Habitat Compression Index over 30-35.5N,nan,nan,0.0,4.0
2016,4,2016-04,0.2559660212390099,nan,nan,nan,Habitat Area (fraction below monthly threshold),Monthly Habitat Compression Index over 30-35.5N,nan,nan,0.0,4.0
2016,5,2016-05,0.4100864527900495,nan,nan,nan,Habitat Area (fraction below monthly threshold),Monthly Habitat Compression Index over 30-35.5N,nan,nan,0.0,4.0
2016,6,2016-06,0.4465127073008019,nan,nan,nan,Habitat Area (fraction below monthly threshold),Monthly Habitat Compression Index over 30-35.5N,nan,nan,0.0,4.0
2016,7,2016-07,0.3925374390907373,nan,nan,nan,Habitat Area (fraction below monthly threshold),Monthly Habitat Compression Index over 30-35.5N,nan,nan,0.0,4.0
2016,8,2016-08,0.3883716032399062,nan,nan,nan,Habitat Area (fraction below monthly threshold),Monthly Habitat Compression Index over 30-35.5N,nan,nan,0.0,4.0
2016,9,2016-09,0.4189887244887696,nan,nan,nan,Habitat Area (fraction below monthly threshold),Monthly Habitat Compression Index over 30-35.5N,nan,nan,0.0,4.0
2016,10,2016-10,0.3867932719804186,nan,nan,nan,Habitat Area (fraction below monthly threshold),Monthly Habitat Compression Index over 30-35.5N,nan,nan,0.0,4.0
2016,11,2016-11,0.3438320335572866,nan,nan,nan,Habitat Area (fraction below monthly threshold),Monthly Habitat Compression Index over 30-35.5N,nan,nan,0.0,4.0
2016,12,2016-12,0.4573865107384374,nan,nan,nan,Habitat Area (fraction below monthly threshold),Monthly Habitat Compression Index over 30-35.5N,nan,nan,0.0,4.0
2017,1,2017-01,0.5145352522922262,nan,nan,nan,Habitat Area (fraction below monthly threshold),Monthly Habitat Compression Index over 30-35.5N,nan,nan,0.0,4.0
2017,2,2017-02,0.4096141684425164,nan,nan,nan,Habitat Area (fraction below monthly threshold),Monthly Habitat Compression Index over 30-35.5N,nan,nan,0.0,4.0
2017,3,2017-03,0.4319705062798678,nan,nan,nan,Habitat Area (fraction below monthly threshold),Monthly Habitat Compression Index over 30-35.5N,nan,nan,0.0,4.0
2017,4,2017-04,0.4434473388265256,nan,nan,nan,Habitat Area (fraction below monthly threshold),Monthly Habitat Compression Index over 30-35.5N,nan,nan,0.0,4.0
2017,5,2017-05,0.4710987727922904,nan,nan,nan,Habitat Area (fraction below monthly threshold),Monthly Habitat Compression Index over 30-35.5N,nan,nan,0.0,4.0
2017,6,2017-06,0.4628971096378146,nan,nan,nan,Habitat Area (fraction below monthly threshold),Monthly Habitat Compression Index over 30-35.5N,nan,nan,0.0,4.0
2017,7,2017-07,0.4323950870935286,nan,nan,nan,Habitat Area (fraction below monthly threshold),Monthly Habitat Compression Index over 30-35.5N,nan,nan,0.0,4.0
2017,8,2017-08,0.4179580083536914,nan,nan,nan,Habitat Area (fraction below monthly threshold),Monthly Habitat Compression Index over 30-35.5N,nan,nan,0.0,4.0
2017,9,2017-09,0.4188287326834712,nan,nan,nan,Habitat Area (fraction below monthly threshold),Monthly Habitat Compression Index over 30-35.5N,nan,nan,0.0,4.0
2017,10,2017-10,0.3654266525474333,nan,nan,nan,Habitat Area (fraction below monthly threshold),Monthly Habitat Compression Index over 30-35.5N,nan,nan,0.0,4.0
2017,11,2017-11,0.3288686302944778,nan,nan,nan,Habitat Area (fraction below monthly threshold),Monthly Habitat Compression Index over 30-35.5N,nan,nan,0.0,4.0
2017,12,2017-12,0.3168451962271807,nan,nan,nan,Habitat Area (fraction below monthly threshold),Monthly Habitat Compression Index over 30-35.5N,nan,nan,0.0,4.0
2018,1,2018-01,0.342429387407855,nan,nan,nan,Habitat Area (fraction below monthly threshold),Monthly Habitat Compression Index over 30-35.5N,nan,nan,0.0,4.0
2018,2,2018-02,0.285954894642374,nan,nan,nan,Habitat Area (fraction below monthly threshold),Monthly Habitat Compression Index over 30-35.5N,nan,nan,0.0,4.0
2018,3,2018-03,0.4208980798169913,nan,nan,nan,Habitat Area (fraction below monthly threshold),Monthly Habitat Compression Index over 30-35.5N,nan,nan,0.0,4.0
2018,4,2018-04,0.4810487000155802,nan,nan,nan,Habitat Area (fraction below monthly threshold),Monthly Habitat Compression Index over 30-35.5N,nan,nan,0.0,4.0
2018,5,2018-05,0.5054088509317717,nan,nan,nan,Habitat Area (fraction below monthly threshold),Monthly Habitat Compression Index over 30-35.5N,nan,nan,0.0,4.0
2018,6,2018-06,0.4496966230099343,nan,nan,nan,Habitat Area (fraction below monthly threshold),Monthly Habitat Compression Index over 30-35.5N,nan,nan,0.0,4.0
2018,7,2018-07,0.3765739010595433,nan,nan,nan,Habitat Area (fraction below monthly threshold),Monthly Habitat Compression Index over 30-35.5N,nan,nan,0.0,4.0
2018,8,2018-08,0.3432946644508285,nan,nan,nan,Habitat Area (fraction below monthly threshold),Monthly Habitat Compression Index over 30-35.5N,nan,nan,0.0,4.0
2018,9,2018-09,0.4059708947229725,nan,nan,nan,Habitat Area (fraction below monthly threshold),Monthly Habitat Compression Index over 30-35.5N,nan,nan,0.0,4.0
2018,10,2018-10,0.3161694147061229,nan,nan,nan,Habitat Area (fraction below monthly threshold),Monthly Habitat Compression Index over 30-35.5N,nan,nan,0.0,4.0
2018,11,2018-11,0.2096551032801969,nan,nan,nan,Habitat Area (fraction below monthly threshold),Monthly Habitat Compression Index over 30-35.5N,nan,nan,0.0,4.0
2018,12,2018-12,0.1551793281295538,nan,nan,nan,Habitat Area (fraction below monthly threshold),Monthly Habitat Compression Index over 30-35.5N,nan,nan,0.0,4.0
2019,1,2019-01,0.3900622165477018,nan,nan,nan,Habitat Area (fraction below monthly threshold),Monthly Habitat Compression Index over 30-35.5N,nan,nan,0.0,4.0
2019,2,2019-02,0.412150190078648,nan,nan,nan,Habitat Area (fraction below monthly threshold),Monthly Habitat Compression Index over 30-35.5N,nan,nan,0.0,4.0
2019,3,2019-03,0.4724235611741804,nan,nan,nan,Habitat Area (fraction below monthly threshold),Monthly Habitat Compression Index over 30-35.5N,nan,nan,0.0,4.0
2019,4,2019-04,0.3469496248977621,nan,nan,nan,Habitat Area (fraction below monthly threshold),Monthly Habitat Compression Index over 30-35.5N,nan,nan,0.0,4.0
2019,5,2019-05,0.4598965447060917,nan,nan,nan,Habitat Area (fraction below monthly threshold),Monthly Habitat Compression Index over 30-35.5N,nan,nan,0.0,4.0
2019,6,2019-06,0.4121966845148893,nan,nan,nan,Habitat Area (fraction below monthly threshold),Monthly Habitat Compression Index over 30-35.5N,nan,nan,0.0,4.0
2019,7,2019-07,0.5116474129549179,nan,nan,nan,Habitat Area (fraction below monthly threshold),Monthly Habitat Compression Index over 30-35.5N,nan,nan,0.0,4.0
2019,8,2019-08,0.5081449727822963,nan,nan,nan,Habitat Area (fraction below monthly threshold),Monthly Habitat Compression Index over 30-35.5N,nan,nan,0.0,4.0
2019,9,2019-09,0.4284321303896971,nan,nan,nan,Habitat Area (fraction below monthly threshold),Monthly Habitat Compression Index over 30-35.5N,nan,nan,0.0,4.0
2019,10,2019-10,0.4267893212731881,nan,nan,nan,Habitat Area (fraction below monthly threshold),Monthly Habitat Compression Index over 30-35.5N,nan,nan,0.0,4.0
2019,11,2019-11,0.395557915282056,nan,nan,nan,Habitat Area (fraction below monthly threshold),Monthly Habitat Compression Index over 30-35.5N,nan,nan,0.0,4.0
2019,12,2019-12,0.4073140519494033,nan,nan,nan,Habitat Area (fraction below monthly threshold),Monthly Habitat Compression Index over 30-35.5N,nan,nan,0.0,4.0
2020,1,2020-01,0.4226317498718198,nan,nan,nan,Habitat Area (fraction below monthly threshold),Monthly Habitat Compression Index over 30-35.5N,nan,nan,0.0,4.0
2020,2,2020-02,0.3648903604417374,nan,nan,nan,Habitat Area (fraction below monthly threshold),Monthly Habitat Compression Index over 30-35.5N,nan,nan,0.0,4.0
2020,3,2020-03,0.3456747018817868,nan,nan,nan,Habitat Area (fraction below monthly threshold),Monthly Habitat Compression Index over 30-35.5N,nan,nan,0.0,4.0
2020,4,2020-04,0.3693370343606355,nan,nan,nan,Habitat Area (fraction below monthly threshold),Monthly Habitat Compression Index over 30-35.5N,nan,nan,0.0,4.0
2020,5,2020-05,0.4203812541059722,nan,nan,nan,Habitat Area (fraction below monthly threshold),Monthly Habitat Compression Index over 30-35.5N,nan,nan,0.0,4.0
2020,6,2020-06,0.4135443137928751,nan,nan,nan,Habitat Area (fraction below monthly threshold),Monthly Habitat Compression Index over 30-35.5N,nan,nan,0.0,4.0
2020,7,2020-07,0.427466078107808,nan,nan,nan,Habitat Area (fraction below monthly threshold),Monthly Habitat Compression Index over 30-35.5N,nan,nan,0.0,4.0
2020,8,2020-08,0.4885313774311879,nan,nan,nan,Habitat Area (fraction below monthly threshold),Monthly Habitat Compression Index over 30-35.5N,nan,nan,0.0,4.0
2020,9,2020-09,0.38198568485955,nan,nan,nan,Habitat Area (fraction below monthly threshold),Monthly Habitat Compression Index over 30-35.5N,nan,nan,0.0,4.0
2020,10,2020-10,0.185036925306062,nan,nan,nan,Habitat Area (fraction below monthly threshold),Monthly Habitat Compression Index over 30-35.5N,nan,nan,0.0,4.0
2020,11,2020-11,0.5039239022087609,nan,nan,nan,Habitat Area (fraction below monthly threshold),Monthly Habitat Compression Index over 30-35.5N,nan,nan,0.0,4.0
2020,12,2020-12,0.5013717246073842,nan,nan,nan,Habitat Area (fraction below monthly threshold),Monthly Habitat Compression Index over 30-35.5N,nan,nan,0.0,4.0
2021,1,2021-01,0.6395257402169056,nan,nan,nan,Habitat Area (fraction below monthly threshold),Monthly Habitat Compression Index over 30-35.5N,nan,nan,0.0,4.0
2021,2,2021-02,0.6141963658513941,nan,nan,nan,Habitat Area (fraction below monthly threshold),Monthly Habitat Compression Index over 30-35.5N,nan,nan,0.0,4.0
2021,3,2021-03,0.6589905704466159,nan,nan,nan,Habitat Area (fraction below monthly threshold),Monthly Habitat Compression Index over 30-35.5N,nan,nan,0.0,4.0
2021,4,2021-04,0.5063262152273078,nan,nan,nan,Habitat Area (fraction below monthly threshold),Monthly Habitat Compression Index over 30-35.5N,nan,nan,0.0,4.0
2021,5,2021-05,0.4794535161971051,nan,nan,nan,Habitat Area (fraction below monthly threshold),Monthly Habitat Compression Index over 30-35.5N,nan,nan,0.0,4.0
2021,6,2021-06,0.5224149771684139,nan,nan,nan,Habitat Area (fraction below monthly threshold),Monthly Habitat Compression Index over 30-35.5N,nan,nan,0.0,4.0
2021,7,2021-07,0.4239261865099908,nan,nan,nan,Habitat Area (fraction below monthly threshold),Monthly Habitat Compression Index over 30-35.5N,nan,nan,0.0,4.0
2021,8,2021-08,0.467645514816554,nan,nan,nan,Habitat Area (fraction below monthly threshold),Monthly Habitat Compression Index over 30-35.5N,nan,nan,0.0,4.0
2021,9,2021-09,0.4857917115137263,nan,nan,nan,Habitat Area (fraction below monthly threshold),Monthly Habitat Compression Index over 30-35.5N,nan,nan,0.0,4.0
2021,10,2021-10,0.5372003179077389,nan,nan,nan,Habitat Area (fraction below monthly threshold),Monthly Habitat Compression Index over 30-35.5N,nan,nan,0.0,4.0
2021,11,2021-11,0.5831217511153167,nan,nan,nan,Habitat Area (fraction below monthly threshold),Monthly Habitat Compression Index over 30-35.5N,nan,nan,0.0,4.0
2021,12,2021-12,0.4683224493772911,nan,nan,nan,Habitat Area (fraction below monthly threshold),Monthly Habitat Compression Index over 30-35.5N,nan,nan,0.0,4.0
2022,1,2022-01,0.5802992383203454,nan,nan,nan,Habitat Area (fraction below monthly threshold),Monthly Habitat Compression Index over 30-35.5N,nan,nan,0.0,4.0
2022,2,2022-02,0.4255699417686157,nan,nan,nan,Habitat Area (fraction below monthly threshold),Monthly Habitat Compression Index over 30-35.5N,nan,nan,0.0,4.0
2022,3,2022-03,0.4735235994319227,nan,nan,nan,Habitat Area (fraction below monthly threshold),Monthly Habitat Compression Index over 30-35.5N,nan,nan,0.0,4.0
2022,4,2022-04,0.4619156599492973,nan,nan,nan,Habitat Area (fraction below monthly threshold),Monthly Habitat Compression Index over 30-35.5N,nan,nan,0.0,4.0
2022,5,2022-05,0.5507536658121863,nan,nan,nan,Habitat Area (fraction below monthly threshold),Monthly Habitat Compression Index over 30-35.5N,nan,nan,0.0,4.0
2022,6,2022-06,0.4885804609224103,nan,nan,nan,Habitat Area (fraction below monthly threshold),Monthly Habitat Compression Index over 30-35.5N,nan,nan,0.0,4.0
2022,7,2022-07,0.4726223229629668,nan,nan,nan,Habitat Area (fraction below monthly threshold),Monthly Habitat Compression Index over 30-35.5N,nan,nan,0.0,4.0
2022,8,2022-08,0.4488372124094377,nan,nan,nan,Habitat Area (fraction below monthly threshold),Monthly Habitat Compression Index over 30-35.5N,nan,nan,0.0,4.0
2022,9,2022-09,0.3195941220548319,nan,nan,nan,Habitat Area (fraction below monthly threshold),Monthly Habitat Compression Index over 30-35.5N,nan,nan,0.0,4.0
2022,10,2022-10,0.3671511506703894,nan,nan,nan,Habitat Area (fraction below monthly threshold),Monthly Habitat Compression Index over 30-35.5N,nan,nan,0.0,4.0
2022,11,2022-11,0.5794920638290023,nan,nan,nan,Habitat Area (fraction below monthly threshold),Monthly Habitat Compression Index over 30-35.5N,nan,nan,0.0,4.0
2022,12,2022-12,0.5943804079593353,nan,nan,nan,Habitat Area (fraction below monthly threshold),Monthly Habitat Compression Index over 30-35.5N,nan,nan,0.0,4.0
2023,1,2023-01,0.6586304233752054,nan,nan,nan,Habitat Area (fraction below monthly threshold),Monthly Habitat Compression Index over 30-35.5N,nan,nan,0.0,4.0
2023,2,2023-02,0.723324059311205,nan,nan,nan,Habitat Area (fraction below monthly threshold),Monthly Habitat Compression Index over 30-35.5N,nan,nan,0.0,4.0
2023,3,2023-03,0.8428461095370725,nan,nan,nan,Habitat Area (fraction below monthly threshold),Monthly Habitat Compression Index over 30-35.5N,nan,nan,0.0,4.0
2023,4,2023-04,0.7179238937155948,nan,nan,nan,Habitat Area (fraction below monthly threshold),Monthly Habitat Compression Index over 30-35.5N,nan,nan,0.0,4.0
2023,5,2023-05,0.5742259842367426,nan,nan,nan,Habitat Area (fraction below monthly threshold),Monthly Habitat Compression Index over 30-35.5N,nan,nan,0.0,4.0
2023,6,2023-06,0.5233869314060573,nan,nan,nan,Habitat Area (fraction below monthly threshold),Monthly Habitat Compression Index over 30-35.5N,nan,nan,0.0,4.0
2023,7,2023-07,0.557641171251008,nan,nan,nan,Habitat Area (fraction below monthly threshold),Monthly Habitat Compression Index over 30-35.5N,nan,nan,0.0,4.0
2023,8,2023-08,0.506547299907792,nan,nan,nan,Habitat Area (fraction below monthly threshold),Monthly Habitat Compression Index over 30-35.5N,nan,nan,0.0,4.0
2023,9,2023-09,0.4333903740612618,nan,nan,nan,Habitat Area (fraction below monthly threshold),Monthly Habitat Compression Index over 30-35.5N,nan,nan,0.0,4.0
2023,10,2023-10,0.4071770116839676,nan,nan,nan,Habitat Area (fraction below monthly threshold),Monthly Habitat Compression Index over 30-35.5N,nan,nan,0.0,4.0
2023,11,2023-11,0.3274753336952121,nan,nan,nan,Habitat Area (fraction below monthly threshold),Monthly Habitat Compression Index over 30-35.5N,nan,nan,0.0,4.0
2023,12,2023-12,0.1875134470596298,nan,nan,nan,Habitat Area (fraction below monthly threshold),Monthly Habitat Compression Index over 30-35.5N,nan,nan,0.0,4.0
2024,1,2024-01,0.4234165363087583,nan,nan,nan,Habitat Area (fraction below monthly threshold),Monthly Habitat Compression Index over 30-35.5N,nan,nan,0.0,4.0
2024,2,2024-02,0.3097411940239676,nan,nan,nan,Habitat Area (fraction below monthly threshold),Monthly Habitat Compression Index over 30-35.5N,nan,nan,0.0,4.0
2024,3,2024-03,0.1631551132330329,nan,nan,nan,Habitat Area (fraction below monthly threshold),Monthly Habitat Compression Index over 30-35.5N,nan,nan,0.0,4.0
2024,4,2024-04,0.4594286735605214,nan,nan,nan,Habitat Area (fraction below monthly threshold),Monthly Habitat Compression Index over 30-35.5N,nan,nan,0.0,4.0
2024,5,2024-05,0.5656673768506691,nan,nan,nan,Habitat Area (fraction below monthly threshold),Monthly Habitat Compression Index over 30-35.5N,nan,nan,0.0,4.0
2024,6,2024-06,0.5411705740869667,nan,nan,nan,Habitat Area (fraction below monthly threshold),Monthly Habitat Compression Index over 30-35.5N,nan,nan,0.0,4.0
2024,7,2024-07,0.469441484556987,nan,nan,nan,Habitat Area (fraction below monthly threshold),Monthly Habitat Compression Index over 30-35.5N,nan,nan,0.0,4.0
2024,8,2024-08,0.4933970587741015,nan,nan,nan,Habitat Area (fraction below monthly threshold),Monthly Habitat Compression Index over 30-35.5N,nan,nan,0.0,4.0
2024,9,2024-09,0.4928586463203469,nan,nan,nan,Habitat Area (fraction below monthly threshold),Monthly Habitat Compression Index over 30-35.5N,nan,nan,0.0,4.0
2024,10,2024-10,0.5158102214736051,nan,nan,nan,Habitat Area (fraction below monthly threshold),Monthly Habitat Compression Index over 30-35.5N,nan,nan,0.0,4.0
2024,11,2024-11,0.7012716223883877,nan,nan,nan,Habitat Area (fraction below monthly threshold),Monthly Habitat Compression Index over 30-35.5N,nan,nan,0.0,4.0
2024,12,2024-12,0.6440797411151399,nan,nan,nan,Habitat Area (fraction below monthly threshold),Monthly Habitat Compression Index over 30-35.5N,nan,nan,0.0,4.0
2025,1,2025-01,0.8159348821328093,nan,nan,nan,Habitat Area (fraction below monthly threshold),Monthly Habitat Compression Index over 30-35.5N,nan,nan,0.0,4.0
2025,2,2025-02,0.7333278811647759,nan,nan,nan,Habitat Area (fraction below monthly threshold),Monthly Habitat Compression Index over 30-35.5N,nan,nan,0.0,4.0
2025,3,2025-03,0.7198617000754568,nan,nan,nan,Habitat Area (fraction below monthly threshold),Monthly Habitat Compression Index over 30-35.5N,nan,nan,0.0,4.0
2025,4,2025-04,0.571958189277964,nan,nan,nan,Habitat Area (fraction below monthly threshold),Monthly Habitat Compression Index over 30-35.5N,nan,nan,0.0,4.0
2025,5,2025-05,0.5029959281795842,nan,nan,nan,Habitat Area (fraction below monthly threshold),Monthly Habitat Compression Index over 30-35.5N,nan,nan,0.0,4.0
2025,6,2025-06,0.4266699189349955,nan,nan,nan,Habitat Area (fraction below monthly threshold),Monthly Habitat Compression Index over 30-35.5N,nan,nan,0.0,4.0
2025,7,2025-07,0.4136954790904626,nan,nan,nan,Habitat Area (fraction below monthly threshold),Monthly Habitat Compression Index over 30-35.5N,nan,nan,0.0,4.0
2025,8,2025-08,0.5211905208510688,nan,nan,nan,Habitat Area (fraction below monthly threshold),Monthly Habitat Compression Index over 30-35.5N,nan,nan,0.0,4.0
2025,9,2025-09,0.4012601069304204,nan,nan,nan,Habitat Area (fraction below monthly threshold),Monthly Habitat Compression Index over 30-35.5N,nan,nan,0.0,4.0
2025,10,2025-10,0.3563463093343644,nan,nan,nan,Habitat Area (fraction below monthly threshold),Monthly Habitat Compression Index over 30-35.5N,nan,nan,0.0,4.0
2025,11,2025-11,0.3922061554463514,nan,nan,nan,Habitat Area (fraction below monthly threshold),Monthly Habitat Compression Index over 30-35.5N,nan,nan,0.0,4.0
2025,12,2025-12,0.1462121480230393,nan,nan,nan,Habitat Area (fraction below monthly threshold),Monthly Habitat Compression Index over 30-35.5N,nan,nan,0.0,4.0
2026,1,2026-01,0.1402681097483362,nan,nan,nan,Habitat Area (fraction below monthly threshold),Monthly Habitat Compression Index over 30-35.5N,nan,nan,0.0,4.0
2026,2,2026-02,0.0124236975664845,nan,nan,nan,Habitat Area (fraction below monthly threshold),Monthly Habitat Compression Index over 30-35.5N,nan,nan,0.0,4.0
2026,3,2026-03,0.0906248060059276,nan,nan,nan,Habitat Area (fraction below monthly threshold),Monthly Habitat Compression Index over 30-35.5N,nan,nan,0.0,4.0
2026,4,2026-04,0.0226110299445652,nan,nan,nan,Habitat Area (fraction below monthly threshold),Monthly Habitat Compression Index over 30-35.5N,nan,nan,0.0,4.0
2026,5,2026-05,0.2846659639233256,nan,nan,nan,Habitat Area (fraction below monthly threshold),Monthly Habitat Compression Index over 30-35.5N,nan,nan,0.0,4.0
