year,time,index,error,SElo,SEup,metric,timeseries,lat,lon,depth,order
1980,1980,0.2272133087416706,0.11685978975198197,0.11035351898968862,0.34407309849365253,Habitat Area (fraction below monthly threshold),Winter Habitat Compression Index over 43.5-48N,nan,nan,0.0,1.0
1981,1981,0.004275994511929733,0.0008728337247641007,0.0034031607871656323,0.005148828236693834,Habitat Area (fraction below monthly threshold),Winter Habitat Compression Index over 43.5-48N,nan,nan,0.0,1.0
1982,1982,0.5880330298008852,0.043482257106255015,0.5445507726946303,0.6315152869071402,Habitat Area (fraction below monthly threshold),Winter Habitat Compression Index over 43.5-48N,nan,nan,0.0,1.0
1983,1983,0.0767786841935458,0.047800130646989084,0.02897855354655672,0.12457881484053489,Habitat Area (fraction below monthly threshold),Winter Habitat Compression Index over 43.5-48N,nan,nan,0.0,1.0
1984,1984,0.4289730220412857,0.15743683985852847,0.2715361821827572,0.5864098618998141,Habitat Area (fraction below monthly threshold),Winter Habitat Compression Index over 43.5-48N,nan,nan,0.0,1.0
1985,1985,0.8222163397646485,0.21187502758074864,0.6103413121838999,1.034091367345397,Habitat Area (fraction below monthly threshold),Winter Habitat Compression Index over 43.5-48N,nan,nan,0.0,1.0
1986,1986,0.5448758784494875,0.230268246304583,0.3146076321449045,0.7751441247540705,Habitat Area (fraction below monthly threshold),Winter Habitat Compression Index over 43.5-48N,nan,nan,0.0,1.0
1987,1987,0.17756062105396908,0.03803926178269625,0.13952135927127282,0.21559988283666534,Habitat Area (fraction below monthly threshold),Winter Habitat Compression Index over 43.5-48N,nan,nan,0.0,1.0
1988,1988,0.5824503773186036,0.12520544109678775,0.45724493622181583,0.7076558184153914,Habitat Area (fraction below monthly threshold),Winter Habitat Compression Index over 43.5-48N,nan,nan,0.0,1.0
1989,1989,0.9943197185095506,0.008033131121890353,0.9862865873876603,1.002352849631441,Habitat Area (fraction below monthly threshold),Winter Habitat Compression Index over 43.5-48N,nan,nan,0.0,1.0
1990,1990,0.7599054620332808,0.23441683154566473,0.5254886304876161,0.9943222935789455,Habitat Area (fraction below monthly threshold),Winter Habitat Compression Index over 43.5-48N,nan,nan,0.0,1.0
1991,1991,0.9634339611503592,0.031556564938395,0.9318773962119642,0.9949905260887542,Habitat Area (fraction below monthly threshold),Winter Habitat Compression Index over 43.5-48N,nan,nan,0.0,1.0
1992,1992,0.08489562830907083,0.10099204245110191,-0.016096414142031085,0.18588767076017274,Habitat Area (fraction below monthly threshold),Winter Habitat Compression Index over 43.5-48N,nan,nan,0.0,1.0
1993,1993,0.6424002486812236,0.10234319659476267,0.5400570520864609,0.7447434452759862,Habitat Area (fraction below monthly threshold),Winter Habitat Compression Index over 43.5-48N,nan,nan,0.0,1.0
1994,1994,0.2723156589357272,0.14850723092950693,0.12380842800622024,0.4208228898652341,Habitat Area (fraction below monthly threshold),Winter Habitat Compression Index over 43.5-48N,nan,nan,0.0,1.0
1995,1995,0.2919442423460971,0.14442441076564957,0.14751983158044754,0.43636865311174666,Habitat Area (fraction below monthly threshold),Winter Habitat Compression Index over 43.5-48N,nan,nan,0.0,1.0
1996,1996,0.0827755363043384,0.06579703498755199,0.01697850131678641,0.1485725712918904,Habitat Area (fraction below monthly threshold),Winter Habitat Compression Index over 43.5-48N,nan,nan,0.0,1.0
1997,1997,0.48156123887486474,0.07096376617297416,0.41059747270189056,0.5525250050478389,Habitat Area (fraction below monthly threshold),Winter Habitat Compression Index over 43.5-48N,nan,nan,0.0,1.0
1998,1998,0.0,0.0,0.0,0.0,Habitat Area (fraction below monthly threshold),Winter Habitat Compression Index over 43.5-48N,nan,nan,0.0,1.0
1999,1999,0.8569168080522048,0.20153131288527487,0.65538549516693,1.0584481209374796,Habitat Area (fraction below monthly threshold),Winter Habitat Compression Index over 43.5-48N,nan,nan,0.0,1.0
2000,2000,0.5310078945812932,0.08629734406169202,0.4447105505196011,0.6173052386429851,Habitat Area (fraction below monthly threshold),Winter Habitat Compression Index over 43.5-48N,nan,nan,0.0,1.0
2001,2001,0.6893057411979809,0.024987675053716938,0.664318066144264,0.7142934162516978,Habitat Area (fraction below monthly threshold),Winter Habitat Compression Index over 43.5-48N,nan,nan,0.0,1.0
2002,2002,0.7958059911248596,0.20510244547960646,0.5907035456452532,1.000908436604466,Habitat Area (fraction below monthly threshold),Winter Habitat Compression Index over 43.5-48N,nan,nan,0.0,1.0
2003,2003,0.049539666413963325,0.03222638105848328,0.017313285355480046,0.0817660474724466,Habitat Area (fraction below monthly threshold),Winter Habitat Compression Index over 43.5-48N,nan,nan,0.0,1.0
2004,2004,0.39768758549526656,0.054737698330474927,0.34294988716479163,0.4524252838257415,Habitat Area (fraction below monthly threshold),Winter Habitat Compression Index over 43.5-48N,nan,nan,0.0,1.0
2005,2005,0.3021200129705751,0.17295499100564268,0.12916502196493243,0.4750750039762178,Habitat Area (fraction below monthly threshold),Winter Habitat Compression Index over 43.5-48N,nan,nan,0.0,1.0
2006,2006,0.3680653538138429,0.22954579960506305,0.13851955420877987,0.5976111534189059,Habitat Area (fraction below monthly threshold),Winter Habitat Compression Index over 43.5-48N,nan,nan,0.0,1.0
2007,2007,0.7435558636085045,0.10000907911290731,0.6435467844955971,0.8435649427214118,Habitat Area (fraction below monthly threshold),Winter Habitat Compression Index over 43.5-48N,nan,nan,0.0,1.0
2008,2008,1.0,0.0,1.0,1.0,Habitat Area (fraction below monthly threshold),Winter Habitat Compression Index over 43.5-48N,nan,nan,0.0,1.0
2009,2009,0.9969116456703101,0.004367592578461082,0.992544053091849,1.0012792382487712,Habitat Area (fraction below monthly threshold),Winter Habitat Compression Index over 43.5-48N,nan,nan,0.0,1.0
2010,2010,0.3007111325787633,0.16659851385428162,0.13411261872448169,0.46730964643304496,Habitat Area (fraction below monthly threshold),Winter Habitat Compression Index over 43.5-48N,nan,nan,0.0,1.0
2011,2011,0.7528768900875127,0.12271508326300387,0.6301618068245088,0.8755919733505165,Habitat Area (fraction below monthly threshold),Winter Habitat Compression Index over 43.5-48N,nan,nan,0.0,1.0
2012,2012,0.986503123013636,0.019087466483797486,0.9674156565298385,1.0055905894974335,Habitat Area (fraction below monthly threshold),Winter Habitat Compression Index over 43.5-48N,nan,nan,0.0,1.0
2013,2013,0.8156374512549925,0.16614757253946527,0.6494898787155272,0.9817850237944579,Habitat Area (fraction below monthly threshold),Winter Habitat Compression Index over 43.5-48N,nan,nan,0.0,1.0
2014,2014,0.6908429151684229,0.1831592534886803,0.5076836616797425,0.8740021686571032,Habitat Area (fraction below monthly threshold),Winter Habitat Compression Index over 43.5-48N,nan,nan,0.0,1.0
2015,2015,0.0010976853450932334,0.0015523615022490418,-0.00045467615715580833,0.002650046847342275,Habitat Area (fraction below monthly threshold),Winter Habitat Compression Index over 43.5-48N,nan,nan,0.0,1.0
2016,2016,0.013756914198574234,0.01792944598471132,-0.004172531786137088,0.03168636018328556,Habitat Area (fraction below monthly threshold),Winter Habitat Compression Index over 43.5-48N,nan,nan,0.0,1.0
2017,2017,0.33505367157507665,0.037400911699733946,0.2976527598753427,0.3724545832748106,Habitat Area (fraction below monthly threshold),Winter Habitat Compression Index over 43.5-48N,nan,nan,0.0,1.0
2018,2018,0.29018728511253,0.18694783186318012,0.10323945324934988,0.4771351169757101,Habitat Area (fraction below monthly threshold),Winter Habitat Compression Index over 43.5-48N,nan,nan,0.0,1.0
2019,2019,0.23967258483617102,0.15309847364980206,0.08657411118636896,0.39277105848597305,Habitat Area (fraction below monthly threshold),Winter Habitat Compression Index over 43.5-48N,nan,nan,0.0,1.0
2020,2020,0.5462223944200234,0.18915302818704366,0.35706936623297975,0.735375422607067,Habitat Area (fraction below monthly threshold),Winter Habitat Compression Index over 43.5-48N,nan,nan,0.0,1.0
2021,2021,0.6080607564094481,0.23378407149530758,0.37427668491414057,0.8418448279047557,Habitat Area (fraction below monthly threshold),Winter Habitat Compression Index over 43.5-48N,nan,nan,0.0,1.0
2022,2022,0.6737091952716862,0.07256960234066502,0.6011395929310211,0.7462787976123512,Habitat Area (fraction below monthly threshold),Winter Habitat Compression Index over 43.5-48N,nan,nan,0.0,1.0
2023,2023,0.6585566572151902,0.2354483254936692,0.42310833172152096,0.8940049827088594,Habitat Area (fraction below monthly threshold),Winter Habitat Compression Index over 43.5-48N,nan,nan,0.0,1.0
2024,2024,0.03677792662509903,0.04311901312897661,-0.006341086503877581,0.07989693975407564,Habitat Area (fraction below monthly threshold),Winter Habitat Compression Index over 43.5-48N,nan,nan,0.0,1.0
2025,2025,0.4473984510241104,0.19567233900109368,0.25172611202301676,0.6430707900252041,Habitat Area (fraction below monthly threshold),Winter Habitat Compression Index over 43.5-48N,nan,nan,0.0,1.0
2026,2026,0.054390595210203674,0.005349106807859683,0.04904148840234399,0.059739702018063355,Habitat Area (fraction below monthly threshold),Winter Habitat Compression Index over 43.5-48N,nan,nan,0.0,1.0
1980,1980,0.20149285801675607,0.08831911911562752,0.11317373890112854,0.2898119771323836,Habitat Area (fraction below monthly threshold),Spring Habitat Compression Index over 43.5-48N,nan,nan,0.0,2.0
1981,1981,0.08008743526045149,0.04249327599063503,0.03759415926981646,0.12258071125108652,Habitat Area (fraction below monthly threshold),Spring Habitat Compression Index over 43.5-48N,nan,nan,0.0,2.0
1982,1982,0.7721773804643188,0.17015382998447318,0.6020235504798457,0.942331210448792,Habitat Area (fraction below monthly threshold),Spring Habitat Compression Index over 43.5-48N,nan,nan,0.0,2.0
1983,1983,0.019942820771803267,0.025968743920593503,-0.006025923148790236,0.04591156469239677,Habitat Area (fraction below monthly threshold),Spring Habitat Compression Index over 43.5-48N,nan,nan,0.0,2.0
1984,1984,0.5179215490878138,0.15411654952850248,0.36380499955931134,0.6720380986163164,Habitat Area (fraction below monthly threshold),Spring Habitat Compression Index over 43.5-48N,nan,nan,0.0,2.0
1985,1985,0.7514780919482239,0.17648733277395987,0.574990759174264,0.9279654247221838,Habitat Area (fraction below monthly threshold),Spring Habitat Compression Index over 43.5-48N,nan,nan,0.0,2.0
1986,1986,0.39519042790600056,0.11159821545591873,0.2835922124500818,0.5067886433619193,Habitat Area (fraction below monthly threshold),Spring Habitat Compression Index over 43.5-48N,nan,nan,0.0,2.0
1987,1987,0.3423888053997193,0.3531058440971413,-0.010717038697422021,0.6954946494968606,Habitat Area (fraction below monthly threshold),Spring Habitat Compression Index over 43.5-48N,nan,nan,0.0,2.0
1988,1988,0.640702988419337,0.15388128343830582,0.4868217049810312,0.7945842718576428,Habitat Area (fraction below monthly threshold),Spring Habitat Compression Index over 43.5-48N,nan,nan,0.0,2.0
1989,1989,0.3216755228801411,0.24193513348882356,0.07974038939131756,0.5636106563689647,Habitat Area (fraction below monthly threshold),Spring Habitat Compression Index over 43.5-48N,nan,nan,0.0,2.0
1990,1990,0.5213803924060625,0.02759103146973061,0.49378936093633186,0.5489714238757931,Habitat Area (fraction below monthly threshold),Spring Habitat Compression Index over 43.5-48N,nan,nan,0.0,2.0
1991,1991,0.9992682101414649,0.001034907142747369,0.9982333029987176,1.0003031172842123,Habitat Area (fraction below monthly threshold),Spring Habitat Compression Index over 43.5-48N,nan,nan,0.0,2.0
1992,1992,0.0476446513723216,0.06070103687943352,-0.013056385507111919,0.10834568825175511,Habitat Area (fraction below monthly threshold),Spring Habitat Compression Index over 43.5-48N,nan,nan,0.0,2.0
1993,1993,0.1635433333882982,0.15086644547447736,0.01267688791382085,0.31440977886277555,Habitat Area (fraction below monthly threshold),Spring Habitat Compression Index over 43.5-48N,nan,nan,0.0,2.0
1994,1994,0.14151647832756895,0.12795275974136233,0.013563718586206613,0.2694692380689313,Habitat Area (fraction below monthly threshold),Spring Habitat Compression Index over 43.5-48N,nan,nan,0.0,2.0
1995,1995,0.271288264059453,0.25092730126804474,0.020360962791408255,0.5222155653274978,Habitat Area (fraction below monthly threshold),Spring Habitat Compression Index over 43.5-48N,nan,nan,0.0,2.0
1996,1996,0.17640915899956164,0.05841795494389449,0.11799120405566715,0.23482711394345612,Habitat Area (fraction below monthly threshold),Spring Habitat Compression Index over 43.5-48N,nan,nan,0.0,2.0
1997,1997,0.09124957708438837,0.09881054231653126,-0.007560965232142891,0.19006011940091963,Habitat Area (fraction below monthly threshold),Spring Habitat Compression Index over 43.5-48N,nan,nan,0.0,2.0
1998,1998,0.09133867492589733,0.10450783760230366,-0.013169162676406332,0.19584651252820098,Habitat Area (fraction below monthly threshold),Spring Habitat Compression Index over 43.5-48N,nan,nan,0.0,2.0
1999,1999,0.9505495459688006,0.048936135011355734,0.9016134109574448,0.9994856809801563,Habitat Area (fraction below monthly threshold),Spring Habitat Compression Index over 43.5-48N,nan,nan,0.0,2.0
2000,2000,0.40435420155799634,0.20705485252622383,0.19729934903177251,0.6114090540842202,Habitat Area (fraction below monthly threshold),Spring Habitat Compression Index over 43.5-48N,nan,nan,0.0,2.0
2001,2001,0.8309450847949726,0.18827447757758264,0.64267060721739,1.0192195623725553,Habitat Area (fraction below monthly threshold),Spring Habitat Compression Index over 43.5-48N,nan,nan,0.0,2.0
2002,2002,0.842503576564145,0.1886934821206867,0.6538100944434583,1.0311970586848318,Habitat Area (fraction below monthly threshold),Spring Habitat Compression Index over 43.5-48N,nan,nan,0.0,2.0
2003,2003,0.2219824855068829,0.07223046736673183,0.14975201814015107,0.2942129528736147,Habitat Area (fraction below monthly threshold),Spring Habitat Compression Index over 43.5-48N,nan,nan,0.0,2.0
2004,2004,0.048468673089959335,0.0328197999592813,0.01564887313067804,0.08128847304924064,Habitat Area (fraction below monthly threshold),Spring Habitat Compression Index over 43.5-48N,nan,nan,0.0,2.0
2005,2005,0.07055701973700536,0.06682300949468484,0.0037340102423205207,0.13738002923169018,Habitat Area (fraction below monthly threshold),Spring Habitat Compression Index over 43.5-48N,nan,nan,0.0,2.0
2006,2006,0.2756140456364384,0.041755318850309954,0.23385872678612843,0.31736936448674835,Habitat Area (fraction below monthly threshold),Spring Habitat Compression Index over 43.5-48N,nan,nan,0.0,2.0
2007,2007,0.6966775190629182,0.1613966084591528,0.5352809106037654,0.858074127522071,Habitat Area (fraction below monthly threshold),Spring Habitat Compression Index over 43.5-48N,nan,nan,0.0,2.0
2008,2008,1.0,0.0,1.0,1.0,Habitat Area (fraction below monthly threshold),Spring Habitat Compression Index over 43.5-48N,nan,nan,0.0,2.0
2009,2009,0.7793839114727922,0.31199826447288076,0.4673856469999114,1.091382175945673,Habitat Area (fraction below monthly threshold),Spring Habitat Compression Index over 43.5-48N,nan,nan,0.0,2.0
2010,2010,0.7421703066661149,0.2350147144607687,0.5071555922053462,0.9771850211268837,Habitat Area (fraction below monthly threshold),Spring Habitat Compression Index over 43.5-48N,nan,nan,0.0,2.0
2011,2011,0.6539839744816752,0.26081909714234985,0.39316487733932537,0.9148030716240251,Habitat Area (fraction below monthly threshold),Spring Habitat Compression Index over 43.5-48N,nan,nan,0.0,2.0
2012,2012,0.7943594374078619,0.2236919427766189,0.5706674946312429,1.0180513801844808,Habitat Area (fraction below monthly threshold),Spring Habitat Compression Index over 43.5-48N,nan,nan,0.0,2.0
2013,2013,0.32924790317425573,0.15210145265306932,0.1771464505211864,0.4813493558273251,Habitat Area (fraction below monthly threshold),Spring Habitat Compression Index over 43.5-48N,nan,nan,0.0,2.0
2014,2014,0.1273925570329231,0.1151635669143398,0.012228990118583305,0.2425561239472629,Habitat Area (fraction below monthly threshold),Spring Habitat Compression Index over 43.5-48N,nan,nan,0.0,2.0
2015,2015,0.16727430320873612,0.17115917406373596,-0.0038848708549998334,0.3384334772724721,Habitat Area (fraction below monthly threshold),Spring Habitat Compression Index over 43.5-48N,nan,nan,0.0,2.0
2016,2016,0.061982024469518865,0.06728297297120851,-0.005300948501689648,0.1292649974407274,Habitat Area (fraction below monthly threshold),Spring Habitat Compression Index over 43.5-48N,nan,nan,0.0,2.0
2017,2017,0.12865124892693638,0.022154943074068057,0.10649630585286833,0.15080619200100445,Habitat Area (fraction below monthly threshold),Spring Habitat Compression Index over 43.5-48N,nan,nan,0.0,2.0
2018,2018,0.1426186981955542,0.07889721288428592,0.06372148531126828,0.22151591107984012,Habitat Area (fraction below monthly threshold),Spring Habitat Compression Index over 43.5-48N,nan,nan,0.0,2.0
2019,2019,0.22628751245800527,0.20345177173065512,0.022835740727350146,0.42973928418866036,Habitat Area (fraction below monthly threshold),Spring Habitat Compression Index over 43.5-48N,nan,nan,0.0,2.0
2020,2020,0.2016666480306788,0.14500635181999966,0.05666029621067914,0.34667299985067845,Habitat Area (fraction below monthly threshold),Spring Habitat Compression Index over 43.5-48N,nan,nan,0.0,2.0
2021,2021,0.4569315433958896,0.17153203925771268,0.28539950413817694,0.6284635826536022,Habitat Area (fraction below monthly threshold),Spring Habitat Compression Index over 43.5-48N,nan,nan,0.0,2.0
2022,2022,0.7621480911878109,0.10780154614984662,0.6543465450379643,0.8699496373376575,Habitat Area (fraction below monthly threshold),Spring Habitat Compression Index over 43.5-48N,nan,nan,0.0,2.0
2023,2023,0.5781603540355436,0.3592175604540998,0.21894279358144375,0.9373779144896434,Habitat Area (fraction below monthly threshold),Spring Habitat Compression Index over 43.5-48N,nan,nan,0.0,2.0
2024,2024,0.2662527578381791,0.22163649349754352,0.044616264340635564,0.4878892513357226,Habitat Area (fraction below monthly threshold),Spring Habitat Compression Index over 43.5-48N,nan,nan,0.0,2.0
2025,2025,0.1688453893675154,0.08801775445894175,0.08082763490857364,0.25686314382645714,Habitat Area (fraction below monthly threshold),Spring Habitat Compression Index over 43.5-48N,nan,nan,0.0,2.0
2026,2026,0.0492261853847078,0.010256356409064998,0.0389698289756428,0.0594825417937728,Habitat Area (fraction below monthly threshold),Spring Habitat Compression Index over 43.5-48N,nan,nan,0.0,2.0
1980,1980,0.3654185288714296,0.11371371952062438,0.25170480935080525,0.479132248392054,Habitat Area (fraction below monthly threshold),Summer Habitat Compression Index over 43.5-48N,nan,nan,0.0,3.0
1981,1981,0.24686667834219833,0.08004813144141966,0.16681854690077869,0.326914809783618,Habitat Area (fraction below monthly threshold),Summer Habitat Compression Index over 43.5-48N,nan,nan,0.0,3.0
1982,1982,0.1468486303321625,0.024601241013149554,0.12224738931901294,0.17144987134531206,Habitat Area (fraction below monthly threshold),Summer Habitat Compression Index over 43.5-48N,nan,nan,0.0,3.0
1983,1983,0.05352849443403387,0.029377505427098712,0.024150989006935155,0.08290599986113258,Habitat Area (fraction below monthly threshold),Summer Habitat Compression Index over 43.5-48N,nan,nan,0.0,3.0
1984,1984,0.16854641126032552,0.10650331197828647,0.06204309928203905,0.275049723238612,Habitat Area (fraction below monthly threshold),Summer Habitat Compression Index over 43.5-48N,nan,nan,0.0,3.0
1985,1985,0.3298290460230212,0.10005534945959599,0.22977369656342522,0.4298843954826172,Habitat Area (fraction below monthly threshold),Summer Habitat Compression Index over 43.5-48N,nan,nan,0.0,3.0
1986,1986,0.4599441231176738,0.17994652397612795,0.27999759914154587,0.6398906470938017,Habitat Area (fraction below monthly threshold),Summer Habitat Compression Index over 43.5-48N,nan,nan,0.0,3.0
1987,1987,0.4112184401138797,0.08255240817110994,0.3286660319427698,0.4937708482849896,Habitat Area (fraction below monthly threshold),Summer Habitat Compression Index over 43.5-48N,nan,nan,0.0,3.0
1988,1988,0.5052681847793744,0.18312237682805135,0.3221458079513231,0.6883905616074257,Habitat Area (fraction below monthly threshold),Summer Habitat Compression Index over 43.5-48N,nan,nan,0.0,3.0
1989,1989,0.21106185102542152,0.1544105893727363,0.05665126165268522,0.36547244039815785,Habitat Area (fraction below monthly threshold),Summer Habitat Compression Index over 43.5-48N,nan,nan,0.0,3.0
1990,1990,0.13822805077730402,0.06055336719988367,0.07767468357742036,0.19878141797718768,Habitat Area (fraction below monthly threshold),Summer Habitat Compression Index over 43.5-48N,nan,nan,0.0,3.0
1991,1991,0.218065917852834,0.0635977916212852,0.1544681262315488,0.28166370947411923,Habitat Area (fraction below monthly threshold),Summer Habitat Compression Index over 43.5-48N,nan,nan,0.0,3.0
1992,1992,0.24124250192498162,0.1608076923309343,0.08043480959404731,0.4020501942559159,Habitat Area (fraction below monthly threshold),Summer Habitat Compression Index over 43.5-48N,nan,nan,0.0,3.0
1993,1993,0.2301984541118535,0.1877997752305277,0.042398678881325785,0.4179982293423812,Habitat Area (fraction below monthly threshold),Summer Habitat Compression Index over 43.5-48N,nan,nan,0.0,3.0
1994,1994,0.13376738583527156,0.12020907486265565,0.013558310972615908,0.25397646069792723,Habitat Area (fraction below monthly threshold),Summer Habitat Compression Index over 43.5-48N,nan,nan,0.0,3.0
1995,1995,0.08813137476354173,0.04830415760069765,0.03982721716284408,0.1364355323642394,Habitat Area (fraction below monthly threshold),Summer Habitat Compression Index over 43.5-48N,nan,nan,0.0,3.0
1996,1996,0.2659311220809887,0.06637434101640817,0.19955678106458052,0.33230546309739684,Habitat Area (fraction below monthly threshold),Summer Habitat Compression Index over 43.5-48N,nan,nan,0.0,3.0
1997,1997,0.026134937351904964,0.01084972118702187,0.015285216164883094,0.03698465853892684,Habitat Area (fraction below monthly threshold),Summer Habitat Compression Index over 43.5-48N,nan,nan,0.0,3.0
1998,1998,0.14195424602408527,0.040203617235609744,0.10175062878847552,0.18215786325969502,Habitat Area (fraction below monthly threshold),Summer Habitat Compression Index over 43.5-48N,nan,nan,0.0,3.0
1999,1999,0.27799142399691257,0.13051252798504365,0.14747889601186892,0.4085039519819562,Habitat Area (fraction below monthly threshold),Summer Habitat Compression Index over 43.5-48N,nan,nan,0.0,3.0
2000,2000,0.27303313373823895,0.029669862219152885,0.24336327151908607,0.30270299595739186,Habitat Area (fraction below monthly threshold),Summer Habitat Compression Index over 43.5-48N,nan,nan,0.0,3.0
2001,2001,0.37432415344864167,0.06290073004609321,0.31142342340254847,0.4372248834947349,Habitat Area (fraction below monthly threshold),Summer Habitat Compression Index over 43.5-48N,nan,nan,0.0,3.0
2002,2002,0.38201442694367116,0.13171163762707488,0.2503027893165963,0.513726064570746,Habitat Area (fraction below monthly threshold),Summer Habitat Compression Index over 43.5-48N,nan,nan,0.0,3.0
2003,2003,0.281492694090881,0.06288130359080954,0.21861139050007147,0.3443739976816905,Habitat Area (fraction below monthly threshold),Summer Habitat Compression Index over 43.5-48N,nan,nan,0.0,3.0
2004,2004,0.1026799197459391,0.025995066295681057,0.07668485345025804,0.12867498604162014,Habitat Area (fraction below monthly threshold),Summer Habitat Compression Index over 43.5-48N,nan,nan,0.0,3.0
2005,2005,0.35307456902952766,0.17237512308157965,0.180699445947948,0.5254496921111074,Habitat Area (fraction below monthly threshold),Summer Habitat Compression Index over 43.5-48N,nan,nan,0.0,3.0
2006,2006,0.5062893976935788,0.12853078045454086,0.377758617239038,0.6348201781481198,Habitat Area (fraction below monthly threshold),Summer Habitat Compression Index over 43.5-48N,nan,nan,0.0,3.0
2007,2007,0.1738786899701752,0.15380138453175482,0.020077305438420373,0.32768007450193004,Habitat Area (fraction below monthly threshold),Summer Habitat Compression Index over 43.5-48N,nan,nan,0.0,3.0
2008,2008,0.5238383231415916,0.08314778513079718,0.44069053801079444,0.6069861082723889,Habitat Area (fraction below monthly threshold),Summer Habitat Compression Index over 43.5-48N,nan,nan,0.0,3.0
2009,2009,0.2950303307568813,0.11167499948083218,0.1833553312760491,0.4067053302377135,Habitat Area (fraction below monthly threshold),Summer Habitat Compression Index over 43.5-48N,nan,nan,0.0,3.0
2010,2010,0.6727216361599853,0.12589327641307402,0.5468283597469112,0.7986149125730593,Habitat Area (fraction below monthly threshold),Summer Habitat Compression Index over 43.5-48N,nan,nan,0.0,3.0
2011,2011,0.2718799491355571,0.07165810378399208,0.200221845351565,0.34353805291954914,Habitat Area (fraction below monthly threshold),Summer Habitat Compression Index over 43.5-48N,nan,nan,0.0,3.0
2012,2012,0.28777509542696805,0.11428816117211262,0.17348693425485545,0.40206325659908065,Habitat Area (fraction below monthly threshold),Summer Habitat Compression Index over 43.5-48N,nan,nan,0.0,3.0
2013,2013,0.20619566426533356,0.09665269269068386,0.1095429715746497,0.3028483569560174,Habitat Area (fraction below monthly threshold),Summer Habitat Compression Index over 43.5-48N,nan,nan,0.0,3.0
2014,2014,0.1811063699405944,0.04407528531434302,0.13703108462625138,0.2251816552549374,Habitat Area (fraction below monthly threshold),Summer Habitat Compression Index over 43.5-48N,nan,nan,0.0,3.0
2015,2015,0.16138283423749766,0.03414071112279419,0.12724212311470348,0.19552354536029184,Habitat Area (fraction below monthly threshold),Summer Habitat Compression Index over 43.5-48N,nan,nan,0.0,3.0
2016,2016,0.23295596985183484,0.09712822155237431,0.13582774829946054,0.33008419140420914,Habitat Area (fraction below monthly threshold),Summer Habitat Compression Index over 43.5-48N,nan,nan,0.0,3.0
2017,2017,0.30331624957783,0.04367945254125412,0.2596367970365759,0.3469957021190841,Habitat Area (fraction below monthly threshold),Summer Habitat Compression Index over 43.5-48N,nan,nan,0.0,3.0
2018,2018,0.24856565201559022,0.015622231238062414,0.2329434207775278,0.2641878832536526,Habitat Area (fraction below monthly threshold),Summer Habitat Compression Index over 43.5-48N,nan,nan,0.0,3.0
2019,2019,0.0732774942656485,0.03657655067422705,0.03670094359142145,0.10985404493987555,Habitat Area (fraction below monthly threshold),Summer Habitat Compression Index over 43.5-48N,nan,nan,0.0,3.0
2020,2020,0.3146298347157212,0.04353764656343629,0.2710921881522849,0.3581674812791575,Habitat Area (fraction below monthly threshold),Summer Habitat Compression Index over 43.5-48N,nan,nan,0.0,3.0
2021,2021,0.3239433094762682,0.026288090255189807,0.2976552192210784,0.350231399731458,Habitat Area (fraction below monthly threshold),Summer Habitat Compression Index over 43.5-48N,nan,nan,0.0,3.0
2022,2022,0.266852371380999,0.050504235481112804,0.2163481358998862,0.3173566068621118,Habitat Area (fraction below monthly threshold),Summer Habitat Compression Index over 43.5-48N,nan,nan,0.0,3.0
2023,2023,0.21738457118662766,0.032324711036626444,0.1850598601500012,0.24970928222325411,Habitat Area (fraction below monthly threshold),Summer Habitat Compression Index over 43.5-48N,nan,nan,0.0,3.0
2024,2024,0.2703280102853816,0.07756130341857316,0.19276670686680847,0.34788931370395476,Habitat Area (fraction below monthly threshold),Summer Habitat Compression Index over 43.5-48N,nan,nan,0.0,3.0
2025,2025,0.29721306255116087,0.09609875324230868,0.20111430930885218,0.3933118157934695,Habitat Area (fraction below monthly threshold),Summer Habitat Compression Index over 43.5-48N,nan,nan,0.0,3.0
1980,1980,0.0291355429785552,0.03667888967220369,-0.007543346693648489,0.06581443265075888,Habitat Area (fraction below monthly threshold),Fall Habitat Compression Index over 43.5-48N,nan,nan,0.0,4.0
1981,1981,0.06312249378198553,0.030754655461959973,0.03236783832002556,0.09387714924394551,Habitat Area (fraction below monthly threshold),Fall Habitat Compression Index over 43.5-48N,nan,nan,0.0,4.0
1982,1982,0.19256578620522832,0.11410883570208596,0.07845695050314236,0.3066746219073143,Habitat Area (fraction below monthly threshold),Fall Habitat Compression Index over 43.5-48N,nan,nan,0.0,4.0
1983,1983,0.20818231796591413,0.13115431120971124,0.07702800675620289,0.33933662917562535,Habitat Area (fraction below monthly threshold),Fall Habitat Compression Index over 43.5-48N,nan,nan,0.0,4.0
1984,1984,0.3332339040432931,0.17902158895351666,0.15421231508977645,0.5122554929968097,Habitat Area (fraction below monthly threshold),Fall Habitat Compression Index over 43.5-48N,nan,nan,0.0,4.0
1985,1985,0.86443218548595,0.19090299510837072,0.6735291903775793,1.0553351805943207,Habitat Area (fraction below monthly threshold),Fall Habitat Compression Index over 43.5-48N,nan,nan,0.0,4.0
1986,1986,0.33416203679229034,0.18719213505474674,0.1469699017375436,0.5213541718470371,Habitat Area (fraction below monthly threshold),Fall Habitat Compression Index over 43.5-48N,nan,nan,0.0,4.0
1987,1987,0.11702314341905183,0.05932060455620162,0.05770253886285021,0.17634374797525346,Habitat Area (fraction below monthly threshold),Fall Habitat Compression Index over 43.5-48N,nan,nan,0.0,4.0
1988,1988,0.2977830346303754,0.053409687810219576,0.24437334682015585,0.351192722440595,Habitat Area (fraction below monthly threshold),Fall Habitat Compression Index over 43.5-48N,nan,nan,0.0,4.0
1989,1989,0.3840778933352796,0.008529459814499938,0.37554843352077966,0.3926073531497795,Habitat Area (fraction below monthly threshold),Fall Habitat Compression Index over 43.5-48N,nan,nan,0.0,4.0
1990,1990,0.33348885599868255,0.18355773854257618,0.14993111745610638,0.5170465945412588,Habitat Area (fraction below monthly threshold),Fall Habitat Compression Index over 43.5-48N,nan,nan,0.0,4.0
1991,1991,0.3706967259261156,0.0909227776900126,0.27977394823610297,0.4616195036161282,Habitat Area (fraction below monthly threshold),Fall Habitat Compression Index over 43.5-48N,nan,nan,0.0,4.0
1992,1992,0.26781531075820975,0.11873463620857443,0.1490806745496353,0.3865499469667842,Habitat Area (fraction below monthly threshold),Fall Habitat Compression Index over 43.5-48N,nan,nan,0.0,4.0
1993,1993,0.4284199583118582,0.083600444342013,0.3448195139698452,0.5120204026538712,Habitat Area (fraction below monthly threshold),Fall Habitat Compression Index over 43.5-48N,nan,nan,0.0,4.0
1994,1994,0.6073748618380729,0.2859373989801414,0.32143746285793146,0.8933122608182142,Habitat Area (fraction below monthly threshold),Fall Habitat Compression Index over 43.5-48N,nan,nan,0.0,4.0
1995,1995,0.07617200515045996,0.0904327801904001,-0.014260775039940138,0.16660478534086007,Habitat Area (fraction below monthly threshold),Fall Habitat Compression Index over 43.5-48N,nan,nan,0.0,4.0
1996,1996,0.4146221245307536,0.12898135715163492,0.2856407673791187,0.5436034816823885,Habitat Area (fraction below monthly threshold),Fall Habitat Compression Index over 43.5-48N,nan,nan,0.0,4.0
1997,1997,0.0010860951383637669,0.0008938543419941968,0.0001922407963695701,0.0019799494803579634,Habitat Area (fraction below monthly threshold),Fall Habitat Compression Index over 43.5-48N,nan,nan,0.0,4.0
1998,1998,0.10766509339703467,0.10023596926874505,0.007429124128289624,0.20790106266577973,Habitat Area (fraction below monthly threshold),Fall Habitat Compression Index over 43.5-48N,nan,nan,0.0,4.0
1999,1999,0.3201716617129146,0.17668149692871452,0.1434901647842001,0.49685315864162916,Habitat Area (fraction below monthly threshold),Fall Habitat Compression Index over 43.5-48N,nan,nan,0.0,4.0
2000,2000,0.5968672128314382,0.15633810703352724,0.44052910579791094,0.7532053198649654,Habitat Area (fraction below monthly threshold),Fall Habitat Compression Index over 43.5-48N,nan,nan,0.0,4.0
2001,2001,0.6494315391935844,0.07259481992601029,0.5768367192675742,0.7220263591195947,Habitat Area (fraction below monthly threshold),Fall Habitat Compression Index over 43.5-48N,nan,nan,0.0,4.0
2002,2002,0.3437242868081742,0.2653990882838268,0.07832519852434738,0.609123375092001,Habitat Area (fraction below monthly threshold),Fall Habitat Compression Index over 43.5-48N,nan,nan,0.0,4.0
2003,2003,0.1510798224718364,0.04307902147241205,0.10800080099942436,0.19415884394424845,Habitat Area (fraction below monthly threshold),Fall Habitat Compression Index over 43.5-48N,nan,nan,0.0,4.0
2004,2004,0.26432407195756646,0.12829557210522183,0.13602849985234464,0.39261964406278826,Habitat Area (fraction below monthly threshold),Fall Habitat Compression Index over 43.5-48N,nan,nan,0.0,4.0
2005,2005,0.22185509228266012,0.05264271878392922,0.16921237349873092,0.2744978110665893,Habitat Area (fraction below monthly threshold),Fall Habitat Compression Index over 43.5-48N,nan,nan,0.0,4.0
2006,2006,0.637725421779465,0.07840844870951981,0.5593169730699452,0.7161338704889848,Habitat Area (fraction below monthly threshold),Fall Habitat Compression Index over 43.5-48N,nan,nan,0.0,4.0
2007,2007,0.8317607980796239,0.13330351483025307,0.6984572832493708,0.9650643129098769,Habitat Area (fraction below monthly threshold),Fall Habitat Compression Index over 43.5-48N,nan,nan,0.0,4.0
2008,2008,0.5028697221401212,0.04184562524016575,0.4610240968999554,0.5447153473802869,Habitat Area (fraction below monthly threshold),Fall Habitat Compression Index over 43.5-48N,nan,nan,0.0,4.0
2009,2009,0.5422206792057763,0.13820121765196114,0.4040194615538152,0.6804218968577375,Habitat Area (fraction below monthly threshold),Fall Habitat Compression Index over 43.5-48N,nan,nan,0.0,4.0
2010,2010,0.22418196856194925,0.08324775247286786,0.14093421608908138,0.30742972103481714,Habitat Area (fraction below monthly threshold),Fall Habitat Compression Index over 43.5-48N,nan,nan,0.0,4.0
2011,2011,0.4215622582536532,0.35243825418701336,0.06912400406663982,0.7740005124406666,Habitat Area (fraction below monthly threshold),Fall Habitat Compression Index over 43.5-48N,nan,nan,0.0,4.0
2012,2012,0.3015790295898203,0.17462126058780322,0.12695776900201708,0.47620029017762355,Habitat Area (fraction below monthly threshold),Fall Habitat Compression Index over 43.5-48N,nan,nan,0.0,4.0
2013,2013,0.4177358725221831,0.2924031052310155,0.1253327672911676,0.7101389777531986,Habitat Area (fraction below monthly threshold),Fall Habitat Compression Index over 43.5-48N,nan,nan,0.0,4.0
2014,2014,0.0,0.0,0.0,0.0,Habitat Area (fraction below monthly threshold),Fall Habitat Compression Index over 43.5-48N,nan,nan,0.0,4.0
2015,2015,0.006754119554577467,0.005613259711916232,0.0011408598426612343,0.0123673792664937,Habitat Area (fraction below monthly threshold),Fall Habitat Compression Index over 43.5-48N,nan,nan,0.0,4.0
2016,2016,0.0394569640904456,0.039985453414247946,-0.0005284893238023461,0.07944241750469355,Habitat Area (fraction below monthly threshold),Fall Habitat Compression Index over 43.5-48N,nan,nan,0.0,4.0
2017,2017,0.16029384660455293,0.07165812613816454,0.08863572046638839,0.23195197274271745,Habitat Area (fraction below monthly threshold),Fall Habitat Compression Index over 43.5-48N,nan,nan,0.0,4.0
2018,2018,0.0767047126963977,0.04486827051977254,0.03183644217662516,0.12157298321617024,Habitat Area (fraction below monthly threshold),Fall Habitat Compression Index over 43.5-48N,nan,nan,0.0,4.0
2019,2019,0.28604183238987174,0.13484078460225402,0.15120104778761773,0.42088261699212576,Habitat Area (fraction below monthly threshold),Fall Habitat Compression Index over 43.5-48N,nan,nan,0.0,4.0
2020,2020,0.2486337580538912,0.1586366694102847,0.0899970886436065,0.4072704274641759,Habitat Area (fraction below monthly threshold),Fall Habitat Compression Index over 43.5-48N,nan,nan,0.0,4.0
2021,2021,0.15073477649374956,0.012929709647918317,0.13780506684583124,0.16366448614166787,Habitat Area (fraction below monthly threshold),Fall Habitat Compression Index over 43.5-48N,nan,nan,0.0,4.0
2022,2022,0.4878303764548297,0.18088085209824092,0.30694952435658873,0.6687112285530706,Habitat Area (fraction below monthly threshold),Fall Habitat Compression Index over 43.5-48N,nan,nan,0.0,4.0
2023,2023,0.007839173548444767,0.005788212714796769,0.002050960833647998,0.013627386263241534,Habitat Area (fraction below monthly threshold),Fall Habitat Compression Index over 43.5-48N,nan,nan,0.0,4.0
2024,2024,0.11620405570728605,0.0853388819698001,0.030865173737485943,0.20154293767708614,Habitat Area (fraction below monthly threshold),Fall Habitat Compression Index over 43.5-48N,nan,nan,0.0,4.0
2025,2025,0.032122708872521534,0.03386496765641758,-0.0017422587838960488,0.06598767652893911,Habitat Area (fraction below monthly threshold),Fall Habitat Compression Index over 43.5-48N,nan,nan,0.0,4.0
1980,1980,0.10572312648979705,0.08163993742911545,0.024083189060681603,0.1873630639189125,Habitat Area (fraction below monthly threshold),Winter Habitat Compression Index over 40-43.5N,nan,nan,0.0,5.0
1981,1981,0.0,0.0,0.0,0.0,Habitat Area (fraction below monthly threshold),Winter Habitat Compression Index over 40-43.5N,nan,nan,0.0,5.0
1982,1982,0.6602090283551346,0.20007976083861936,0.4601292675165153,0.860288789193754,Habitat Area (fraction below monthly threshold),Winter Habitat Compression Index over 40-43.5N,nan,nan,0.0,5.0
1983,1983,0.06649184741098496,0.05385525511011922,0.012636592300865744,0.12034710252110417,Habitat Area (fraction below monthly threshold),Winter Habitat Compression Index over 40-43.5N,nan,nan,0.0,5.0
1984,1984,0.2549308368780559,0.2151837960920618,0.03974704078599409,0.4701146329701177,Habitat Area (fraction below monthly threshold),Winter Habitat Compression Index over 40-43.5N,nan,nan,0.0,5.0
1985,1985,0.773176032797942,0.31426418270369466,0.45891185009424734,1.0874402155016367,Habitat Area (fraction below monthly threshold),Winter Habitat Compression Index over 40-43.5N,nan,nan,0.0,5.0
1986,1986,0.3713775515606803,0.26375821606183497,0.10761933549884534,0.6351357676225153,Habitat Area (fraction below monthly threshold),Winter Habitat Compression Index over 40-43.5N,nan,nan,0.0,5.0
1987,1987,0.23257304047384508,0.17072815148078702,0.06184488899305807,0.4033011919546321,Habitat Area (fraction below monthly threshold),Winter Habitat Compression Index over 40-43.5N,nan,nan,0.0,5.0
1988,1988,0.8208404409127829,0.01703379495175607,0.8038066459610268,0.8378742358645389,Habitat Area (fraction below monthly threshold),Winter Habitat Compression Index over 40-43.5N,nan,nan,0.0,5.0
1989,1989,1.0,0.0,1.0,1.0,Habitat Area (fraction below monthly threshold),Winter Habitat Compression Index over 40-43.5N,nan,nan,0.0,5.0
1990,1990,0.9220836193908903,0.05714668335392358,0.8649369360369668,0.9792303027448139,Habitat Area (fraction below monthly threshold),Winter Habitat Compression Index over 40-43.5N,nan,nan,0.0,5.0
1991,1991,0.9465982965130421,0.0515988800110979,0.8949994165019441,0.99819717652414,Habitat Area (fraction below monthly threshold),Winter Habitat Compression Index over 40-43.5N,nan,nan,0.0,5.0
1992,1992,0.28489258324300676,0.2718960626880742,0.012996520554932556,0.5567886459310809,Habitat Area (fraction below monthly threshold),Winter Habitat Compression Index over 40-43.5N,nan,nan,0.0,5.0
1993,1993,0.4392908484014601,0.1992913184702,0.23999952993126009,0.6385821668716601,Habitat Area (fraction below monthly threshold),Winter Habitat Compression Index over 40-43.5N,nan,nan,0.0,5.0
1994,1994,0.2865021260278917,0.30070765699642854,-0.014205530968536828,0.5872097830243203,Habitat Area (fraction below monthly threshold),Winter Habitat Compression Index over 40-43.5N,nan,nan,0.0,5.0
1995,1995,0.48459409424599165,0.28443723341342275,0.2001568608325689,0.7690313276594144,Habitat Area (fraction below monthly threshold),Winter Habitat Compression Index over 40-43.5N,nan,nan,0.0,5.0
1996,1996,0.0162013485776194,0.02291216688720341,-0.006710818309584008,0.03911351546482281,Habitat Area (fraction below monthly threshold),Winter Habitat Compression Index over 40-43.5N,nan,nan,0.0,5.0
1997,1997,0.24304925338194397,0.10034228333855005,0.14270697004339392,0.34339153672049405,Habitat Area (fraction below monthly threshold),Winter Habitat Compression Index over 40-43.5N,nan,nan,0.0,5.0
1998,1998,0.0,0.0,0.0,0.0,Habitat Area (fraction below monthly threshold),Winter Habitat Compression Index over 40-43.5N,nan,nan,0.0,5.0
1999,1999,0.9861044264117559,0.009845811513312729,0.9762586148984431,0.9959502379250686,Habitat Area (fraction below monthly threshold),Winter Habitat Compression Index over 40-43.5N,nan,nan,0.0,5.0
2000,2000,0.61592618105666,0.1156429683600583,0.5002832126966017,0.7315691494167182,Habitat Area (fraction below monthly threshold),Winter Habitat Compression Index over 40-43.5N,nan,nan,0.0,5.0
2001,2001,0.8407293126777674,0.19792649152244646,0.642802821155321,1.0386558042002139,Habitat Area (fraction below monthly threshold),Winter Habitat Compression Index over 40-43.5N,nan,nan,0.0,5.0
2002,2002,0.9273099613114762,0.07258066797831038,0.8547292933331658,0.9998906292897867,Habitat Area (fraction below monthly threshold),Winter Habitat Compression Index over 40-43.5N,nan,nan,0.0,5.0
2003,2003,0.025927056100299068,0.01635164246449993,0.009575413635799137,0.042278698564799,Habitat Area (fraction below monthly threshold),Winter Habitat Compression Index over 40-43.5N,nan,nan,0.0,5.0
2004,2004,0.43987180025144895,0.2663002822323276,0.17357151801912135,0.7061720824837765,Habitat Area (fraction below monthly threshold),Winter Habitat Compression Index over 40-43.5N,nan,nan,0.0,5.0
2005,2005,0.3737813596160036,0.33708234629532424,0.036699013320679374,0.7108637059113279,Habitat Area (fraction below monthly threshold),Winter Habitat Compression Index over 40-43.5N,nan,nan,0.0,5.0
2006,2006,0.31915173435243477,0.11947787822042089,0.19967385613201388,0.43862961257285565,Habitat Area (fraction below monthly threshold),Winter Habitat Compression Index over 40-43.5N,nan,nan,0.0,5.0
2007,2007,0.9328318408111825,0.0376939560123789,0.8951378847988036,0.9705257968235614,Habitat Area (fraction below monthly threshold),Winter Habitat Compression Index over 40-43.5N,nan,nan,0.0,5.0
2008,2008,1.0,0.0,1.0,1.0,Habitat Area (fraction below monthly threshold),Winter Habitat Compression Index over 40-43.5N,nan,nan,0.0,5.0
2009,2009,0.9953681421372519,0.006550436208482681,0.9888177059287692,1.0019185783457345,Habitat Area (fraction below monthly threshold),Winter Habitat Compression Index over 40-43.5N,nan,nan,0.0,5.0
2010,2010,0.46435223144587673,0.31629019922585094,0.14806203222002579,0.7806424306717277,Habitat Area (fraction below monthly threshold),Winter Habitat Compression Index over 40-43.5N,nan,nan,0.0,5.0
2011,2011,0.8965163404138319,0.06279828435628067,0.8337180560575512,0.9593146247701125,Habitat Area (fraction below monthly threshold),Winter Habitat Compression Index over 40-43.5N,nan,nan,0.0,5.0
2012,2012,1.0,0.0,1.0,1.0,Habitat Area (fraction below monthly threshold),Winter Habitat Compression Index over 40-43.5N,nan,nan,0.0,5.0
2013,2013,0.9370168966749444,0.07843949631406495,0.8585774003608794,1.0154563929890092,Habitat Area (fraction below monthly threshold),Winter Habitat Compression Index over 40-43.5N,nan,nan,0.0,5.0
2014,2014,0.5248915881478845,0.3139882751993215,0.21090331294856302,0.838879863347206,Habitat Area (fraction below monthly threshold),Winter Habitat Compression Index over 40-43.5N,nan,nan,0.0,5.0
2015,2015,0.0,0.0,0.0,0.0,Habitat Area (fraction below monthly threshold),Winter Habitat Compression Index over 40-43.5N,nan,nan,0.0,5.0
2016,2016,0.0049238193096548,0.004235622202753671,0.0006881971069011292,0.00915944151240847,Habitat Area (fraction below monthly threshold),Winter Habitat Compression Index over 40-43.5N,nan,nan,0.0,5.0
2017,2017,0.3715387003250404,0.13500215794891712,0.23653654237612326,0.5065408582739575,Habitat Area (fraction below monthly threshold),Winter Habitat Compression Index over 40-43.5N,nan,nan,0.0,5.0
2018,2018,0.3785135621082976,0.26755349650020915,0.11096006560808847,0.6460670586085068,Habitat Area (fraction below monthly threshold),Winter Habitat Compression Index over 40-43.5N,nan,nan,0.0,5.0
2019,2019,0.0782027103647142,0.06727093765876037,0.01093177270595383,0.14547364802347457,Habitat Area (fraction below monthly threshold),Winter Habitat Compression Index over 40-43.5N,nan,nan,0.0,5.0
2020,2020,0.7121956742014951,0.2078382876850123,0.5043573865164828,0.9200339618865074,Habitat Area (fraction below monthly threshold),Winter Habitat Compression Index over 40-43.5N,nan,nan,0.0,5.0
2021,2021,0.6864224513130934,0.10530102874938231,0.5811214225637111,0.7917234800624757,Habitat Area (fraction below monthly threshold),Winter Habitat Compression Index over 40-43.5N,nan,nan,0.0,5.0
2022,2022,0.9058931810301712,0.07764748211723686,0.8282456989129344,0.9835406631474081,Habitat Area (fraction below monthly threshold),Winter Habitat Compression Index over 40-43.5N,nan,nan,0.0,5.0
2023,2023,0.8393562182717603,0.22391738125271865,0.6154388370190417,1.063273599524479,Habitat Area (fraction below monthly threshold),Winter Habitat Compression Index over 40-43.5N,nan,nan,0.0,5.0
2024,2024,0.013227826824152867,0.01870697209543961,-0.005479145271286743,0.03193479891959248,Habitat Area (fraction below monthly threshold),Winter Habitat Compression Index over 40-43.5N,nan,nan,0.0,5.0
2025,2025,0.5603458618122706,0.27216393670590916,0.2881819251063615,0.8325097985181797,Habitat Area (fraction below monthly threshold),Winter Habitat Compression Index over 40-43.5N,nan,nan,0.0,5.0
2026,2026,0.014059167495952965,0.008497308208744624,0.005561859287208341,0.02255647570469759,Habitat Area (fraction below monthly threshold),Winter Habitat Compression Index over 40-43.5N,nan,nan,0.0,5.0
1980,1980,0.1208900692749064,0.032271935753772976,0.08861813352113343,0.15316200502867938,Habitat Area (fraction below monthly threshold),Spring Habitat Compression Index over 40-43.5N,nan,nan,0.0,6.0
1981,1981,0.0910951804155572,0.04591241398800969,0.04518276642754751,0.13700759440356688,Habitat Area (fraction below monthly threshold),Spring Habitat Compression Index over 40-43.5N,nan,nan,0.0,6.0
1982,1982,0.8024361251016949,0.09092889560948672,0.7115072294922082,0.8933650207111816,Habitat Area (fraction below monthly threshold),Spring Habitat Compression Index over 40-43.5N,nan,nan,0.0,6.0
1983,1983,0.08111374326591621,0.0627225727226871,0.018391170543229113,0.1438363159886033,Habitat Area (fraction below monthly threshold),Spring Habitat Compression Index over 40-43.5N,nan,nan,0.0,6.0
1984,1984,0.3191487198331054,0.17617843816102724,0.14297028167207815,0.4953271579941326,Habitat Area (fraction below monthly threshold),Spring Habitat Compression Index over 40-43.5N,nan,nan,0.0,6.0
1985,1985,0.6365190999498913,0.27070302527904905,0.36581607467084226,0.9072221252289403,Habitat Area (fraction below monthly threshold),Spring Habitat Compression Index over 40-43.5N,nan,nan,0.0,6.0
1986,1986,0.28437055324663874,0.15161669982190004,0.1327538534247387,0.4359872530685388,Habitat Area (fraction below monthly threshold),Spring Habitat Compression Index over 40-43.5N,nan,nan,0.0,6.0
1987,1987,0.2756694395292552,0.16651417551020734,0.10915526401904788,0.4421836150394626,Habitat Area (fraction below monthly threshold),Spring Habitat Compression Index over 40-43.5N,nan,nan,0.0,6.0
1988,1988,0.3081471287086763,0.29784908605720467,0.010298042651471606,0.605996214765881,Habitat Area (fraction below monthly threshold),Spring Habitat Compression Index over 40-43.5N,nan,nan,0.0,6.0
1989,1989,0.40200447334871164,0.16351999450776097,0.23848447884095067,0.5655244678564726,Habitat Area (fraction below monthly threshold),Spring Habitat Compression Index over 40-43.5N,nan,nan,0.0,6.0
1990,1990,0.4423181181881554,0.31378877023923357,0.12852934794892185,0.7561068884273889,Habitat Area (fraction below monthly threshold),Spring Habitat Compression Index over 40-43.5N,nan,nan,0.0,6.0
1991,1991,0.9330729892056077,0.09464908635452027,0.8384239028510874,1.027722075560128,Habitat Area (fraction below monthly threshold),Spring Habitat Compression Index over 40-43.5N,nan,nan,0.0,6.0
1992,1992,0.030628559652259333,0.04331532445617852,-0.012686764803919188,0.07394388410843786,Habitat Area (fraction below monthly threshold),Spring Habitat Compression Index over 40-43.5N,nan,nan,0.0,6.0
1993,1993,0.06428390227033307,0.09091116643297162,-0.026627264162638553,0.15519506870330468,Habitat Area (fraction below monthly threshold),Spring Habitat Compression Index over 40-43.5N,nan,nan,0.0,6.0
1994,1994,0.09884456637360833,0.044646020297320156,0.05419854607628818,0.14349058667092848,Habitat Area (fraction below monthly threshold),Spring Habitat Compression Index over 40-43.5N,nan,nan,0.0,6.0
1995,1995,0.1762661342877676,0.058751517468610875,0.11751461681915673,0.23501765175637848,Habitat Area (fraction below monthly threshold),Spring Habitat Compression Index over 40-43.5N,nan,nan,0.0,6.0
1996,1996,0.13391933616433996,0.09519859460250875,0.03872074156183121,0.22911793076684872,Habitat Area (fraction below monthly threshold),Spring Habitat Compression Index over 40-43.5N,nan,nan,0.0,6.0
1997,1997,0.156409208327843,0.21901670500311293,-0.06260749667526994,0.37542591333095593,Habitat Area (fraction below monthly threshold),Spring Habitat Compression Index over 40-43.5N,nan,nan,0.0,6.0
1998,1998,0.08996827284133875,0.1007832671337446,-0.010814994292405844,0.19075153997508335,Habitat Area (fraction below monthly threshold),Spring Habitat Compression Index over 40-43.5N,nan,nan,0.0,6.0
1999,1999,0.8680485024869032,0.186607597358461,0.6814409051284422,1.0546560998453642,Habitat Area (fraction below monthly threshold),Spring Habitat Compression Index over 40-43.5N,nan,nan,0.0,6.0
2000,2000,0.1815903598662607,0.11914814034920161,0.0624422195170591,0.30073850021546233,Habitat Area (fraction below monthly threshold),Spring Habitat Compression Index over 40-43.5N,nan,nan,0.0,6.0
2001,2001,0.7501051708347767,0.20975125175613718,0.5403539190786395,0.9598564225909139,Habitat Area (fraction below monthly threshold),Spring Habitat Compression Index over 40-43.5N,nan,nan,0.0,6.0
2002,2002,0.8154428410020019,0.24589507931304455,0.5695477616889574,1.0613379203150464,Habitat Area (fraction below monthly threshold),Spring Habitat Compression Index over 40-43.5N,nan,nan,0.0,6.0
2003,2003,0.2729672287016282,0.12048703907702162,0.15248018962460658,0.39345426777864984,Habitat Area (fraction below monthly threshold),Spring Habitat Compression Index over 40-43.5N,nan,nan,0.0,6.0
2004,2004,0.09481704360480132,0.05569935327819133,0.03911769032660999,0.15051639688299265,Habitat Area (fraction below monthly threshold),Spring Habitat Compression Index over 40-43.5N,nan,nan,0.0,6.0
2005,2005,0.07621037168948676,0.0632884711234659,0.012921900566020855,0.13949884281295266,Habitat Area (fraction below monthly threshold),Spring Habitat Compression Index over 40-43.5N,nan,nan,0.0,6.0
2006,2006,0.41134184624466813,0.17647389214307302,0.2348679541015951,0.5878157383877411,Habitat Area (fraction below monthly threshold),Spring Habitat Compression Index over 40-43.5N,nan,nan,0.0,6.0
2007,2007,0.6852091442310267,0.1988979422704937,0.486311201960533,0.8841070865015205,Habitat Area (fraction below monthly threshold),Spring Habitat Compression Index over 40-43.5N,nan,nan,0.0,6.0
2008,2008,0.9251242639456224,0.10589028142076898,0.8192339825248535,1.0310145453663915,Habitat Area (fraction below monthly threshold),Spring Habitat Compression Index over 40-43.5N,nan,nan,0.0,6.0
2009,2009,0.7543198123939888,0.34417263364111467,0.41014717875287415,1.0984924460351035,Habitat Area (fraction below monthly threshold),Spring Habitat Compression Index over 40-43.5N,nan,nan,0.0,6.0
2010,2010,0.48719389661896306,0.1956276812263821,0.291566215392581,0.6828215778453451,Habitat Area (fraction below monthly threshold),Spring Habitat Compression Index over 40-43.5N,nan,nan,0.0,6.0
2011,2011,0.6626650594218492,0.2038689130496826,0.4587961463721666,0.8665339724715317,Habitat Area (fraction below monthly threshold),Spring Habitat Compression Index over 40-43.5N,nan,nan,0.0,6.0
2012,2012,0.76996735470598,0.1919982320265554,0.5779691226794246,0.9619655867325354,Habitat Area (fraction below monthly threshold),Spring Habitat Compression Index over 40-43.5N,nan,nan,0.0,6.0
2013,2013,0.5585680562438917,0.29016062557911304,0.2684074306647787,0.8487286818230048,Habitat Area (fraction below monthly threshold),Spring Habitat Compression Index over 40-43.5N,nan,nan,0.0,6.0
2014,2014,0.2852338887438805,0.14661814105162205,0.13861574769225846,0.4318520297955025,Habitat Area (fraction below monthly threshold),Spring Habitat Compression Index over 40-43.5N,nan,nan,0.0,6.0
2015,2015,0.29477442663275905,0.12687028225701177,0.16790414437574727,0.4216447088897708,Habitat Area (fraction below monthly threshold),Spring Habitat Compression Index over 40-43.5N,nan,nan,0.0,6.0
2016,2016,0.1557927321397499,0.10478785352463763,0.05100487861511227,0.2605805856643875,Habitat Area (fraction below monthly threshold),Spring Habitat Compression Index over 40-43.5N,nan,nan,0.0,6.0
2017,2017,0.2538682882719942,0.03130020705444343,0.22256808121755078,0.2851684953264376,Habitat Area (fraction below monthly threshold),Spring Habitat Compression Index over 40-43.5N,nan,nan,0.0,6.0
2018,2018,0.38310968328073364,0.08172901770939557,0.3013806655713381,0.4648387009901292,Habitat Area (fraction below monthly threshold),Spring Habitat Compression Index over 40-43.5N,nan,nan,0.0,6.0
2019,2019,0.4173209935721789,0.24770164329464017,0.16961935027753872,0.6650226368668191,Habitat Area (fraction below monthly threshold),Spring Habitat Compression Index over 40-43.5N,nan,nan,0.0,6.0
2020,2020,0.35744830176974807,0.2447717529974853,0.11267654877226277,0.6022200547672334,Habitat Area (fraction below monthly threshold),Spring Habitat Compression Index over 40-43.5N,nan,nan,0.0,6.0
2021,2021,0.7162038264333708,0.22190873434247235,0.4942950920908984,0.9381125607758432,Habitat Area (fraction below monthly threshold),Spring Habitat Compression Index over 40-43.5N,nan,nan,0.0,6.0
2022,2022,0.5827090228263349,0.283884264794924,0.29882475803141084,0.8665932876212589,Habitat Area (fraction below monthly threshold),Spring Habitat Compression Index over 40-43.5N,nan,nan,0.0,6.0
2023,2023,0.7413652147918093,0.2076402825325845,0.5337249322592248,0.9490054973243938,Habitat Area (fraction below monthly threshold),Spring Habitat Compression Index over 40-43.5N,nan,nan,0.0,6.0
2024,2024,0.39190855979208306,0.11944801917360379,0.27246054061847924,0.5113565789656869,Habitat Area (fraction below monthly threshold),Spring Habitat Compression Index over 40-43.5N,nan,nan,0.0,6.0
2025,2025,0.46122794308581644,0.03977559454624186,0.4214523485395746,0.5010035376320583,Habitat Area (fraction below monthly threshold),Spring Habitat Compression Index over 40-43.5N,nan,nan,0.0,6.0
2026,2026,0.17648133126272705,0.05541449559669856,0.1210668356660285,0.2318958268594256,Habitat Area (fraction below monthly threshold),Spring Habitat Compression Index over 40-43.5N,nan,nan,0.0,6.0
1980,1980,0.39461007131536574,0.24365730170340255,0.1509527696119632,0.6382673730187682,Habitat Area (fraction below monthly threshold),Summer Habitat Compression Index over 40-43.5N,nan,nan,0.0,7.0
1981,1981,0.24128170793683387,0.07113491374530909,0.17014679419152479,0.31241662168214296,Habitat Area (fraction below monthly threshold),Summer Habitat Compression Index over 40-43.5N,nan,nan,0.0,7.0
1982,1982,0.1522161419702992,0.02721737486206896,0.12499876710823024,0.17943351683236816,Habitat Area (fraction below monthly threshold),Summer Habitat Compression Index over 40-43.5N,nan,nan,0.0,7.0
1983,1983,0.0234807657579732,0.014497940016464027,0.008982825741509172,0.037978705774437224,Habitat Area (fraction below monthly threshold),Summer Habitat Compression Index over 40-43.5N,nan,nan,0.0,7.0
1984,1984,0.12906680767650036,0.10317743201732126,0.025889375659179106,0.23224423969382163,Habitat Area (fraction below monthly threshold),Summer Habitat Compression Index over 40-43.5N,nan,nan,0.0,7.0
1985,1985,0.2808561385509478,0.14094955815830612,0.1399065803926417,0.42180569670925394,Habitat Area (fraction below monthly threshold),Summer Habitat Compression Index over 40-43.5N,nan,nan,0.0,7.0
1986,1986,0.5833263559446987,0.21557370113238958,0.3677526548123091,0.7989000570770883,Habitat Area (fraction below monthly threshold),Summer Habitat Compression Index over 40-43.5N,nan,nan,0.0,7.0
1987,1987,0.46387963287860073,0.2174720793000371,0.24640755357856364,0.6813517121786379,Habitat Area (fraction below monthly threshold),Summer Habitat Compression Index over 40-43.5N,nan,nan,0.0,7.0
1988,1988,0.7427804536270456,0.22964014021672308,0.5131403134103225,0.9724205938437687,Habitat Area (fraction below monthly threshold),Summer Habitat Compression Index over 40-43.5N,nan,nan,0.0,7.0
1989,1989,0.34611310072687845,0.0995773594375964,0.24653574128928207,0.44569046016447483,Habitat Area (fraction below monthly threshold),Summer Habitat Compression Index over 40-43.5N,nan,nan,0.0,7.0
1990,1990,0.1334955210443779,0.11467090999611365,0.018824611048264245,0.24816643104049155,Habitat Area (fraction below monthly threshold),Summer Habitat Compression Index over 40-43.5N,nan,nan,0.0,7.0
1991,1991,0.3738818463496936,0.17293929493186508,0.20094255141782855,0.5468211412815587,Habitat Area (fraction below monthly threshold),Summer Habitat Compression Index over 40-43.5N,nan,nan,0.0,7.0
1992,1992,0.13217153613113,0.08682905056588851,0.045342485565241494,0.2190005866970185,Habitat Area (fraction below monthly threshold),Summer Habitat Compression Index over 40-43.5N,nan,nan,0.0,7.0
1993,1993,0.24084608327035814,0.12998599928218613,0.11086008398817201,0.3708320825525443,Habitat Area (fraction below monthly threshold),Summer Habitat Compression Index over 40-43.5N,nan,nan,0.0,7.0
1994,1994,0.12316206323164913,0.16024059519503117,-0.03707853196338204,0.28340265842668033,Habitat Area (fraction below monthly threshold),Summer Habitat Compression Index over 40-43.5N,nan,nan,0.0,7.0
1995,1995,0.022037115444524667,0.028004594129865373,-0.005967478685340706,0.05004170957439004,Habitat Area (fraction below monthly threshold),Summer Habitat Compression Index over 40-43.5N,nan,nan,0.0,7.0
1996,1996,0.30102797485577504,0.11841154656540158,0.18261642829037344,0.41943952142117663,Habitat Area (fraction below monthly threshold),Summer Habitat Compression Index over 40-43.5N,nan,nan,0.0,7.0
1997,1997,0.013753524119912567,0.019450420340805838,-0.005696896220893271,0.03320394446071841,Habitat Area (fraction below monthly threshold),Summer Habitat Compression Index over 40-43.5N,nan,nan,0.0,7.0
1998,1998,0.3179749741157565,0.086846509353075,0.23112846476268148,0.4048214834688315,Habitat Area (fraction below monthly threshold),Summer Habitat Compression Index over 40-43.5N,nan,nan,0.0,7.0
1999,1999,0.2397324637855097,0.15817112133060984,0.08156134245489985,0.39790358511611956,Habitat Area (fraction below monthly threshold),Summer Habitat Compression Index over 40-43.5N,nan,nan,0.0,7.0
2000,2000,0.3192629866981571,0.037636073764282796,0.2816269129338743,0.3568990604624399,Habitat Area (fraction below monthly threshold),Summer Habitat Compression Index over 40-43.5N,nan,nan,0.0,7.0
2001,2001,0.48639941013760374,0.05080145610539424,0.4355979540322095,0.537200866242998,Habitat Area (fraction below monthly threshold),Summer Habitat Compression Index over 40-43.5N,nan,nan,0.0,7.0
2002,2002,0.4575760885530948,0.18173633618106103,0.27583975237203373,0.6393124247341558,Habitat Area (fraction below monthly threshold),Summer Habitat Compression Index over 40-43.5N,nan,nan,0.0,7.0
2003,2003,0.1987703216395483,0.08537664889471265,0.11339367274483565,0.28414697053426097,Habitat Area (fraction below monthly threshold),Summer Habitat Compression Index over 40-43.5N,nan,nan,0.0,7.0
2004,2004,0.1598117331151755,0.03552333799470166,0.12428839512047382,0.19533507110987716,Habitat Area (fraction below monthly threshold),Summer Habitat Compression Index over 40-43.5N,nan,nan,0.0,7.0
2005,2005,0.5509687009158263,0.24552697383241004,0.3054417270834162,0.7964956747482363,Habitat Area (fraction below monthly threshold),Summer Habitat Compression Index over 40-43.5N,nan,nan,0.0,7.0
2006,2006,0.5378393581865658,0.18137040772323584,0.35646895046332994,0.7192097659098017,Habitat Area (fraction below monthly threshold),Summer Habitat Compression Index over 40-43.5N,nan,nan,0.0,7.0
2007,2007,0.15032235757381393,0.08807340332184223,0.0622489542519717,0.23839576089565617,Habitat Area (fraction below monthly threshold),Summer Habitat Compression Index over 40-43.5N,nan,nan,0.0,7.0
2008,2008,0.5157794385094491,0.16785216949405654,0.3479272690153925,0.6836316080035056,Habitat Area (fraction below monthly threshold),Summer Habitat Compression Index over 40-43.5N,nan,nan,0.0,7.0
2009,2009,0.27038535426569704,0.09081714939773343,0.1795682048679636,0.3612025036634305,Habitat Area (fraction below monthly threshold),Summer Habitat Compression Index over 40-43.5N,nan,nan,0.0,7.0
2010,2010,0.6317223403354845,0.1266185030621988,0.5051038372732857,0.7583408433976833,Habitat Area (fraction below monthly threshold),Summer Habitat Compression Index over 40-43.5N,nan,nan,0.0,7.0
2011,2011,0.43118396074319404,0.04843335518868031,0.38275060555451373,0.47961731593187434,Habitat Area (fraction below monthly threshold),Summer Habitat Compression Index over 40-43.5N,nan,nan,0.0,7.0
2012,2012,0.4824643613850241,0.07436858211277361,0.4080957792722505,0.5568329434977977,Habitat Area (fraction below monthly threshold),Summer Habitat Compression Index over 40-43.5N,nan,nan,0.0,7.0
2013,2013,0.27478544372772234,0.1516124445317987,0.12317299919592364,0.4263978882595211,Habitat Area (fraction below monthly threshold),Summer Habitat Compression Index over 40-43.5N,nan,nan,0.0,7.0
2014,2014,0.25463176920778335,0.04192389947545075,0.2127078697323326,0.29655566868323413,Habitat Area (fraction below monthly threshold),Summer Habitat Compression Index over 40-43.5N,nan,nan,0.0,7.0
2015,2015,0.13204067213570753,0.009733095989270961,0.12230757614643656,0.1417737681249785,Habitat Area (fraction below monthly threshold),Summer Habitat Compression Index over 40-43.5N,nan,nan,0.0,7.0
2016,2016,0.46051138985194356,0.11036808895396769,0.35014330089797585,0.5708794788059113,Habitat Area (fraction below monthly threshold),Summer Habitat Compression Index over 40-43.5N,nan,nan,0.0,7.0
2017,2017,0.3418826568545415,0.030517815603111547,0.31136484125142994,0.37240047245765306,Habitat Area (fraction below monthly threshold),Summer Habitat Compression Index over 40-43.5N,nan,nan,0.0,7.0
2018,2018,0.4068797282946275,0.023267143804954645,0.38361258448967284,0.43014687209958213,Habitat Area (fraction below monthly threshold),Summer Habitat Compression Index over 40-43.5N,nan,nan,0.0,7.0
2019,2019,0.1921778704749075,0.07712761079618607,0.11505025967872143,0.26930548127109355,Habitat Area (fraction below monthly threshold),Summer Habitat Compression Index over 40-43.5N,nan,nan,0.0,7.0
2020,2020,0.3964966705537492,0.08205660161927186,0.31444006893447735,0.47855327217302107,Habitat Area (fraction below monthly threshold),Summer Habitat Compression Index over 40-43.5N,nan,nan,0.0,7.0
2021,2021,0.5466956690295854,0.0932585808514781,0.45343708817810735,0.6399542498810635,Habitat Area (fraction below monthly threshold),Summer Habitat Compression Index over 40-43.5N,nan,nan,0.0,7.0
2022,2022,0.32785533512613624,0.055062499068737315,0.2727928360573989,0.3829178341948736,Habitat Area (fraction below monthly threshold),Summer Habitat Compression Index over 40-43.5N,nan,nan,0.0,7.0
2023,2023,0.37555954792676566,0.15078637488091798,0.22477317304584768,0.5263459228076837,Habitat Area (fraction below monthly threshold),Summer Habitat Compression Index over 40-43.5N,nan,nan,0.0,7.0
2024,2024,0.3729382563139028,0.06066745255113892,0.3122708037627639,0.43360570886504174,Habitat Area (fraction below monthly threshold),Summer Habitat Compression Index over 40-43.5N,nan,nan,0.0,7.0
2025,2025,0.247905325668436,0.02268636118163422,0.2252189644868018,0.27059168685007023,Habitat Area (fraction below monthly threshold),Summer Habitat Compression Index over 40-43.5N,nan,nan,0.0,7.0
1980,1980,0.03717783622005524,0.05257740020208779,-0.01539956398203255,0.08975523642214303,Habitat Area (fraction below monthly threshold),Fall Habitat Compression Index over 40-43.5N,nan,nan,0.0,8.0
1981,1981,0.17104092000250137,0.12895979005259245,0.042081129949908924,0.3000007100550938,Habitat Area (fraction below monthly threshold),Fall Habitat Compression Index over 40-43.5N,nan,nan,0.0,8.0
1982,1982,0.06906829598823577,0.04637921583810271,0.022689080150133066,0.11544751182633847,Habitat Area (fraction below monthly threshold),Fall Habitat Compression Index over 40-43.5N,nan,nan,0.0,8.0
1983,1983,0.1121306463651388,0.023525526659520724,0.08860511970561807,0.13565617302465952,Habitat Area (fraction below monthly threshold),Fall Habitat Compression Index over 40-43.5N,nan,nan,0.0,8.0
1984,1984,0.18044960899494625,0.16132392629494094,0.01912568270000531,0.3417735352898872,Habitat Area (fraction below monthly threshold),Fall Habitat Compression Index over 40-43.5N,nan,nan,0.0,8.0
1985,1985,0.8203106428244343,0.1715246146127894,0.6487860282116449,0.9918352574372238,Habitat Area (fraction below monthly threshold),Fall Habitat Compression Index over 40-43.5N,nan,nan,0.0,8.0
1986,1986,0.40316830785949614,0.16294961950255762,0.24021868835693852,0.5661179273620538,Habitat Area (fraction below monthly threshold),Fall Habitat Compression Index over 40-43.5N,nan,nan,0.0,8.0
1987,1987,0.23142102250003363,0.1447455298649207,0.08667549263511293,0.37616655236495433,Habitat Area (fraction below monthly threshold),Fall Habitat Compression Index over 40-43.5N,nan,nan,0.0,8.0
1988,1988,0.7136415226139933,0.12679486583485983,0.5868466567791335,0.840436388448853,Habitat Area (fraction below monthly threshold),Fall Habitat Compression Index over 40-43.5N,nan,nan,0.0,8.0
1989,1989,0.464097022298464,0.05418082509130719,0.40991619720715683,0.5182778473897712,Habitat Area (fraction below monthly threshold),Fall Habitat Compression Index over 40-43.5N,nan,nan,0.0,8.0
1990,1990,0.3738209816416835,0.2428754972960836,0.13094548434559988,0.6166964789377671,Habitat Area (fraction below monthly threshold),Fall Habitat Compression Index over 40-43.5N,nan,nan,0.0,8.0
1991,1991,0.5860238854865453,0.21464609814465904,0.3713777873418862,0.8006699836312043,Habitat Area (fraction below monthly threshold),Fall Habitat Compression Index over 40-43.5N,nan,nan,0.0,8.0
1992,1992,0.21389159678471356,0.13604172801254152,0.07784986877217204,0.3499333247972551,Habitat Area (fraction below monthly threshold),Fall Habitat Compression Index over 40-43.5N,nan,nan,0.0,8.0
1993,1993,0.577935338555566,0.27106079016090123,0.30687454839466477,0.8489961287164672,Habitat Area (fraction below monthly threshold),Fall Habitat Compression Index over 40-43.5N,nan,nan,0.0,8.0
1994,1994,0.6816564707857378,0.31726738633995843,0.36438908444577933,0.9989238571256962,Habitat Area (fraction below monthly threshold),Fall Habitat Compression Index over 40-43.5N,nan,nan,0.0,8.0
1995,1995,0.05786174094280407,0.08182885878383211,-0.023967117841028042,0.1396905997266362,Habitat Area (fraction below monthly threshold),Fall Habitat Compression Index over 40-43.5N,nan,nan,0.0,8.0
1996,1996,0.4449342342263705,0.17829472237261823,0.2666395118537523,0.6232289565989888,Habitat Area (fraction below monthly threshold),Fall Habitat Compression Index over 40-43.5N,nan,nan,0.0,8.0
1997,1997,0.0,0.0,0.0,0.0,Habitat Area (fraction below monthly threshold),Fall Habitat Compression Index over 40-43.5N,nan,nan,0.0,8.0
1998,1998,0.4988281438638939,0.2926693889311237,0.2061587549327702,0.7914975327950176,Habitat Area (fraction below monthly threshold),Fall Habitat Compression Index over 40-43.5N,nan,nan,0.0,8.0
1999,1999,0.7625462248578723,0.06269685050099254,0.6998493743568798,0.8252430753588648,Habitat Area (fraction below monthly threshold),Fall Habitat Compression Index over 40-43.5N,nan,nan,0.0,8.0
2000,2000,0.5898465622096568,0.17962209834953152,0.4102244638601253,0.7694686605591883,Habitat Area (fraction below monthly threshold),Fall Habitat Compression Index over 40-43.5N,nan,nan,0.0,8.0
2001,2001,0.6932114864734418,0.1769284625601511,0.5162830239132907,0.8701399490335928,Habitat Area (fraction below monthly threshold),Fall Habitat Compression Index over 40-43.5N,nan,nan,0.0,8.0
2002,2002,0.4519807569494263,0.36157407998537183,0.09040667696405447,0.8135548369347981,Habitat Area (fraction below monthly threshold),Fall Habitat Compression Index over 40-43.5N,nan,nan,0.0,8.0
2003,2003,0.38751856483036695,0.17960744563220088,0.20791111919816607,0.5671260104625678,Habitat Area (fraction below monthly threshold),Fall Habitat Compression Index over 40-43.5N,nan,nan,0.0,8.0
2004,2004,0.6058146184910808,0.3128218208293567,0.29299279766172404,0.9186364393204375,Habitat Area (fraction below monthly threshold),Fall Habitat Compression Index over 40-43.5N,nan,nan,0.0,8.0
2005,2005,0.6971395427755328,0.08581369718862093,0.6113258455869118,0.7829532399641538,Habitat Area (fraction below monthly threshold),Fall Habitat Compression Index over 40-43.5N,nan,nan,0.0,8.0
2006,2006,0.6858348820124465,0.023837308684144225,0.6619975733283022,0.7096721906965907,Habitat Area (fraction below monthly threshold),Fall Habitat Compression Index over 40-43.5N,nan,nan,0.0,8.0
2007,2007,0.765581682128186,0.2962336315899206,0.4693480505382654,1.0618153137181066,Habitat Area (fraction below monthly threshold),Fall Habitat Compression Index over 40-43.5N,nan,nan,0.0,8.0
2008,2008,0.656988841170035,0.15276633356952188,0.5042225076005131,0.8097551747395568,Habitat Area (fraction below monthly threshold),Fall Habitat Compression Index over 40-43.5N,nan,nan,0.0,8.0
2009,2009,0.5312127462938993,0.26865095698689,0.26256178930700924,0.7998637032807893,Habitat Area (fraction below monthly threshold),Fall Habitat Compression Index over 40-43.5N,nan,nan,0.0,8.0
2010,2010,0.6220640280913875,0.14778717085550283,0.47427685723588464,0.7698511989468904,Habitat Area (fraction below monthly threshold),Fall Habitat Compression Index over 40-43.5N,nan,nan,0.0,8.0
2011,2011,0.6124294944825883,0.34369390534702854,0.2687355891355598,0.9561233998296168,Habitat Area (fraction below monthly threshold),Fall Habitat Compression Index over 40-43.5N,nan,nan,0.0,8.0
2012,2012,0.3455536075563477,0.21339675562648847,0.1321568519298592,0.5589503631828361,Habitat Area (fraction below monthly threshold),Fall Habitat Compression Index over 40-43.5N,nan,nan,0.0,8.0
2013,2013,0.5755043724004146,0.23548381443315947,0.34002055796725517,0.8109881868335741,Habitat Area (fraction below monthly threshold),Fall Habitat Compression Index over 40-43.5N,nan,nan,0.0,8.0
2014,2014,0.0004995103450043334,0.000706414304450792,-0.00020690395944645862,0.0012059246494551252,Habitat Area (fraction below monthly threshold),Fall Habitat Compression Index over 40-43.5N,nan,nan,0.0,8.0
2015,2015,0.019581732260136334,0.02057388806855158,-0.000992155808415246,0.04015562032868791,Habitat Area (fraction below monthly threshold),Fall Habitat Compression Index over 40-43.5N,nan,nan,0.0,8.0
2016,2016,0.03437255069357074,0.04861012736420447,-0.014237576670633731,0.0829826780577752,Habitat Area (fraction below monthly threshold),Fall Habitat Compression Index over 40-43.5N,nan,nan,0.0,8.0
2017,2017,0.2233454273060078,0.11683118639620248,0.10651424090980531,0.34017661370221025,Habitat Area (fraction below monthly threshold),Fall Habitat Compression Index over 40-43.5N,nan,nan,0.0,8.0
2018,2018,0.18746357745269293,0.12776509013121412,0.05969848732147881,0.31522866758390705,Habitat Area (fraction below monthly threshold),Fall Habitat Compression Index over 40-43.5N,nan,nan,0.0,8.0
2019,2019,0.6151517571456234,0.13371689015005908,0.48143486699556437,0.7488686472956825,Habitat Area (fraction below monthly threshold),Fall Habitat Compression Index over 40-43.5N,nan,nan,0.0,8.0
2020,2020,0.5773098600754115,0.26203098093607335,0.31527887913933816,0.8393408410114849,Habitat Area (fraction below monthly threshold),Fall Habitat Compression Index over 40-43.5N,nan,nan,0.0,8.0
2021,2021,0.3759282052532993,0.08199739720809984,0.29393080804519944,0.45792560246139913,Habitat Area (fraction below monthly threshold),Fall Habitat Compression Index over 40-43.5N,nan,nan,0.0,8.0
2022,2022,0.5329655557881033,0.18113681424734576,0.3518287415407576,0.7141023700354491,Habitat Area (fraction below monthly threshold),Fall Habitat Compression Index over 40-43.5N,nan,nan,0.0,8.0
2023,2023,0.0825626364694509,0.09004152965383276,-0.007478893184381857,0.17260416612328366,Habitat Area (fraction below monthly threshold),Fall Habitat Compression Index over 40-43.5N,nan,nan,0.0,8.0
2024,2024,0.4431531020867017,0.05442505289345311,0.3887280491932486,0.49757815498015484,Habitat Area (fraction below monthly threshold),Fall Habitat Compression Index over 40-43.5N,nan,nan,0.0,8.0
2025,2025,0.08014484517396515,0.07776214456078456,0.002382700613180591,0.1579069897347497,Habitat Area (fraction below monthly threshold),Fall Habitat Compression Index over 40-43.5N,nan,nan,0.0,8.0
1980,1980,0.0880908140738611,0.09481113545747019,-0.00672032138360909,0.1829019495313313,Habitat Area (fraction below monthly threshold),Winter Habitat Compression Index over 35.5-40N,nan,nan,0.0,9.0
1981,1981,0.0110435602121153,0.015617952628857354,-0.004574392416742054,0.026661512840972654,Habitat Area (fraction below monthly threshold),Winter Habitat Compression Index over 35.5-40N,nan,nan,0.0,9.0
1982,1982,0.6072609260775457,0.23940389394345887,0.3678570321340868,0.8466648200210045,Habitat Area (fraction below monthly threshold),Winter Habitat Compression Index over 35.5-40N,nan,nan,0.0,9.0
1983,1983,0.08782786651466802,0.06763623403657405,0.020191632478093968,0.15546410055124207,Habitat Area (fraction below monthly threshold),Winter Habitat Compression Index over 35.5-40N,nan,nan,0.0,9.0
1984,1984,0.18339371808536697,0.07674988804880346,0.10664383003656351,0.2601436061341704,Habitat Area (fraction below monthly threshold),Winter Habitat Compression Index over 35.5-40N,nan,nan,0.0,9.0
1985,1985,0.7661288245952429,0.15305371782608748,0.6130751067691554,0.9191825424213304,Habitat Area (fraction below monthly threshold),Winter Habitat Compression Index over 35.5-40N,nan,nan,0.0,9.0
1986,1986,0.27932583017506374,0.23274416922099023,0.04658166095407351,0.512069999396054,Habitat Area (fraction below monthly threshold),Winter Habitat Compression Index over 35.5-40N,nan,nan,0.0,9.0
1987,1987,0.24971559333672808,0.09689187914283692,0.15282371419389115,0.346607472479565,Habitat Area (fraction below monthly threshold),Winter Habitat Compression Index over 35.5-40N,nan,nan,0.0,9.0
1988,1988,0.7327007449350483,0.13062403850461368,0.6020767064304346,0.863324783439662,Habitat Area (fraction below monthly threshold),Winter Habitat Compression Index over 35.5-40N,nan,nan,0.0,9.0
1989,1989,0.9596857966758182,0.057012893097324394,0.9026729035784938,1.0166986897731427,Habitat Area (fraction below monthly threshold),Winter Habitat Compression Index over 35.5-40N,nan,nan,0.0,9.0
1990,1990,0.8027994350687564,0.15911511344877433,0.6436843216199821,0.9619145485175307,Habitat Area (fraction below monthly threshold),Winter Habitat Compression Index over 35.5-40N,nan,nan,0.0,9.0
1991,1991,0.8386357865985974,0.10302206940142468,0.7356137171971727,0.941657856000022,Habitat Area (fraction below monthly threshold),Winter Habitat Compression Index over 35.5-40N,nan,nan,0.0,9.0
1992,1992,0.2189791680459923,0.30818852879924663,-0.08920936075325434,0.5271676968452389,Habitat Area (fraction below monthly threshold),Winter Habitat Compression Index over 35.5-40N,nan,nan,0.0,9.0
1993,1993,0.2791683568294469,0.22934982248258923,0.04981853434685768,0.5085181793120361,Habitat Area (fraction below monthly threshold),Winter Habitat Compression Index over 35.5-40N,nan,nan,0.0,9.0
1994,1994,0.13493591430859206,0.10371172897554454,0.03122418533304752,0.2386476432841366,Habitat Area (fraction below monthly threshold),Winter Habitat Compression Index over 35.5-40N,nan,nan,0.0,9.0
1995,1995,0.2763521820535126,0.3532121209309113,-0.07685993887739873,0.6295643029844239,Habitat Area (fraction below monthly threshold),Winter Habitat Compression Index over 35.5-40N,nan,nan,0.0,9.0
1996,1996,0.016785754061268667,0.01220581598088424,0.004579938080384427,0.028991570042152907,Habitat Area (fraction below monthly threshold),Winter Habitat Compression Index over 35.5-40N,nan,nan,0.0,9.0
1997,1997,0.40275218523394923,0.1591240768672735,0.24362810836667573,0.5618762621012228,Habitat Area (fraction below monthly threshold),Winter Habitat Compression Index over 35.5-40N,nan,nan,0.0,9.0
1998,1998,0.0,0.0,0.0,0.0,Habitat Area (fraction below monthly threshold),Winter Habitat Compression Index over 35.5-40N,nan,nan,0.0,9.0
1999,1999,0.9873136013823304,0.0073025384947672,0.9800110628875631,0.9946161398770976,Habitat Area (fraction below monthly threshold),Winter Habitat Compression Index over 35.5-40N,nan,nan,0.0,9.0
2000,2000,0.6661114948283774,0.28507666766157486,0.38103482716680254,0.9511881624899523,Habitat Area (fraction below monthly threshold),Winter Habitat Compression Index over 35.5-40N,nan,nan,0.0,9.0
2001,2001,0.8487378076954156,0.1336467963202675,0.7150910113751481,0.9823846040156832,Habitat Area (fraction below monthly threshold),Winter Habitat Compression Index over 35.5-40N,nan,nan,0.0,9.0
2002,2002,0.8743693480139498,0.1215520581351729,0.7528172898787769,0.9959214061491227,Habitat Area (fraction below monthly threshold),Winter Habitat Compression Index over 35.5-40N,nan,nan,0.0,9.0
2003,2003,0.10375153809259263,0.12946659076604553,-0.025715052673452893,0.23321812885863816,Habitat Area (fraction below monthly threshold),Winter Habitat Compression Index over 35.5-40N,nan,nan,0.0,9.0
2004,2004,0.520218950932887,0.13449313442099708,0.38572581651188986,0.654712085353884,Habitat Area (fraction below monthly threshold),Winter Habitat Compression Index over 35.5-40N,nan,nan,0.0,9.0
2005,2005,0.2350123912311953,0.1917449156459772,0.043267475585218096,0.4267573068771725,Habitat Area (fraction below monthly threshold),Winter Habitat Compression Index over 35.5-40N,nan,nan,0.0,9.0
2006,2006,0.3325871942518666,0.2558137732090976,0.07677342104276902,0.5884009674609643,Habitat Area (fraction below monthly threshold),Winter Habitat Compression Index over 35.5-40N,nan,nan,0.0,9.0
2007,2007,0.8603851599577675,0.09620636794140146,0.7641787920163661,0.956591527899169,Habitat Area (fraction below monthly threshold),Winter Habitat Compression Index over 35.5-40N,nan,nan,0.0,9.0
2008,2008,1.0,0.0,1.0,1.0,Habitat Area (fraction below monthly threshold),Winter Habitat Compression Index over 35.5-40N,nan,nan,0.0,9.0
2009,2009,0.8888995609780496,0.08670118253900862,0.802198378439041,0.9756007435170582,Habitat Area (fraction below monthly threshold),Winter Habitat Compression Index over 35.5-40N,nan,nan,0.0,9.0
2010,2010,0.4472395827675404,0.1066210956481385,0.3406184871194019,0.5538606784156789,Habitat Area (fraction below monthly threshold),Winter Habitat Compression Index over 35.5-40N,nan,nan,0.0,9.0
2011,2011,0.8092747177623202,0.08421219559787955,0.7250625221644407,0.8934869133601997,Habitat Area (fraction below monthly threshold),Winter Habitat Compression Index over 35.5-40N,nan,nan,0.0,9.0
2012,2012,0.9607243859762028,0.019245336715704355,0.9414790492604984,0.9799697226919072,Habitat Area (fraction below monthly threshold),Winter Habitat Compression Index over 35.5-40N,nan,nan,0.0,9.0
2013,2013,0.9342824306597536,0.05851632033349481,0.8757661103262587,0.9927987509932484,Habitat Area (fraction below monthly threshold),Winter Habitat Compression Index over 35.5-40N,nan,nan,0.0,9.0
2014,2014,0.3597943507526258,0.16894898382182838,0.1908453669307974,0.5287433345744541,Habitat Area (fraction below monthly threshold),Winter Habitat Compression Index over 35.5-40N,nan,nan,0.0,9.0
2015,2015,0.005305444031652,0.006749233056778001,-0.0014437890251260011,0.012054677088430001,Habitat Area (fraction below monthly threshold),Winter Habitat Compression Index over 35.5-40N,nan,nan,0.0,9.0
2016,2016,0.008879053977660567,0.012556878556250348,-0.0036778245785897817,0.021435932533910913,Habitat Area (fraction below monthly threshold),Winter Habitat Compression Index over 35.5-40N,nan,nan,0.0,9.0
2017,2017,0.337143891811618,0.1957120388223432,0.14143185298927483,0.5328559306339612,Habitat Area (fraction below monthly threshold),Winter Habitat Compression Index over 35.5-40N,nan,nan,0.0,9.0
2018,2018,0.26629988285831124,0.19570534464274345,0.0705945382155678,0.46200522750105466,Habitat Area (fraction below monthly threshold),Winter Habitat Compression Index over 35.5-40N,nan,nan,0.0,9.0
2019,2019,0.21161320236919692,0.081901160731095,0.1297120416381019,0.29351436310029194,Habitat Area (fraction below monthly threshold),Winter Habitat Compression Index over 35.5-40N,nan,nan,0.0,9.0
2020,2020,0.524929088473102,0.030850096101345006,0.49407899237175706,0.5557791845744471,Habitat Area (fraction below monthly threshold),Winter Habitat Compression Index over 35.5-40N,nan,nan,0.0,9.0
2021,2021,0.8327789431352994,0.10393200200298179,0.7288469411323176,0.9367109451382812,Habitat Area (fraction below monthly threshold),Winter Habitat Compression Index over 35.5-40N,nan,nan,0.0,9.0
2022,2022,0.635488576737683,0.083310685650304,0.552177891087379,0.718799262387987,Habitat Area (fraction below monthly threshold),Winter Habitat Compression Index over 35.5-40N,nan,nan,0.0,9.0
2023,2023,0.823193806872604,0.1365265834723296,0.6866672234002744,0.9597203903449336,Habitat Area (fraction below monthly threshold),Winter Habitat Compression Index over 35.5-40N,nan,nan,0.0,9.0
2024,2024,0.009555825973648768,0.008787855161674176,0.0007679708119745915,0.018343681135322944,Habitat Area (fraction below monthly threshold),Winter Habitat Compression Index over 35.5-40N,nan,nan,0.0,9.0
2025,2025,0.5561021257693787,0.05899673791553683,0.49710538785384184,0.6150988636849155,Habitat Area (fraction below monthly threshold),Winter Habitat Compression Index over 35.5-40N,nan,nan,0.0,9.0
2026,2026,0.0641572976678156,0.07338281429856143,-0.009225516630745834,0.13754011196637703,Habitat Area (fraction below monthly threshold),Winter Habitat Compression Index over 35.5-40N,nan,nan,0.0,9.0
1980,1980,0.1427655562554792,0.10173371761040606,0.04103183864507315,0.24449927386588527,Habitat Area (fraction below monthly threshold),Spring Habitat Compression Index over 35.5-40N,nan,nan,0.0,10.0
1981,1981,0.2693844587101348,0.08049367745264675,0.18889078125748804,0.3498781361627815,Habitat Area (fraction below monthly threshold),Spring Habitat Compression Index over 35.5-40N,nan,nan,0.0,10.0
1982,1982,0.44614190322750796,0.2419278452587538,0.20421405796875416,0.6880697484862618,Habitat Area (fraction below monthly threshold),Spring Habitat Compression Index over 35.5-40N,nan,nan,0.0,10.0
1983,1983,0.08113297844980093,0.06729550168962004,0.013837476760180892,0.14842848013942095,Habitat Area (fraction below monthly threshold),Spring Habitat Compression Index over 35.5-40N,nan,nan,0.0,10.0
1984,1984,0.32996680095901393,0.040589487191848385,0.2893773137671655,0.37055628815086233,Habitat Area (fraction below monthly threshold),Spring Habitat Compression Index over 35.5-40N,nan,nan,0.0,10.0
1985,1985,0.45695791014071546,0.18621858870114508,0.27073932143957036,0.6431764988418606,Habitat Area (fraction below monthly threshold),Spring Habitat Compression Index over 35.5-40N,nan,nan,0.0,10.0
1986,1986,0.257082483269887,0.13889517029942716,0.11818731297045981,0.39597765356931414,Habitat Area (fraction below monthly threshold),Spring Habitat Compression Index over 35.5-40N,nan,nan,0.0,10.0
1987,1987,0.21054518624656496,0.036582546343588394,0.17396263990297656,0.24712773259015336,Habitat Area (fraction below monthly threshold),Spring Habitat Compression Index over 35.5-40N,nan,nan,0.0,10.0
1988,1988,0.2040126961754651,0.03943827471993546,0.16457442145552964,0.24345097089540058,Habitat Area (fraction below monthly threshold),Spring Habitat Compression Index over 35.5-40N,nan,nan,0.0,10.0
1989,1989,0.19052214019567149,0.08451518745731411,0.10600695273835738,0.2750373276529856,Habitat Area (fraction below monthly threshold),Spring Habitat Compression Index over 35.5-40N,nan,nan,0.0,10.0
1990,1990,0.25625325291880013,0.15886666713763412,0.09738658578116602,0.4151199200564343,Habitat Area (fraction below monthly threshold),Spring Habitat Compression Index over 35.5-40N,nan,nan,0.0,10.0
1991,1991,0.8679680484778447,0.080340772136958,0.7876272763408867,0.9483088206148027,Habitat Area (fraction below monthly threshold),Spring Habitat Compression Index over 35.5-40N,nan,nan,0.0,10.0
1992,1992,0.016055519991285665,0.02270593412262855,-0.006650414131342885,0.03876145411391421,Habitat Area (fraction below monthly threshold),Spring Habitat Compression Index over 35.5-40N,nan,nan,0.0,10.0
1993,1993,0.012321281400329067,0.015137613846404264,-0.002816332446075197,0.027458895246733332,Habitat Area (fraction below monthly threshold),Spring Habitat Compression Index over 35.5-40N,nan,nan,0.0,10.0
1994,1994,0.22420573934427543,0.06263543050885383,0.16157030883542162,0.28684116985312924,Habitat Area (fraction below monthly threshold),Spring Habitat Compression Index over 35.5-40N,nan,nan,0.0,10.0
1995,1995,0.1047600370062501,0.03713489956165411,0.06762513744459599,0.1418949365679042,Habitat Area (fraction below monthly threshold),Spring Habitat Compression Index over 35.5-40N,nan,nan,0.0,10.0
1996,1996,0.22888226497028752,0.2251007950330636,0.003781469937223919,0.4539830600033511,Habitat Area (fraction below monthly threshold),Spring Habitat Compression Index over 35.5-40N,nan,nan,0.0,10.0
1997,1997,0.07680241628983654,0.07558575044509527,0.0012166658447412687,0.15238816673493183,Habitat Area (fraction below monthly threshold),Spring Habitat Compression Index over 35.5-40N,nan,nan,0.0,10.0
1998,1998,0.0283878271343188,0.03260090338156888,-0.004213076247250081,0.060988730515887685,Habitat Area (fraction below monthly threshold),Spring Habitat Compression Index over 35.5-40N,nan,nan,0.0,10.0
1999,1999,0.8553939529855207,0.10868829421415548,0.7467056587713652,0.9640822471996762,Habitat Area (fraction below monthly threshold),Spring Habitat Compression Index over 35.5-40N,nan,nan,0.0,10.0
2000,2000,0.15741132837493357,0.027136610130369762,0.13027471824456383,0.18454793850530332,Habitat Area (fraction below monthly threshold),Spring Habitat Compression Index over 35.5-40N,nan,nan,0.0,10.0
2001,2001,0.5506141185579998,0.14448296637892993,0.40613115217906987,0.6950970849369298,Habitat Area (fraction below monthly threshold),Spring Habitat Compression Index over 35.5-40N,nan,nan,0.0,10.0
2002,2002,0.6379822414499848,0.15510984218490126,0.4828723992650836,0.793092083634886,Habitat Area (fraction below monthly threshold),Spring Habitat Compression Index over 35.5-40N,nan,nan,0.0,10.0
2003,2003,0.2335913733334147,0.11463742955010502,0.11895394378330969,0.3482288028835197,Habitat Area (fraction below monthly threshold),Spring Habitat Compression Index over 35.5-40N,nan,nan,0.0,10.0
2004,2004,0.18305993504678883,0.05921594704918851,0.12384398799760032,0.24227588209597734,Habitat Area (fraction below monthly threshold),Spring Habitat Compression Index over 35.5-40N,nan,nan,0.0,10.0
2005,2005,0.1115320948075136,0.09830829907820107,0.013223795729312524,0.20984039388571468,Habitat Area (fraction below monthly threshold),Spring Habitat Compression Index over 35.5-40N,nan,nan,0.0,10.0
2006,2006,0.18604551108797074,0.08841256904148503,0.0976329420464857,0.2744580801294558,Habitat Area (fraction below monthly threshold),Spring Habitat Compression Index over 35.5-40N,nan,nan,0.0,10.0
2007,2007,0.5783921561136142,0.0506209989798649,0.5277711571337492,0.6290131550934791,Habitat Area (fraction below monthly threshold),Spring Habitat Compression Index over 35.5-40N,nan,nan,0.0,10.0
2008,2008,0.8565333438611337,0.10495096869240693,0.7515823751687267,0.9614843125535406,Habitat Area (fraction below monthly threshold),Spring Habitat Compression Index over 35.5-40N,nan,nan,0.0,10.0
2009,2009,0.5860549384500588,0.3195921732500588,0.26646276520000006,0.9056471117001177,Habitat Area (fraction below monthly threshold),Spring Habitat Compression Index over 35.5-40N,nan,nan,0.0,10.0
2010,2010,0.5344090337954781,0.18495325050136263,0.3494557832941155,0.7193622842968408,Habitat Area (fraction below monthly threshold),Spring Habitat Compression Index over 35.5-40N,nan,nan,0.0,10.0
2011,2011,0.5453641372820114,0.03360816154765449,0.5117559757343569,0.5789722988296658,Habitat Area (fraction below monthly threshold),Spring Habitat Compression Index over 35.5-40N,nan,nan,0.0,10.0
2012,2012,0.5842937349844358,0.0748114267083278,0.509482308276108,0.6591051616927637,Habitat Area (fraction below monthly threshold),Spring Habitat Compression Index over 35.5-40N,nan,nan,0.0,10.0
2013,2013,0.4775716530428929,0.13938746190809417,0.3381841911347987,0.6169591149509871,Habitat Area (fraction below monthly threshold),Spring Habitat Compression Index over 35.5-40N,nan,nan,0.0,10.0
2014,2014,0.2370463232211537,0.07544652239037618,0.16159980083077752,0.3124928456115299,Habitat Area (fraction below monthly threshold),Spring Habitat Compression Index over 35.5-40N,nan,nan,0.0,10.0
2015,2015,0.2249517098304712,0.036289067999691574,0.18866264183077963,0.26124077783016275,Habitat Area (fraction below monthly threshold),Spring Habitat Compression Index over 35.5-40N,nan,nan,0.0,10.0
2016,2016,0.16165923452867945,0.04727378246996108,0.11438545205871836,0.20893301699864053,Habitat Area (fraction below monthly threshold),Spring Habitat Compression Index over 35.5-40N,nan,nan,0.0,10.0
2017,2017,0.25466124311524957,0.12285705314133272,0.13180418997391685,0.3775182962565823,Habitat Area (fraction below monthly threshold),Spring Habitat Compression Index over 35.5-40N,nan,nan,0.0,10.0
2018,2018,0.2678644715684333,0.08231198018138904,0.18555249138704427,0.3501764517498223,Habitat Area (fraction below monthly threshold),Spring Habitat Compression Index over 35.5-40N,nan,nan,0.0,10.0
2019,2019,0.24577143118299893,0.1121718946262072,0.13359953655679174,0.3579433258092061,Habitat Area (fraction below monthly threshold),Spring Habitat Compression Index over 35.5-40N,nan,nan,0.0,10.0
2020,2020,0.2311342980400043,0.03909734205310424,0.19203695598690004,0.2702316400931085,Habitat Area (fraction below monthly threshold),Spring Habitat Compression Index over 35.5-40N,nan,nan,0.0,10.0
2021,2021,0.6697086999996649,0.22383077122375833,0.44587792877590654,0.8935394712234233,Habitat Area (fraction below monthly threshold),Spring Habitat Compression Index over 35.5-40N,nan,nan,0.0,10.0
2022,2022,0.5878698887364728,0.12606535321873386,0.461804535517739,0.7139352419552067,Habitat Area (fraction below monthly threshold),Spring Habitat Compression Index over 35.5-40N,nan,nan,0.0,10.0
2023,2023,0.5538468852040835,0.1551281805788617,0.39871870462522185,0.7089750657829452,Habitat Area (fraction below monthly threshold),Spring Habitat Compression Index over 35.5-40N,nan,nan,0.0,10.0
2024,2024,0.42018999056222217,0.19166408639764912,0.22852590416457305,0.6118540769598713,Habitat Area (fraction below monthly threshold),Spring Habitat Compression Index over 35.5-40N,nan,nan,0.0,10.0
2025,2025,0.37151891287437716,0.06900715127314175,0.3025117616012354,0.44052606414751894,Habitat Area (fraction below monthly threshold),Spring Habitat Compression Index over 35.5-40N,nan,nan,0.0,10.0
2026,2026,0.1051703501451149,0.1009236444966556,0.0042467056484593035,0.2060939946417705,Habitat Area (fraction below monthly threshold),Spring Habitat Compression Index over 35.5-40N,nan,nan,0.0,10.0
1980,1980,0.15650831440485305,0.09438131363433731,0.062127000770515736,0.25088962803919035,Habitat Area (fraction below monthly threshold),Summer Habitat Compression Index over 35.5-40N,nan,nan,0.0,11.0
1981,1981,0.4662423258520676,0.15626469222728664,0.3099776336247809,0.6225070180793543,Habitat Area (fraction below monthly threshold),Summer Habitat Compression Index over 35.5-40N,nan,nan,0.0,11.0
1982,1982,0.3401627215079452,0.11767756603874088,0.2224851554692043,0.45784028754668604,Habitat Area (fraction below monthly threshold),Summer Habitat Compression Index over 35.5-40N,nan,nan,0.0,11.0
1983,1983,0.05642381655186846,0.046481446079729705,0.009942370472138758,0.10290526263159816,Habitat Area (fraction below monthly threshold),Summer Habitat Compression Index over 35.5-40N,nan,nan,0.0,11.0
1984,1984,0.14418001770455227,0.025964647902605775,0.1182153698019465,0.17014466560715805,Habitat Area (fraction below monthly threshold),Summer Habitat Compression Index over 35.5-40N,nan,nan,0.0,11.0
1985,1985,0.33196501194428496,0.08385452794524645,0.2481104839990385,0.4158195398895314,Habitat Area (fraction below monthly threshold),Summer Habitat Compression Index over 35.5-40N,nan,nan,0.0,11.0
1986,1986,0.4816504050277178,0.15023470511934287,0.33141569990837494,0.6318851101470606,Habitat Area (fraction below monthly threshold),Summer Habitat Compression Index over 35.5-40N,nan,nan,0.0,11.0
1987,1987,0.2935153477445609,0.138959437438295,0.1545559103062659,0.43247478518285587,Habitat Area (fraction below monthly threshold),Summer Habitat Compression Index over 35.5-40N,nan,nan,0.0,11.0
1988,1988,0.5995441910524771,0.09201402681232251,0.5075301642401546,0.6915582178647997,Habitat Area (fraction below monthly threshold),Summer Habitat Compression Index over 35.5-40N,nan,nan,0.0,11.0
1989,1989,0.47376264833451304,0.19113280231271151,0.2826298460218015,0.6648954506472246,Habitat Area (fraction below monthly threshold),Summer Habitat Compression Index over 35.5-40N,nan,nan,0.0,11.0
1990,1990,0.07350489034026127,0.025401106480341305,0.048103783859919966,0.09890599682060257,Habitat Area (fraction below monthly threshold),Summer Habitat Compression Index over 35.5-40N,nan,nan,0.0,11.0
1991,1991,0.36754508539120434,0.1474609479296463,0.22008413746155803,0.5150060333208506,Habitat Area (fraction below monthly threshold),Summer Habitat Compression Index over 35.5-40N,nan,nan,0.0,11.0
1992,1992,0.15441496327708096,0.09543367143432036,0.0589812918427606,0.2498486347114013,Habitat Area (fraction below monthly threshold),Summer Habitat Compression Index over 35.5-40N,nan,nan,0.0,11.0
1993,1993,0.27082524811094033,0.05940202927367751,0.2114232188372628,0.3302272773846178,Habitat Area (fraction below monthly threshold),Summer Habitat Compression Index over 35.5-40N,nan,nan,0.0,11.0
1994,1994,0.288418597715343,0.17715190717477444,0.11126669054056856,0.4655705048901174,Habitat Area (fraction below monthly threshold),Summer Habitat Compression Index over 35.5-40N,nan,nan,0.0,11.0
1995,1995,0.0592796725998228,0.04396643076238256,0.01531324183744024,0.10324610336220535,Habitat Area (fraction below monthly threshold),Summer Habitat Compression Index over 35.5-40N,nan,nan,0.0,11.0
1996,1996,0.5007418053422482,0.07082163213551913,0.4299201732067291,0.5715634374777674,Habitat Area (fraction below monthly threshold),Summer Habitat Compression Index over 35.5-40N,nan,nan,0.0,11.0
1997,1997,0.057526110939682996,0.0798617986722685,-0.022335687732585506,0.1373879096119515,Habitat Area (fraction below monthly threshold),Summer Habitat Compression Index over 35.5-40N,nan,nan,0.0,11.0
1998,1998,0.22237061074955897,0.018387436981743107,0.20398317376781586,0.24075804773130208,Habitat Area (fraction below monthly threshold),Summer Habitat Compression Index over 35.5-40N,nan,nan,0.0,11.0
1999,1999,0.35164699044695463,0.12768908338985024,0.2239579070571044,0.4793360738368049,Habitat Area (fraction below monthly threshold),Summer Habitat Compression Index over 35.5-40N,nan,nan,0.0,11.0
2000,2000,0.33437594503988083,0.13408509001613164,0.2002908550237492,0.46846103505601244,Habitat Area (fraction below monthly threshold),Summer Habitat Compression Index over 35.5-40N,nan,nan,0.0,11.0
2001,2001,0.35223508887861654,0.045380429934773106,0.30685465894384345,0.39761551881338963,Habitat Area (fraction below monthly threshold),Summer Habitat Compression Index over 35.5-40N,nan,nan,0.0,11.0
2002,2002,0.466559659168003,0.12066168009980495,0.3458979790681981,0.587221339267808,Habitat Area (fraction below monthly threshold),Summer Habitat Compression Index over 35.5-40N,nan,nan,0.0,11.0
2003,2003,0.1664764014045414,0.09337846368442464,0.07309793772011676,0.25985486508896605,Habitat Area (fraction below monthly threshold),Summer Habitat Compression Index over 35.5-40N,nan,nan,0.0,11.0
2004,2004,0.23731986082466197,0.015140587024176045,0.22217927380048594,0.25246044784883803,Habitat Area (fraction below monthly threshold),Summer Habitat Compression Index over 35.5-40N,nan,nan,0.0,11.0
2005,2005,0.5061243888418955,0.11241911171296107,0.39370527712893444,0.6185435005548565,Habitat Area (fraction below monthly threshold),Summer Habitat Compression Index over 35.5-40N,nan,nan,0.0,11.0
2006,2006,0.4316710579353708,0.1977525703111931,0.23391848762417772,0.629423628246564,Habitat Area (fraction below monthly threshold),Summer Habitat Compression Index over 35.5-40N,nan,nan,0.0,11.0
2007,2007,0.21530229469223203,0.0048956966472999755,0.21040659804493206,0.220197991339532,Habitat Area (fraction below monthly threshold),Summer Habitat Compression Index over 35.5-40N,nan,nan,0.0,11.0
2008,2008,0.48524567939554347,0.04505140835488517,0.4401942710406583,0.5302970877504286,Habitat Area (fraction below monthly threshold),Summer Habitat Compression Index over 35.5-40N,nan,nan,0.0,11.0
2009,2009,0.2326123391271366,0.06695793070555885,0.16565440842157775,0.29957026983269547,Habitat Area (fraction below monthly threshold),Summer Habitat Compression Index over 35.5-40N,nan,nan,0.0,11.0
2010,2010,0.6614639411607816,0.1349824374415043,0.5264815037192773,0.7964463786022858,Habitat Area (fraction below monthly threshold),Summer Habitat Compression Index over 35.5-40N,nan,nan,0.0,11.0
2011,2011,0.5314439396085529,0.061210690901060044,0.47023324870749283,0.5926546305096129,Habitat Area (fraction below monthly threshold),Summer Habitat Compression Index over 35.5-40N,nan,nan,0.0,11.0
2012,2012,0.5270206527934344,0.02698003547964201,0.5000406173137923,0.5540006882730764,Habitat Area (fraction below monthly threshold),Summer Habitat Compression Index over 35.5-40N,nan,nan,0.0,11.0
2013,2013,0.29786253398745854,0.06342921310916166,0.23443332087829688,0.3612917470966202,Habitat Area (fraction below monthly threshold),Summer Habitat Compression Index over 35.5-40N,nan,nan,0.0,11.0
2014,2014,0.13764034361465347,0.07270617041963628,0.06493417319501718,0.21034651403428975,Habitat Area (fraction below monthly threshold),Summer Habitat Compression Index over 35.5-40N,nan,nan,0.0,11.0
2015,2015,0.10666989294076179,0.007724606602533734,0.09894528633822805,0.11439449954329553,Habitat Area (fraction below monthly threshold),Summer Habitat Compression Index over 35.5-40N,nan,nan,0.0,11.0
2016,2016,0.3700980381838308,0.02965052813219058,0.3404475100516402,0.3997485663160214,Habitat Area (fraction below monthly threshold),Summer Habitat Compression Index over 35.5-40N,nan,nan,0.0,11.0
2017,2017,0.2785160081368729,0.10516376127355993,0.17335224686331296,0.3836797694104328,Habitat Area (fraction below monthly threshold),Summer Habitat Compression Index over 35.5-40N,nan,nan,0.0,11.0
2018,2018,0.34330103855003463,0.06984314952770951,0.27345788902232515,0.4131441880777441,Habitat Area (fraction below monthly threshold),Summer Habitat Compression Index over 35.5-40N,nan,nan,0.0,11.0
2019,2019,0.29904227722048826,0.089597566408647,0.20944471081184127,0.3886398436291353,Habitat Area (fraction below monthly threshold),Summer Habitat Compression Index over 35.5-40N,nan,nan,0.0,11.0
2020,2020,0.37497306693397076,0.11166248555913473,0.26331058137483604,0.48663555249310547,Habitat Area (fraction below monthly threshold),Summer Habitat Compression Index over 35.5-40N,nan,nan,0.0,11.0
2021,2021,0.5484212875797162,0.059432860080863535,0.4889884274988527,0.6078541476605798,Habitat Area (fraction below monthly threshold),Summer Habitat Compression Index over 35.5-40N,nan,nan,0.0,11.0
2022,2022,0.33168678863416734,0.10499215429179357,0.22669463434237377,0.4366789429259609,Habitat Area (fraction below monthly threshold),Summer Habitat Compression Index over 35.5-40N,nan,nan,0.0,11.0
2023,2023,0.4159853695285063,0.15394121212688094,0.26204415740162534,0.5699265816553872,Habitat Area (fraction below monthly threshold),Summer Habitat Compression Index over 35.5-40N,nan,nan,0.0,11.0
2024,2024,0.3992984128710105,0.04708170366883544,0.352216709202175,0.44638011653984594,Habitat Area (fraction below monthly threshold),Summer Habitat Compression Index over 35.5-40N,nan,nan,0.0,11.0
2025,2025,0.20577892423220245,0.0960482005203243,0.10973072371187816,0.30182712475252677,Habitat Area (fraction below monthly threshold),Summer Habitat Compression Index over 35.5-40N,nan,nan,0.0,11.0
1980,1980,0.12317708269065646,0.07675938921434992,0.04641769347630653,0.19993647190500638,Habitat Area (fraction below monthly threshold),Fall Habitat Compression Index over 35.5-40N,nan,nan,0.0,12.0
1981,1981,0.1601355011955159,0.20140210029280803,-0.041266599097292134,0.3615376014883239,Habitat Area (fraction below monthly threshold),Fall Habitat Compression Index over 35.5-40N,nan,nan,0.0,12.0
1982,1982,0.07836615593795164,0.07629088079134329,0.002075275146608352,0.15465703672929493,Habitat Area (fraction below monthly threshold),Fall Habitat Compression Index over 35.5-40N,nan,nan,0.0,12.0
1983,1983,0.033971381482071204,0.04729676463768746,-0.01332538315561626,0.08126814611975866,Habitat Area (fraction below monthly threshold),Fall Habitat Compression Index over 35.5-40N,nan,nan,0.0,12.0
1984,1984,0.3360398046062621,0.04505269200803001,0.29098711259823207,0.3810924966142921,Habitat Area (fraction below monthly threshold),Fall Habitat Compression Index over 35.5-40N,nan,nan,0.0,12.0
1985,1985,0.7635002392680331,0.15774548009620465,0.6057547591718284,0.9212457193642378,Habitat Area (fraction below monthly threshold),Fall Habitat Compression Index over 35.5-40N,nan,nan,0.0,12.0
1986,1986,0.21891548486820747,0.18145091043287684,0.03746457443533063,0.4003663953010843,Habitat Area (fraction below monthly threshold),Fall Habitat Compression Index over 35.5-40N,nan,nan,0.0,12.0
1987,1987,0.17257140481397418,0.08130945154459653,0.09126195326937765,0.2538808563585707,Habitat Area (fraction below monthly threshold),Fall Habitat Compression Index over 35.5-40N,nan,nan,0.0,12.0
1988,1988,0.740529343577248,0.08433454436386913,0.6561947992133789,0.8248638879411171,Habitat Area (fraction below monthly threshold),Fall Habitat Compression Index over 35.5-40N,nan,nan,0.0,12.0
1989,1989,0.1691475703965765,0.12713309335192283,0.042014477044653664,0.2962806637484993,Habitat Area (fraction below monthly threshold),Fall Habitat Compression Index over 35.5-40N,nan,nan,0.0,12.0
1990,1990,0.49642021159817123,0.08913914671231457,0.4072810648858567,0.5855593583104858,Habitat Area (fraction below monthly threshold),Fall Habitat Compression Index over 35.5-40N,nan,nan,0.0,12.0
1991,1991,0.49647962531283313,0.1481827009840727,0.3482969243287604,0.6446623262969058,Habitat Area (fraction below monthly threshold),Fall Habitat Compression Index over 35.5-40N,nan,nan,0.0,12.0
1992,1992,0.051300919932839,0.03038592186880128,0.02091499806403772,0.08168684180164028,Habitat Area (fraction below monthly threshold),Fall Habitat Compression Index over 35.5-40N,nan,nan,0.0,12.0
1993,1993,0.18089090243780484,0.014529809870250553,0.1663610925675543,0.19542071230805538,Habitat Area (fraction below monthly threshold),Fall Habitat Compression Index over 35.5-40N,nan,nan,0.0,12.0
1994,1994,0.587800236055851,0.16542994448764228,0.4223702915682087,0.7532301805434932,Habitat Area (fraction below monthly threshold),Fall Habitat Compression Index over 35.5-40N,nan,nan,0.0,12.0
1995,1995,0.11314571341343976,0.08779268382823177,0.025353029585207992,0.20093839724167153,Habitat Area (fraction below monthly threshold),Fall Habitat Compression Index over 35.5-40N,nan,nan,0.0,12.0
1996,1996,0.3671090214159484,0.1371621865004999,0.2299468349154485,0.5042712079164483,Habitat Area (fraction below monthly threshold),Fall Habitat Compression Index over 35.5-40N,nan,nan,0.0,12.0
1997,1997,0.017051528841964734,0.024114503347502522,-0.007062974505537788,0.04116603218946725,Habitat Area (fraction below monthly threshold),Fall Habitat Compression Index over 35.5-40N,nan,nan,0.0,12.0
1998,1998,0.4461206228896191,0.09723435547643228,0.34888626741318685,0.5433549783660514,Habitat Area (fraction below monthly threshold),Fall Habitat Compression Index over 35.5-40N,nan,nan,0.0,12.0
1999,1999,0.4676734293274058,0.06499972642795258,0.4026737028994532,0.5326731557553583,Habitat Area (fraction below monthly threshold),Fall Habitat Compression Index over 35.5-40N,nan,nan,0.0,12.0
2000,2000,0.4851441714604669,0.17407728693459018,0.3110668845258767,0.6592214583950571,Habitat Area (fraction below monthly threshold),Fall Habitat Compression Index over 35.5-40N,nan,nan,0.0,12.0
2001,2001,0.5885590937001768,0.1492535526243539,0.43930554107582287,0.7378126463245307,Habitat Area (fraction below monthly threshold),Fall Habitat Compression Index over 35.5-40N,nan,nan,0.0,12.0
2002,2002,0.44526061182376014,0.285066688500443,0.16019392332331717,0.7303273003242031,Habitat Area (fraction below monthly threshold),Fall Habitat Compression Index over 35.5-40N,nan,nan,0.0,12.0
2003,2003,0.4413597598201269,0.1348780647037986,0.3064816951163283,0.5762378245239255,Habitat Area (fraction below monthly threshold),Fall Habitat Compression Index over 35.5-40N,nan,nan,0.0,12.0
2004,2004,0.41529454859770837,0.06222121700757019,0.3530733315901382,0.47751576560527853,Habitat Area (fraction below monthly threshold),Fall Habitat Compression Index over 35.5-40N,nan,nan,0.0,12.0
2005,2005,0.39216374873877546,0.2007859723273506,0.19137777641142487,0.5929497210661261,Habitat Area (fraction below monthly threshold),Fall Habitat Compression Index over 35.5-40N,nan,nan,0.0,12.0
2006,2006,0.35334647582383666,0.08210231254974754,0.2712441632740891,0.4354487883735842,Habitat Area (fraction below monthly threshold),Fall Habitat Compression Index over 35.5-40N,nan,nan,0.0,12.0
2007,2007,0.7232193180476977,0.19203291765255362,0.5311864003951441,0.9152522357002513,Habitat Area (fraction below monthly threshold),Fall Habitat Compression Index over 35.5-40N,nan,nan,0.0,12.0
2008,2008,0.4589403900470939,0.1650086801145058,0.2939317099325881,0.6239490701615997,Habitat Area (fraction below monthly threshold),Fall Habitat Compression Index over 35.5-40N,nan,nan,0.0,12.0
2009,2009,0.7312562709610396,0.11352829886450454,0.6177279720965351,0.8447845698255442,Habitat Area (fraction below monthly threshold),Fall Habitat Compression Index over 35.5-40N,nan,nan,0.0,12.0
2010,2010,0.6380606469162513,0.05613828971724915,0.5819223571990022,0.6941989366335004,Habitat Area (fraction below monthly threshold),Fall Habitat Compression Index over 35.5-40N,nan,nan,0.0,12.0
2011,2011,0.5716338112531499,0.2038059404491304,0.3678278708040196,0.7754397517022803,Habitat Area (fraction below monthly threshold),Fall Habitat Compression Index over 35.5-40N,nan,nan,0.0,12.0
2012,2012,0.16619158286856006,0.18596793160021882,-0.01977634873165876,0.3521595144687789,Habitat Area (fraction below monthly threshold),Fall Habitat Compression Index over 35.5-40N,nan,nan,0.0,12.0
2013,2013,0.48017702751716573,0.05319965594652915,0.4269773715706366,0.5333766834636949,Habitat Area (fraction below monthly threshold),Fall Habitat Compression Index over 35.5-40N,nan,nan,0.0,12.0
2014,2014,0.0017722866113758333,0.0025063917622199583,-0.000734105150844125,0.004278678373595792,Habitat Area (fraction below monthly threshold),Fall Habitat Compression Index over 35.5-40N,nan,nan,0.0,12.0
2015,2015,0.051061311251605734,0.03516933129804948,0.015891979953556255,0.0862306425496552,Habitat Area (fraction below monthly threshold),Fall Habitat Compression Index over 35.5-40N,nan,nan,0.0,12.0
2016,2016,0.1440951563062238,0.10719778923782473,0.036897367068399065,0.2512929455440485,Habitat Area (fraction below monthly threshold),Fall Habitat Compression Index over 35.5-40N,nan,nan,0.0,12.0
2017,2017,0.22078537906792292,0.21733462858198158,0.003450750485941345,0.4381200076499045,Habitat Area (fraction below monthly threshold),Fall Habitat Compression Index over 35.5-40N,nan,nan,0.0,12.0
2018,2018,0.13533393316437106,0.09576971443661118,0.03956421872775988,0.23110364760098223,Habitat Area (fraction below monthly threshold),Fall Habitat Compression Index over 35.5-40N,nan,nan,0.0,12.0
2019,2019,0.326401447385065,0.14925323405577381,0.17714821332929118,0.4756546814408388,Habitat Area (fraction below monthly threshold),Fall Habitat Compression Index over 35.5-40N,nan,nan,0.0,12.0
2020,2020,0.5528036639603587,0.2079807772312181,0.34482288672914063,0.7607844411915768,Habitat Area (fraction below monthly threshold),Fall Habitat Compression Index over 35.5-40N,nan,nan,0.0,12.0
2021,2021,0.37621224116470775,0.21427658543183395,0.1619356557328738,0.5904888265965417,Habitat Area (fraction below monthly threshold),Fall Habitat Compression Index over 35.5-40N,nan,nan,0.0,12.0
2022,2022,0.42812584487496763,0.05181937005125444,0.3763064748237132,0.47994521492622205,Habitat Area (fraction below monthly threshold),Fall Habitat Compression Index over 35.5-40N,nan,nan,0.0,12.0
2023,2023,0.06761586984370976,0.07527831313294678,-0.007662443289237014,0.14289418297665654,Habitat Area (fraction below monthly threshold),Fall Habitat Compression Index over 35.5-40N,nan,nan,0.0,12.0
2024,2024,0.30360192951139137,0.1439566895412934,0.15964523997009797,0.4475586190526848,Habitat Area (fraction below monthly threshold),Fall Habitat Compression Index over 35.5-40N,nan,nan,0.0,12.0
2025,2025,0.07440066124567053,0.04634404149089154,0.028056619754778994,0.12074470273656207,Habitat Area (fraction below monthly threshold),Fall Habitat Compression Index over 35.5-40N,nan,nan,0.0,12.0
1980,1980,0.26587452548116125,0.09198007525900606,0.1738944502221552,0.3578546007401673,Habitat Area (fraction below monthly threshold),Winter Habitat Compression Index over 30-35.5N,nan,nan,0.0,13.0
1981,1981,0.2502950187875162,0.05028901725907341,0.20000600152844278,0.3005840360465896,Habitat Area (fraction below monthly threshold),Winter Habitat Compression Index over 30-35.5N,nan,nan,0.0,13.0
1982,1982,0.5818658372164812,0.10523060738474206,0.47663522983173917,0.6870964446012233,Habitat Area (fraction below monthly threshold),Winter Habitat Compression Index over 30-35.5N,nan,nan,0.0,13.0
1983,1983,0.09161077808281466,0.07474752130808657,0.016863256774728094,0.16635829939090124,Habitat Area (fraction below monthly threshold),Winter Habitat Compression Index over 30-35.5N,nan,nan,0.0,13.0
1984,1984,0.3506418994506211,0.027577260507106058,0.323064638943515,0.37821915995772715,Habitat Area (fraction below monthly threshold),Winter Habitat Compression Index over 30-35.5N,nan,nan,0.0,13.0
1985,1985,0.7425999052525722,0.028650824132205155,0.713949081120367,0.7712507293847775,Habitat Area (fraction below monthly threshold),Winter Habitat Compression Index over 30-35.5N,nan,nan,0.0,13.0
1986,1986,0.38757816031060494,0.046539857001406,0.34103830330919893,0.43411801731201094,Habitat Area (fraction below monthly threshold),Winter Habitat Compression Index over 30-35.5N,nan,nan,0.0,13.0
1987,1987,0.400669438352288,0.020770839694539696,0.37989859865774833,0.4214402780468277,Habitat Area (fraction below monthly threshold),Winter Habitat Compression Index over 30-35.5N,nan,nan,0.0,13.0
1988,1988,0.5777002964570334,0.19314246595106888,0.3845578305059645,0.7708427624081022,Habitat Area (fraction below monthly threshold),Winter Habitat Compression Index over 30-35.5N,nan,nan,0.0,13.0
1989,1989,0.837852607192652,0.145784968707145,0.692067638485507,0.983637575899797,Habitat Area (fraction below monthly threshold),Winter Habitat Compression Index over 30-35.5N,nan,nan,0.0,13.0
1990,1990,0.5235016015025913,0.06773397228678989,0.4557676292158014,0.5912355737893812,Habitat Area (fraction below monthly threshold),Winter Habitat Compression Index over 30-35.5N,nan,nan,0.0,13.0
1991,1991,0.4649086359324628,0.08370050207047733,0.3812081338619855,0.5486091380029401,Habitat Area (fraction below monthly threshold),Winter Habitat Compression Index over 30-35.5N,nan,nan,0.0,13.0
1992,1992,0.32236030218816525,0.13593465674711344,0.1864256454410518,0.4582949589352787,Habitat Area (fraction below monthly threshold),Winter Habitat Compression Index over 30-35.5N,nan,nan,0.0,13.0
1993,1993,0.3549861914738848,0.11707136782446831,0.23791482364941652,0.47205755929835314,Habitat Area (fraction below monthly threshold),Winter Habitat Compression Index over 30-35.5N,nan,nan,0.0,13.0
1994,1994,0.3314983933140588,0.027989177685886126,0.3035092156281727,0.3594875709999449,Habitat Area (fraction below monthly threshold),Winter Habitat Compression Index over 30-35.5N,nan,nan,0.0,13.0
1995,1995,0.3684427909111769,0.2570406679133668,0.11140212299781005,0.6254834588245437,Habitat Area (fraction below monthly threshold),Winter Habitat Compression Index over 30-35.5N,nan,nan,0.0,13.0
1996,1996,0.3093511809663662,0.07387233682124283,0.23547884414512338,0.38322351778760905,Habitat Area (fraction below monthly threshold),Winter Habitat Compression Index over 30-35.5N,nan,nan,0.0,13.0
1997,1997,0.46778082950371075,0.053412767028989346,0.4143680624747214,0.5211935965327001,Habitat Area (fraction below monthly threshold),Winter Habitat Compression Index over 30-35.5N,nan,nan,0.0,13.0
1998,1998,0.09517420646358597,0.05977858778966874,0.03539561867391723,0.1549527942532547,Habitat Area (fraction below monthly threshold),Winter Habitat Compression Index over 30-35.5N,nan,nan,0.0,13.0
1999,1999,0.7815643180810926,0.05159186485264801,0.7299724532284446,0.8331561829337406,Habitat Area (fraction below monthly threshold),Winter Habitat Compression Index over 30-35.5N,nan,nan,0.0,13.0
2000,2000,0.5892301057622366,0.08601450520423046,0.5032156005580061,0.675244610966467,Habitat Area (fraction below monthly threshold),Winter Habitat Compression Index over 30-35.5N,nan,nan,0.0,13.0
2001,2001,0.6728500042743333,0.09041280664688287,0.5824371976274504,0.7632628109212162,Habitat Area (fraction below monthly threshold),Winter Habitat Compression Index over 30-35.5N,nan,nan,0.0,13.0
2002,2002,0.6635936434127471,0.00558223155065165,0.6580114118620954,0.6691758749633987,Habitat Area (fraction below monthly threshold),Winter Habitat Compression Index over 30-35.5N,nan,nan,0.0,13.0
2003,2003,0.3842282470764575,0.06660208646221245,0.31762616061424503,0.4508303335386699,Habitat Area (fraction below monthly threshold),Winter Habitat Compression Index over 30-35.5N,nan,nan,0.0,13.0
2004,2004,0.5819455343553944,0.08000084138082064,0.5019446929745738,0.6619463757362151,Habitat Area (fraction below monthly threshold),Winter Habitat Compression Index over 30-35.5N,nan,nan,0.0,13.0
2005,2005,0.3737487160628074,0.06492983080967553,0.3088188852531319,0.4386785468724829,Habitat Area (fraction below monthly threshold),Winter Habitat Compression Index over 30-35.5N,nan,nan,0.0,13.0
2006,2006,0.6850221931782494,0.11255446300360936,0.57246773017464,0.7975766561818588,Habitat Area (fraction below monthly threshold),Winter Habitat Compression Index over 30-35.5N,nan,nan,0.0,13.0
2007,2007,0.5442987065157839,0.06393923926889239,0.48035946724689155,0.6082379457846763,Habitat Area (fraction below monthly threshold),Winter Habitat Compression Index over 30-35.5N,nan,nan,0.0,13.0
2008,2008,0.8729106549408486,0.13785357302318177,0.7350570819176668,1.0107642279640303,Habitat Area (fraction below monthly threshold),Winter Habitat Compression Index over 30-35.5N,nan,nan,0.0,13.0
2009,2009,0.691189488082759,0.022597903392720765,0.6685915846900383,0.7137873914754798,Habitat Area (fraction below monthly threshold),Winter Habitat Compression Index over 30-35.5N,nan,nan,0.0,13.0
2010,2010,0.45224916289200046,0.04480354102978459,0.4074456218622159,0.497052703921785,Habitat Area (fraction below monthly threshold),Winter Habitat Compression Index over 30-35.5N,nan,nan,0.0,13.0
2011,2011,0.8405707863129809,0.059373980057197635,0.7811968062557832,0.8999447663701785,Habitat Area (fraction below monthly threshold),Winter Habitat Compression Index over 30-35.5N,nan,nan,0.0,13.0
2012,2012,0.692444850613889,0.08959579031563464,0.6028490602982544,0.7820406409295237,Habitat Area (fraction below monthly threshold),Winter Habitat Compression Index over 30-35.5N,nan,nan,0.0,13.0
2013,2013,0.7069994787527647,0.07261521749948013,0.6343842612532846,0.7796146962522448,Habitat Area (fraction below monthly threshold),Winter Habitat Compression Index over 30-35.5N,nan,nan,0.0,13.0
2014,2014,0.3665176740541017,0.03128760847701635,0.33523006557708535,0.397805282531118,Habitat Area (fraction below monthly threshold),Winter Habitat Compression Index over 30-35.5N,nan,nan,0.0,13.0
2015,2015,0.010906469518786198,0.010425414887863837,0.0004810546309223611,0.021331884406650035,Habitat Area (fraction below monthly threshold),Winter Habitat Compression Index over 30-35.5N,nan,nan,0.0,13.0
2016,2016,0.2655733283209598,0.06754925583715861,0.19802407248380122,0.3331225841581184,Habitat Area (fraction below monthly threshold),Winter Habitat Compression Index over 30-35.5N,nan,nan,0.0,13.0
2017,2017,0.4520399756715368,0.04512350577616069,0.4069164698953761,0.4971634814476975,Habitat Area (fraction below monthly threshold),Winter Habitat Compression Index over 30-35.5N,nan,nan,0.0,13.0
2018,2018,0.3497607872890734,0.05533370205357978,0.2944270852354936,0.4050944893426532,Habitat Area (fraction below monthly threshold),Winter Habitat Compression Index over 30-35.5N,nan,nan,0.0,13.0
2019,2019,0.42487865593351004,0.03480764431782366,0.39007101161568636,0.4596863002513337,Habitat Area (fraction below monthly threshold),Winter Habitat Compression Index over 30-35.5N,nan,nan,0.0,13.0
2020,2020,0.37773227073178134,0.03270354520800677,0.34502872552377456,0.4104358159397881,Habitat Area (fraction below monthly threshold),Winter Habitat Compression Index over 30-35.5N,nan,nan,0.0,13.0
2021,2021,0.6375708921716385,0.018339325041918524,0.61923156712972,0.655910217213557,Habitat Area (fraction below monthly threshold),Winter Habitat Compression Index over 30-35.5N,nan,nan,0.0,13.0
2022,2022,0.4931309265069612,0.0646716025218639,0.42845932398509734,0.5578025290288251,Habitat Area (fraction below monthly threshold),Winter Habitat Compression Index over 30-35.5N,nan,nan,0.0,13.0
2023,2023,0.7416001974078276,0.07630800602303363,0.6652921913847939,0.8179082034308612,Habitat Area (fraction below monthly threshold),Winter Habitat Compression Index over 30-35.5N,nan,nan,0.0,13.0
2024,2024,0.29877094785525293,0.10653406907683596,0.19223687877841697,0.40530501693208887,Habitat Area (fraction below monthly threshold),Winter Habitat Compression Index over 30-35.5N,nan,nan,0.0,13.0
2025,2025,0.7563748211243473,0.04247261987666386,0.7139022012476834,0.7988474410010111,Habitat Area (fraction below monthly threshold),Winter Habitat Compression Index over 30-35.5N,nan,nan,0.0,13.0
2026,2026,0.08110553777358276,0.052624523955346746,0.028481013818236013,0.1337300617289295,Habitat Area (fraction below monthly threshold),Winter Habitat Compression Index over 30-35.5N,nan,nan,0.0,13.0
1980,1980,0.4644334520858786,0.10490468116076863,0.35952877092511,0.5693381332466473,Habitat Area (fraction below monthly threshold),Spring Habitat Compression Index over 30-35.5N,nan,nan,0.0,14.0
1981,1981,0.3934764152735554,0.04826607917564931,0.34521033609790613,0.4417424944492047,Habitat Area (fraction below monthly threshold),Spring Habitat Compression Index over 30-35.5N,nan,nan,0.0,14.0
1982,1982,0.5778059550168161,0.1341567056437978,0.4436492493730183,0.7119626606606139,Habitat Area (fraction below monthly threshold),Spring Habitat Compression Index over 30-35.5N,nan,nan,0.0,14.0
1983,1983,0.3839483015395393,0.06464011699096417,0.3193081845485751,0.44858841853050346,Habitat Area (fraction below monthly threshold),Spring Habitat Compression Index over 30-35.5N,nan,nan,0.0,14.0
1984,1984,0.4234743878757648,0.026229668507475525,0.39724471936828926,0.44970405638324035,Habitat Area (fraction below monthly threshold),Spring Habitat Compression Index over 30-35.5N,nan,nan,0.0,14.0
1985,1985,0.5267955888464756,0.02377912520223419,0.5030164636442414,0.5505747140487098,Habitat Area (fraction below monthly threshold),Spring Habitat Compression Index over 30-35.5N,nan,nan,0.0,14.0
1986,1986,0.44309949692655487,0.054992167349756614,0.3881073295767983,0.49809166427631146,Habitat Area (fraction below monthly threshold),Spring Habitat Compression Index over 30-35.5N,nan,nan,0.0,14.0
1987,1987,0.43663731529246413,0.045567813001301256,0.3910695022911629,0.4822051282937654,Habitat Area (fraction below monthly threshold),Spring Habitat Compression Index over 30-35.5N,nan,nan,0.0,14.0
1988,1988,0.47219351462970627,0.1173166044874779,0.3548769101422284,0.5895101191171842,Habitat Area (fraction below monthly threshold),Spring Habitat Compression Index over 30-35.5N,nan,nan,0.0,14.0
1989,1989,0.4666504104071492,0.053256481247267416,0.4133939291598818,0.5199068916544166,Habitat Area (fraction below monthly threshold),Spring Habitat Compression Index over 30-35.5N,nan,nan,0.0,14.0
1990,1990,0.4358452729107854,0.03098515632325096,0.40486011658753446,0.46683042923403634,Habitat Area (fraction below monthly threshold),Spring Habitat Compression Index over 30-35.5N,nan,nan,0.0,14.0
1991,1991,0.7178738975036519,0.14530288347310225,0.5725710140305497,0.8631767809767542,Habitat Area (fraction below monthly threshold),Spring Habitat Compression Index over 30-35.5N,nan,nan,0.0,14.0
1992,1992,0.15824708231897378,0.0939114472324832,0.06433563508649058,0.25215852955145696,Habitat Area (fraction below monthly threshold),Spring Habitat Compression Index over 30-35.5N,nan,nan,0.0,14.0
1993,1993,0.35606040573200737,0.012924197726407087,0.3431362080056003,0.36898460345841444,Habitat Area (fraction below monthly threshold),Spring Habitat Compression Index over 30-35.5N,nan,nan,0.0,14.0
1994,1994,0.45005270467318087,0.036706779023286895,0.413345925649894,0.48675948369646777,Habitat Area (fraction below monthly threshold),Spring Habitat Compression Index over 30-35.5N,nan,nan,0.0,14.0
1995,1995,0.54121789878767,0.06943050516391171,0.4717873936237583,0.6106484039515817,Habitat Area (fraction below monthly threshold),Spring Habitat Compression Index over 30-35.5N,nan,nan,0.0,14.0
1996,1996,0.3788875324807415,0.032081654532247386,0.3468058779484941,0.41096918701298885,Habitat Area (fraction below monthly threshold),Spring Habitat Compression Index over 30-35.5N,nan,nan,0.0,14.0
1997,1997,0.3734546203537256,0.02297898666846083,0.3504756336852648,0.39643360702218644,Habitat Area (fraction below monthly threshold),Spring Habitat Compression Index over 30-35.5N,nan,nan,0.0,14.0
1998,1998,0.40670494413419417,0.027028665205901983,0.3796762789282922,0.43373360934009614,Habitat Area (fraction below monthly threshold),Spring Habitat Compression Index over 30-35.5N,nan,nan,0.0,14.0
1999,1999,0.8251362244356316,0.04545090031239068,0.779685324123241,0.8705871247480222,Habitat Area (fraction below monthly threshold),Spring Habitat Compression Index over 30-35.5N,nan,nan,0.0,14.0
2000,2000,0.4239654655986855,0.035997567740268896,0.38796789785841657,0.4599630333389544,Habitat Area (fraction below monthly threshold),Spring Habitat Compression Index over 30-35.5N,nan,nan,0.0,14.0
2001,2001,0.4797094863241505,0.12678981320982172,0.3529196731143288,0.6064992995339722,Habitat Area (fraction below monthly threshold),Spring Habitat Compression Index over 30-35.5N,nan,nan,0.0,14.0
2002,2002,0.607446778991004,0.06593460312760817,0.5415121758633958,0.6733813821186121,Habitat Area (fraction below monthly threshold),Spring Habitat Compression Index over 30-35.5N,nan,nan,0.0,14.0
2003,2003,0.6222146921792683,0.04434001757780985,0.5778746746014585,0.6665547097570781,Habitat Area (fraction below monthly threshold),Spring Habitat Compression Index over 30-35.5N,nan,nan,0.0,14.0
2004,2004,0.4433703571754311,0.025218218256246122,0.418152138919185,0.4685885754316772,Habitat Area (fraction below monthly threshold),Spring Habitat Compression Index over 30-35.5N,nan,nan,0.0,14.0
2005,2005,0.45150831172623684,0.05594362245900569,0.39556468926723115,0.5074519341852426,Habitat Area (fraction below monthly threshold),Spring Habitat Compression Index over 30-35.5N,nan,nan,0.0,14.0
2006,2006,0.4518348633683616,0.027121037039848948,0.4247138263285126,0.47895590040821057,Habitat Area (fraction below monthly threshold),Spring Habitat Compression Index over 30-35.5N,nan,nan,0.0,14.0
2007,2007,0.5451958488215269,0.015570220008072476,0.5296256288134544,0.5607660688295995,Habitat Area (fraction below monthly threshold),Spring Habitat Compression Index over 30-35.5N,nan,nan,0.0,14.0
2008,2008,0.5637528353732728,0.07719615320641474,0.4865566821668581,0.6409489885796875,Habitat Area (fraction below monthly threshold),Spring Habitat Compression Index over 30-35.5N,nan,nan,0.0,14.0
2009,2009,0.5236906554325697,0.041863950058330414,0.4818267053742392,0.5655546054909001,Habitat Area (fraction below monthly threshold),Spring Habitat Compression Index over 30-35.5N,nan,nan,0.0,14.0
2010,2010,0.6979433144550121,0.111831016401709,0.5861122980533031,0.8097743308567211,Habitat Area (fraction below monthly threshold),Spring Habitat Compression Index over 30-35.5N,nan,nan,0.0,14.0
2011,2011,0.582893307526143,0.07211606301749558,0.5107772445086474,0.6550093705436386,Habitat Area (fraction below monthly threshold),Spring Habitat Compression Index over 30-35.5N,nan,nan,0.0,14.0
2012,2012,0.5954398872412773,0.0622017772313068,0.5332381100099705,0.6576416644725841,Habitat Area (fraction below monthly threshold),Spring Habitat Compression Index over 30-35.5N,nan,nan,0.0,14.0
2013,2013,0.4424253461844528,0.026070329518676185,0.4163550166657766,0.46849567570312894,Habitat Area (fraction below monthly threshold),Spring Habitat Compression Index over 30-35.5N,nan,nan,0.0,14.0
2014,2014,0.35055296604474356,0.007878515139899312,0.3426744509048443,0.35843148118464285,Habitat Area (fraction below monthly threshold),Spring Habitat Compression Index over 30-35.5N,nan,nan,0.0,14.0
2015,2015,0.3144568278792796,0.10565464493744205,0.20880218294183756,0.4201114728167216,Habitat Area (fraction below monthly threshold),Spring Habitat Compression Index over 30-35.5N,nan,nan,0.0,14.0
2016,2016,0.37085506044328714,0.08258868567135164,0.2882663747719355,0.4534437461146388,Habitat Area (fraction below monthly threshold),Spring Habitat Compression Index over 30-35.5N,nan,nan,0.0,14.0
2017,2017,0.45914774041887685,0.011595797435441878,0.447551942983435,0.4707435378543187,Habitat Area (fraction below monthly threshold),Spring Habitat Compression Index over 30-35.5N,nan,nan,0.0,14.0
2018,2018,0.478718057985762,0.022804049409509933,0.4559140085762521,0.5015221073952719,Habitat Area (fraction below monthly threshold),Spring Habitat Compression Index over 30-35.5N,nan,nan,0.0,14.0
2019,2019,0.406347618039581,0.04629550271550316,0.3600521153240779,0.45264312075508417,Habitat Area (fraction below monthly threshold),Spring Habitat Compression Index over 30-35.5N,nan,nan,0.0,14.0
2020,2020,0.4010875340864943,0.022623831282411525,0.37846370280408276,0.4237113653689058,Habitat Area (fraction below monthly threshold),Spring Habitat Compression Index over 30-35.5N,nan,nan,0.0,14.0
2021,2021,0.5027315695309422,0.01772216861182857,0.48500940091911365,0.5204537381427707,Habitat Area (fraction below monthly threshold),Spring Habitat Compression Index over 30-35.5N,nan,nan,0.0,14.0
2022,2022,0.5004165955612979,0.03722112647244021,0.4631954690888577,0.5376377220337382,Habitat Area (fraction below monthly threshold),Spring Habitat Compression Index over 30-35.5N,nan,nan,0.0,14.0
2023,2023,0.6051789364527983,0.08238010020355918,0.5227988362492391,0.6875590366563575,Habitat Area (fraction below monthly threshold),Spring Habitat Compression Index over 30-35.5N,nan,nan,0.0,14.0
2024,2024,0.5220888748327192,0.045422086800844495,0.4766667880318747,0.5675109616335636,Habitat Area (fraction below monthly threshold),Spring Habitat Compression Index over 30-35.5N,nan,nan,0.0,14.0
2025,2025,0.5005413454641813,0.05933907710237797,0.4412022683618033,0.5598804225665592,Habitat Area (fraction below monthly threshold),Spring Habitat Compression Index over 30-35.5N,nan,nan,0.0,14.0
2026,2026,0.1536384969339454,0.1310274669893802,0.02261102994456521,0.2846659639233256,Habitat Area (fraction below monthly threshold),Spring Habitat Compression Index over 30-35.5N,nan,nan,0.0,14.0
1980,1980,0.48909220621091,0.03595013720373284,0.45314206900717713,0.5250423434146428,Habitat Area (fraction below monthly threshold),Summer Habitat Compression Index over 30-35.5N,nan,nan,0.0,15.0
1981,1981,0.40276604030659374,0.05462687594309884,0.3481391643634949,0.4573929162496926,Habitat Area (fraction below monthly threshold),Summer Habitat Compression Index over 30-35.5N,nan,nan,0.0,15.0
1982,1982,0.5800848233739563,0.1200842400445863,0.46000058332937,0.7001690634185426,Habitat Area (fraction below monthly threshold),Summer Habitat Compression Index over 30-35.5N,nan,nan,0.0,15.0
1983,1983,0.345246019842248,0.10946766581384174,0.23577835402840627,0.4547136856560897,Habitat Area (fraction below monthly threshold),Summer Habitat Compression Index over 30-35.5N,nan,nan,0.0,15.0
1984,1984,0.2750328118432431,0.09798890697200317,0.1770439048712399,0.37302171881524626,Habitat Area (fraction below monthly threshold),Summer Habitat Compression Index over 30-35.5N,nan,nan,0.0,15.0
1985,1985,0.4357972680742041,0.010850355597991171,0.4249469124762129,0.4466476236721953,Habitat Area (fraction below monthly threshold),Summer Habitat Compression Index over 30-35.5N,nan,nan,0.0,15.0
1986,1986,0.5083105822563225,0.04239125404341935,0.46591932821290316,0.5507018362997419,Habitat Area (fraction below monthly threshold),Summer Habitat Compression Index over 30-35.5N,nan,nan,0.0,15.0
1987,1987,0.5793122451870885,0.13369677254536722,0.44561547264172124,0.7130090177324557,Habitat Area (fraction below monthly threshold),Summer Habitat Compression Index over 30-35.5N,nan,nan,0.0,15.0
1988,1988,0.4813561795499646,0.021821319979467596,0.459534859570497,0.5031774995294322,Habitat Area (fraction below monthly threshold),Summer Habitat Compression Index over 30-35.5N,nan,nan,0.0,15.0
1989,1989,0.4808154948406916,0.01467088158067081,0.46614461326002077,0.4954863764213624,Habitat Area (fraction below monthly threshold),Summer Habitat Compression Index over 30-35.5N,nan,nan,0.0,15.0
1990,1990,0.4194062339011935,0.018466699111028325,0.4009395347901652,0.43787293301222185,Habitat Area (fraction below monthly threshold),Summer Habitat Compression Index over 30-35.5N,nan,nan,0.0,15.0
1991,1991,0.8533207327745215,0.03830865202635893,0.8150120807481626,0.8916293848008804,Habitat Area (fraction below monthly threshold),Summer Habitat Compression Index over 30-35.5N,nan,nan,0.0,15.0
1992,1992,0.3662565662314141,0.028558285021314054,0.33769828121010004,0.3948148512527282,Habitat Area (fraction below monthly threshold),Summer Habitat Compression Index over 30-35.5N,nan,nan,0.0,15.0
1993,1993,0.46089020900768696,0.08824162131806153,0.37264858768962544,0.5491318303257485,Habitat Area (fraction below monthly threshold),Summer Habitat Compression Index over 30-35.5N,nan,nan,0.0,15.0
1994,1994,0.4570281283707058,0.039010863390847,0.4180172649798588,0.49603899176155275,Habitat Area (fraction below monthly threshold),Summer Habitat Compression Index over 30-35.5N,nan,nan,0.0,15.0
1995,1995,0.4347227944127034,0.018140373816923436,0.41658242059577993,0.45286316822962686,Habitat Area (fraction below monthly threshold),Summer Habitat Compression Index over 30-35.5N,nan,nan,0.0,15.0
1996,1996,0.4199214594660534,0.006735839636328735,0.4131856198297247,0.42665729910238215,Habitat Area (fraction below monthly threshold),Summer Habitat Compression Index over 30-35.5N,nan,nan,0.0,15.0
1997,1997,0.2967517245240889,0.07471233634611553,0.22203938817797336,0.3714640608702044,Habitat Area (fraction below monthly threshold),Summer Habitat Compression Index over 30-35.5N,nan,nan,0.0,15.0
1998,1998,0.3981794037774113,0.02968551784428539,0.3684938859331259,0.4278649216216967,Habitat Area (fraction below monthly threshold),Summer Habitat Compression Index over 30-35.5N,nan,nan,0.0,15.0
1999,1999,0.6487154369466587,0.10093463330805699,0.5477808036386017,0.7496500702547156,Habitat Area (fraction below monthly threshold),Summer Habitat Compression Index over 30-35.5N,nan,nan,0.0,15.0
2000,2000,0.43057588276943876,0.014305257380950237,0.4162706253884885,0.444881140150389,Habitat Area (fraction below monthly threshold),Summer Habitat Compression Index over 30-35.5N,nan,nan,0.0,15.0
2001,2001,0.5424121824117147,0.0765370046105181,0.46587517780119664,0.6189491870222328,Habitat Area (fraction below monthly threshold),Summer Habitat Compression Index over 30-35.5N,nan,nan,0.0,15.0
2002,2002,0.6228523757784894,0.05802213375095626,0.5648302420275332,0.6808745095294456,Habitat Area (fraction below monthly threshold),Summer Habitat Compression Index over 30-35.5N,nan,nan,0.0,15.0
2003,2003,0.4498017283730927,0.028816140546869564,0.42098558782622314,0.4786178689199622,Habitat Area (fraction below monthly threshold),Summer Habitat Compression Index over 30-35.5N,nan,nan,0.0,15.0
2004,2004,0.4326360766886454,0.034518512295177314,0.39811756439346807,0.4671545889838227,Habitat Area (fraction below monthly threshold),Summer Habitat Compression Index over 30-35.5N,nan,nan,0.0,15.0
2005,2005,0.5312243785459302,0.039879581100968155,0.491344797444962,0.5711039596468983,Habitat Area (fraction below monthly threshold),Summer Habitat Compression Index over 30-35.5N,nan,nan,0.0,15.0
2006,2006,0.42633725117371046,0.04736908910780913,0.37896816206590134,0.4737063402815196,Habitat Area (fraction below monthly threshold),Summer Habitat Compression Index over 30-35.5N,nan,nan,0.0,15.0
2007,2007,0.48287478967000386,0.04549442429610278,0.43738036537390107,0.5283692139661066,Habitat Area (fraction below monthly threshold),Summer Habitat Compression Index over 30-35.5N,nan,nan,0.0,15.0
2008,2008,0.4185382505864011,0.011808324708229869,0.40672992587817125,0.43034657529463094,Habitat Area (fraction below monthly threshold),Summer Habitat Compression Index over 30-35.5N,nan,nan,0.0,15.0
2009,2009,0.4613556312295022,0.0586197606585956,0.4027358705709066,0.5199753918880978,Habitat Area (fraction below monthly threshold),Summer Habitat Compression Index over 30-35.5N,nan,nan,0.0,15.0
2010,2010,0.9409830783179252,0.010263660785831253,0.9307194175320939,0.9512467391037565,Habitat Area (fraction below monthly threshold),Summer Habitat Compression Index over 30-35.5N,nan,nan,0.0,15.0
2011,2011,0.7262739493457988,0.15398160482272408,0.5722923445230748,0.8802555541685229,Habitat Area (fraction below monthly threshold),Summer Habitat Compression Index over 30-35.5N,nan,nan,0.0,15.0
2012,2012,0.5159172177501387,0.11454762065514398,0.40136959709499465,0.6304648384052827,Habitat Area (fraction below monthly threshold),Summer Habitat Compression Index over 30-35.5N,nan,nan,0.0,15.0
2013,2013,0.5098283330546993,0.07053348677037202,0.4392948462843273,0.5803618198250713,Habitat Area (fraction below monthly threshold),Summer Habitat Compression Index over 30-35.5N,nan,nan,0.0,15.0
2014,2014,0.2848113002257839,0.02375520751645614,0.2610560927093277,0.30856650774224004,Habitat Area (fraction below monthly threshold),Summer Habitat Compression Index over 30-35.5N,nan,nan,0.0,15.0
2015,2015,0.1546720978677548,0.06348372919614971,0.09118836867160508,0.21815582706390452,Habitat Area (fraction below monthly threshold),Summer Habitat Compression Index over 30-35.5N,nan,nan,0.0,15.0
2016,2016,0.3999659222731377,0.013558239811649716,0.386407682461488,0.41352416208478743,Habitat Area (fraction below monthly threshold),Summer Habitat Compression Index over 30-35.5N,nan,nan,0.0,15.0
2017,2017,0.4230606093768971,0.00661003761443336,0.41645057176246375,0.42967064699133045,Habitat Area (fraction below monthly threshold),Summer Habitat Compression Index over 30-35.5N,nan,nan,0.0,15.0
2018,2018,0.37527982007778143,0.02560382060646708,0.34967599947131434,0.40088364068424853,Habitat Area (fraction below monthly threshold),Summer Habitat Compression Index over 30-35.5N,nan,nan,0.0,15.0
2019,2019,0.48274150537563704,0.03842913764591727,0.44431236772971977,0.5211706430215544,Habitat Area (fraction below monthly threshold),Summer Habitat Compression Index over 30-35.5N,nan,nan,0.0,15.0
2020,2020,0.43266104679951534,0.04365193333766069,0.3890091134618546,0.47631298013717605,Habitat Area (fraction below monthly threshold),Summer Habitat Compression Index over 30-35.5N,nan,nan,0.0,15.0
2021,2021,0.4591211376134237,0.025965805090835552,0.43315533252258814,0.4850869427042593,Habitat Area (fraction below monthly threshold),Summer Habitat Compression Index over 30-35.5N,nan,nan,0.0,15.0
2022,2022,0.4136845524757455,0.06723684353886877,0.3464477089368767,0.48092139601461426,Habitat Area (fraction below monthly threshold),Summer Habitat Compression Index over 30-35.5N,nan,nan,0.0,15.0
2023,2023,0.49919294840668726,0.05099104506396666,0.4482019033427206,0.5501839934706539,Habitat Area (fraction below monthly threshold),Summer Habitat Compression Index over 30-35.5N,nan,nan,0.0,15.0
2024,2024,0.4852323965504785,0.011168024241325026,0.4740643723091535,0.4964004207918035,Habitat Area (fraction below monthly threshold),Summer Habitat Compression Index over 30-35.5N,nan,nan,0.0,15.0
2025,2025,0.44538203562398393,0.053844556793969704,0.3915374788300142,0.49922659241795364,Habitat Area (fraction below monthly threshold),Summer Habitat Compression Index over 30-35.5N,nan,nan,0.0,15.0
1980,1980,0.5206238998770333,0.07108621343682592,0.44953768644020736,0.5917101133138591,Habitat Area (fraction below monthly threshold),Fall Habitat Compression Index over 30-35.5N,nan,nan,0.0,16.0
1981,1981,0.4988703917662219,0.02723510316580495,0.4716352886004169,0.5261054949320269,Habitat Area (fraction below monthly threshold),Fall Habitat Compression Index over 30-35.5N,nan,nan,0.0,16.0
1982,1982,0.37107034589635385,0.04104656768693347,0.33002377820942036,0.41211691358328734,Habitat Area (fraction below monthly threshold),Fall Habitat Compression Index over 30-35.5N,nan,nan,0.0,16.0
1983,1983,0.1863123350567845,0.1433115917081191,0.04300074334866538,0.3296239267649036,Habitat Area (fraction below monthly threshold),Fall Habitat Compression Index over 30-35.5N,nan,nan,0.0,16.0
1984,1984,0.5369290714578712,0.12505533521120205,0.4118737362466691,0.6619844066690732,Habitat Area (fraction below monthly threshold),Fall Habitat Compression Index over 30-35.5N,nan,nan,0.0,16.0
1985,1985,0.5605252176330255,0.1534633814830534,0.40706183614997216,0.7139885991160789,Habitat Area (fraction below monthly threshold),Fall Habitat Compression Index over 30-35.5N,nan,nan,0.0,16.0
1986,1986,0.3278360136757504,0.09564677665426685,0.23218923702148353,0.42348279033001723,Habitat Area (fraction below monthly threshold),Fall Habitat Compression Index over 30-35.5N,nan,nan,0.0,16.0
1987,1987,0.38416929028069235,0.10162354899605142,0.28254574128464094,0.48579283927674377,Habitat Area (fraction below monthly threshold),Fall Habitat Compression Index over 30-35.5N,nan,nan,0.0,16.0
1988,1988,0.647800856460205,0.1436705617462047,0.5041302947140003,0.7914714182064098,Habitat Area (fraction below monthly threshold),Fall Habitat Compression Index over 30-35.5N,nan,nan,0.0,16.0
1989,1989,0.3800583086270081,0.10521505949884967,0.27484324912815844,0.4852733681258578,Habitat Area (fraction below monthly threshold),Fall Habitat Compression Index over 30-35.5N,nan,nan,0.0,16.0
1990,1990,0.3704351738382319,0.030494978114769374,0.3399401957234625,0.40093015195300125,Habitat Area (fraction below monthly threshold),Fall Habitat Compression Index over 30-35.5N,nan,nan,0.0,16.0
1991,1991,0.5051854950162227,0.04308575315715815,0.46209974185906455,0.5482712481733808,Habitat Area (fraction below monthly threshold),Fall Habitat Compression Index over 30-35.5N,nan,nan,0.0,16.0
1992,1992,0.2760740250438511,0.05897957948955778,0.2170944455542933,0.3350536045334089,Habitat Area (fraction below monthly threshold),Fall Habitat Compression Index over 30-35.5N,nan,nan,0.0,16.0
1993,1993,0.33018657637791615,0.017805226713330315,0.31238134966458586,0.34799180309124644,Habitat Area (fraction below monthly threshold),Fall Habitat Compression Index over 30-35.5N,nan,nan,0.0,16.0
1994,1994,0.6383522235452057,0.13290928848687522,0.5054429350583305,0.7712615120320809,Habitat Area (fraction below monthly threshold),Fall Habitat Compression Index over 30-35.5N,nan,nan,0.0,16.0
1995,1995,0.3585581301029029,0.025868807441853263,0.3326893226610496,0.38442693754475615,Habitat Area (fraction below monthly threshold),Fall Habitat Compression Index over 30-35.5N,nan,nan,0.0,16.0
1996,1996,0.5690219335900405,0.07380472647673554,0.49521720711330497,0.642826660066776,Habitat Area (fraction below monthly threshold),Fall Habitat Compression Index over 30-35.5N,nan,nan,0.0,16.0
1997,1997,0.035272235207204704,0.04988247340524267,-0.014610238198037966,0.08515470861244737,Habitat Area (fraction below monthly threshold),Fall Habitat Compression Index over 30-35.5N,nan,nan,0.0,16.0
1998,1998,0.6385249176644608,0.17352071980913372,0.4650041978553271,0.8120456374735946,Habitat Area (fraction below monthly threshold),Fall Habitat Compression Index over 30-35.5N,nan,nan,0.0,16.0
1999,1999,0.5862542125701893,0.0942687014847901,0.4919855110853992,0.6805229140549793,Habitat Area (fraction below monthly threshold),Fall Habitat Compression Index over 30-35.5N,nan,nan,0.0,16.0
2000,2000,0.6225058845827889,0.14353873212614832,0.47896715245664057,0.7660446167089372,Habitat Area (fraction below monthly threshold),Fall Habitat Compression Index over 30-35.5N,nan,nan,0.0,16.0
2001,2001,0.5843136009117927,0.10854846283533878,0.47576513807645393,0.6928620637471316,Habitat Area (fraction below monthly threshold),Fall Habitat Compression Index over 30-35.5N,nan,nan,0.0,16.0
2002,2002,0.5365556471552142,0.07295238223575438,0.4636032649194598,0.6095080293909686,Habitat Area (fraction below monthly threshold),Fall Habitat Compression Index over 30-35.5N,nan,nan,0.0,16.0
2003,2003,0.5104101677639865,0.0369800755068799,0.47343009225710664,0.5473902432708664,Habitat Area (fraction below monthly threshold),Fall Habitat Compression Index over 30-35.5N,nan,nan,0.0,16.0
2004,2004,0.47010996403357436,0.020235993441632145,0.44987397059194223,0.4903459574752065,Habitat Area (fraction below monthly threshold),Fall Habitat Compression Index over 30-35.5N,nan,nan,0.0,16.0
2005,2005,0.5939181137227525,0.04551934175521382,0.5483987719675387,0.6394374554779663,Habitat Area (fraction below monthly threshold),Fall Habitat Compression Index over 30-35.5N,nan,nan,0.0,16.0
2006,2006,0.4571723253520401,0.03543581209281116,0.42173651325922895,0.49260813744485127,Habitat Area (fraction below monthly threshold),Fall Habitat Compression Index over 30-35.5N,nan,nan,0.0,16.0
2007,2007,0.6560969337382171,0.07636633588224971,0.5797305978559674,0.7324632696204668,Habitat Area (fraction below monthly threshold),Fall Habitat Compression Index over 30-35.5N,nan,nan,0.0,16.0
2008,2008,0.5080435819645319,0.04598388955176991,0.462059692412762,0.5540274715163018,Habitat Area (fraction below monthly threshold),Fall Habitat Compression Index over 30-35.5N,nan,nan,0.0,16.0
2009,2009,0.5062276011880077,0.0586675927024306,0.4475600084855771,0.5648951938904383,Habitat Area (fraction below monthly threshold),Fall Habitat Compression Index over 30-35.5N,nan,nan,0.0,16.0
2010,2010,0.7497198256661407,0.08289919898212103,0.6668206266840196,0.8326190246482618,Habitat Area (fraction below monthly threshold),Fall Habitat Compression Index over 30-35.5N,nan,nan,0.0,16.0
2011,2011,0.7326675599395136,0.023433357587875604,0.709234202351638,0.7561009175273892,Habitat Area (fraction below monthly threshold),Fall Habitat Compression Index over 30-35.5N,nan,nan,0.0,16.0
2012,2012,0.3660448573031497,0.03820300591802885,0.32784185138512084,0.4042478632211785,Habitat Area (fraction below monthly threshold),Fall Habitat Compression Index over 30-35.5N,nan,nan,0.0,16.0
2013,2013,0.4490258780107442,0.018911266179114844,0.43011461183162936,0.467937144189859,Habitat Area (fraction below monthly threshold),Fall Habitat Compression Index over 30-35.5N,nan,nan,0.0,16.0
2014,2014,0.06468139820287197,0.05190431117456961,0.01277708702830236,0.11658570937744159,Habitat Area (fraction below monthly threshold),Fall Habitat Compression Index over 30-35.5N,nan,nan,0.0,16.0
2015,2015,0.14313158027394107,0.09467975168961822,0.048451828584322856,0.2378113319635593,Habitat Area (fraction below monthly threshold),Fall Habitat Compression Index over 30-35.5N,nan,nan,0.0,16.0
2016,2016,0.3960039387587142,0.04681368823215935,0.34919025052655484,0.44281762699087357,Habitat Area (fraction below monthly threshold),Fall Habitat Compression Index over 30-35.5N,nan,nan,0.0,16.0
2017,2017,0.33704682635636396,0.020659164918088044,0.3163876614382759,0.357705991274452,Habitat Area (fraction below monthly threshold),Fall Habitat Compression Index over 30-35.5N,nan,nan,0.0,16.0
2018,2018,0.22700128203862455,0.06685865405027883,0.16014262798834572,0.2938599360889034,Habitat Area (fraction below monthly threshold),Fall Habitat Compression Index over 30-35.5N,nan,nan,0.0,16.0
2019,2019,0.4098870961682158,0.012879327038829918,0.39700776912938585,0.4227664232070457,Habitat Area (fraction below monthly threshold),Fall Habitat Compression Index over 30-35.5N,nan,nan,0.0,16.0
2020,2020,0.3967775173740691,0.14972683382215288,0.2470506835519162,0.546504351196222,Habitat Area (fraction below monthly threshold),Fall Habitat Compression Index over 30-35.5N,nan,nan,0.0,16.0
2021,2021,0.5295481728001156,0.04717793561574912,0.48237023718436645,0.5767261084158647,Habitat Area (fraction below monthly threshold),Fall Habitat Compression Index over 30-35.5N,nan,nan,0.0,16.0
2022,2022,0.5136745408195756,0.10378581660754936,0.40988872421202627,0.617460357427125,Habitat Area (fraction below monthly threshold),Fall Habitat Compression Index over 30-35.5N,nan,nan,0.0,16.0
2023,2023,0.3073885974796032,0.09079511049505638,0.21659348698454678,0.3981837079746596,Habitat Area (fraction below monthly threshold),Fall Habitat Compression Index over 30-35.5N,nan,nan,0.0,16.0
2024,2024,0.6203871949923775,0.07754562254420659,0.5428415724481709,0.6979328175365841,Habitat Area (fraction below monthly threshold),Fall Habitat Compression Index over 30-35.5N,nan,nan,0.0,16.0
2025,2025,0.298254870934585,0.10850260928832281,0.18975226164626222,0.4067574802229078,Habitat Area (fraction below monthly threshold),Fall Habitat Compression Index over 30-35.5N,nan,nan,0.0,16.0
